titles,abstracts,categories,entry_ids,pdf_url,published,authors,primary_category
Network exploration by random walks: A large deviation perspective,"We study exploration properties of a random walk on a network. For a fully connected network we find that the problem can be mapped to the well known coupon collector problem, thus allowing us to estimate form of $P(S,t)$: the distribution of number of distinct nodes $S$ visited by the random walk upto time $t$. From a practical point of view, however, both the fully connected network and hops taking place after fixed intervals are an idealization. We solve this problem by introducing the formalism of continuous time random walks wherein the random walk spends a random amount of time a node before hopping to its neighboring node. The formalism allows us to study the large deviation limit of $P(S,t)$ under very mild conditions that the distribution of waiting times $ψ(τ)$ exhibits analyticity at small times. Furthermore, we find that at small times, the properties of $P(S,t)$ are largely independent of the network topology, and are governed solely by the waiting time characteristics.",['physics.soc-ph'],http://arxiv.org/abs/2604.20829v1,https://arxiv.org/pdf/2604.20829v1,22/04/2026-17:56:26,"['Sarvesh K. Upadhyay', 'Trifce Sandev', 'Sanjay Kumar', 'R. K. Singh']",physics.soc-ph
From Meme to Method: Rethinking Animal Adoption Platforms through the Cat Distribution System,"The internet folklore of the Cat Distribution System (CDS) humorously suggests that cats are ""assigned"" to people rather than intentionally sought. Beyond its playful origins, CDS reflects a culturally resonant way people perceive and engage in adoption, and this user context can guide the redesign and improvement of adoption systems. In the Philippines, where an estimated 13.11 million stray cats and dogs place the country sixth worldwide in overpopulation, this framing offers a novel way to rethink adoption platforms. We developed a prototype application inspired by CDS principles, focusing on features such as algorithmic matchmaking, community reporting, and proximity-based discovery. An initial evaluation with potential users (n=35) indicated that the system was positively received for its ease of use and its alignment with users' intuitive expectations, though participants highlighted areas for improvement in transparency of matchmaking and owner-adopter communication. The findings suggest that culturally embedded metaphors like CDS can shape mental models, making adoption processes feel more serendipitous and less transactional.",['cs.HC'],http://arxiv.org/abs/2604.20823v1,https://arxiv.org/pdf/2604.20823v1,22/04/2026-17:47:53,"['Carl Angelo Angcana', 'Jamlech Iram Gojo Cruz']",cs.HC
Autonomous Emergence of Hamiltonian in Deep Generative Models,"The unprecedented predictive success of deep generative models in complex many-body systems, such as AlphaFold3, raises an epistemological question: do these networks merely memorize data distributions via high-dimensional interpolation, or do they autonomously deduce the underlying physical laws? To address this, we introduce a rigorous algebraic framework to extract the implicit physical interactions learned by generative models. By establishing an exact equivalence between the zero-noise limit of a Riemannian diffusion score field and the thermodynamic restoring force, we utilize the trained neural network as a direct force estimator. Applying this framework to a sequence-dependent, frustrated 1D $O(3)$ spin glass, we probe the latent representations of an $O(3)$-equivariant attention architecture trained solely on thermal equilibrium snapshots. Without incorporating any energetic priors, an overdetermined linear inversion successfully recovers the microscopic Hamiltonian parameters of the spin system. The inferred Hamiltonian parameters exhibit a $99.7\%$ cosine similarity with the ground-truth interaction parameters. Furthermore, these sparse local parameters alone are sufficient to explain $87\%$ of the variance in the continuous force field predicted by the network. Our results provide quantitative, falsifiable evidence that deep generative architectures do not merely perform statistical pattern matching, but autonomously discover and internalize the underlying physical rules.","['cond-mat.dis-nn', 'cond-mat.stat-mech']",http://arxiv.org/abs/2604.20821v1,https://arxiv.org/pdf/2604.20821v1,22/04/2026-17:46:35,"['Wenjie Xi', 'Wei-Qiang Chen']",cond-mat.dis-nn
Rigorous High-Order Hausdorff Dimension Estimation of Limit Sets of Continued Fraction Iterated Function Systems via B-Splines,"We develop a method for the rigorous estimation of Hausdorff dimensions of limit sets produced by continued fraction iterated function systems. Our method is based on the approximation of a Perron-Frobenius operator using the finite element method with B-splines as the choice of basis functions. This choice provides key numerical advantages including higher-order convergence and computational flexibility. We prove an analogue of Falk and Nussbaum's result on ""hidden positivity"" for B-spline quasi-interpolants to give rigorous upper and lower bounds for the Hausdorff dimensions of various limit sets. We provide numerical results to verify both the rigor and higher-order convergence of our method for quadratic B-spline interpolants in one and two dimensions.",['math.NA'],http://arxiv.org/abs/2604.20812v1,https://arxiv.org/pdf/2604.20812v1,22/04/2026-17:43:50,['Jacob Brown'],math.NA
Diagnosing CFG Interpretation in LLMs,"As LLMs are increasingly integrated into agentic systems, they must adhere to dynamically defined, machine-interpretable interfaces. We evaluate LLMs as in-context interpreters: given a novel context-free grammar, can LLMs generate syntactically valid, behaviorally functional, and semantically faithful outputs? We introduce RoboGrid, a framework that disentangles syntax, behavior, and semantics through controlled stress-tests of recursion depth, expression complexity, and surface styles. Our experiments reveal a consistent hierarchical degradation: LLMs often maintain surface syntax but fail to preserve structural semantics. Despite the partial mitigation provided by CoT reasoning, performance collapses under structural density, specifically deep recursion and high branching, with semantic alignment vanishing at extreme depths. Furthermore, ""Alien"" lexicons reveal that LLMs rely on semantic bootstrapping from keywords rather than pure symbolic induction. These findings pinpoint critical gaps in hierarchical state-tracking required for reliable, grammar-agnostic agents.",['cs.AI'],http://arxiv.org/abs/2604.20811v1,https://arxiv.org/pdf/2604.20811v1,22/04/2026-17:43:05,"['Hanqi Li', 'Lu Chen', 'Kai Yu']",cs.AI
LEXIS: LatEnt ProXimal Interaction Signatures for 3D HOI from an Image,"Reconstructing 3D Human-Object Interaction from an RGB image is essential for perceptive systems. Yet, this remains challenging as it requires capturing the subtle physical coupling between the body and objects. While current methods rely on sparse, binary contact cues, these fail to model the continuous proximity and dense spatial relationships that characterize natural interactions. We address this limitation via InterFields, a representation that encodes dense, continuous proximity across the entire body and object surfaces. However, inferring these fields from single images is inherently ill-posed. To tackle this, our intuition is that interaction patterns are characteristically structured by the action and object geometry. We capture this structure in LEXIS, a novel discrete manifold of interaction signatures learned via a VQ-VAE. We then develop LEXIS-Flow, a diffusion framework that leverages LEXIS signatures to estimate human and object meshes alongside their InterFields. Notably, these InterFields help in a guided refinement that ensures physically-plausible, proximity-aware reconstructions without requiring post-hoc optimization. Evaluation on Open3DHOI and BEHAVE shows that LEXIS-Flow significantly outperforms existing SotA baselines in reconstruction, contact, and proximity quality. Our approach not only improves generalization but also yields reconstructions perceived as more realistic, moving us closer to holistic 3D scene understanding. Code & models will be public at https://anticdimi.github.io/lexis.","['cs.CV', 'cs.LG']",http://arxiv.org/abs/2604.20800v1,https://arxiv.org/pdf/2604.20800v1,22/04/2026-17:27:13,"['Dimitrije Antić', 'Alvaro Budria', 'George Paschalidis', 'Sai Kumar Dwivedi', 'Dimitrios Tzionas']",cs.CV
A Hough transform approach to safety-aware scalar field mapping using Gaussian Processes,"This paper presents a framework for mapping unknown scalar fields using a sensor-equipped autonomous robot operating in unsafe environments. The unsafe regions are defined as regions of high-intensity, where the field value exceeds a predefined safety threshold. For safe and efficient mapping of the scalar field, the sensor-equipped robot must avoid high-intensity regions during the measurement process. In this paper, the scalar field is modeled as a sample from a Gaussian process (GP), which enables Bayesian inference and provides closed-form expressions for both the predictive mean and the uncertainty. Concurrently, the spatial structure of the high-intensity regions is estimated in real-time using the Hough transform (HT), leveraging the evolving GP posterior. A safe sampling strategy is then employed to guide the robot towards safe measurement locations, using probabilistic safety guarantees on the evolving GP posterior. The estimated high-intensity regions also facilitate the design of safe motion plans for the robot. The effectiveness of the approach is verified through two numerical simulation studies and an indoor experiment for mapping a light-intensity field using a wheeled mobile robot.",['cs.RO'],http://arxiv.org/abs/2604.20799v1,https://arxiv.org/pdf/2604.20799v1,22/04/2026-17:27:08,"['Muzaffar Qureshi', 'Trivikram Satharasi', 'Tochukwu E. Ogri', 'Kyle Volle', 'Rushikesh Kamalapurkar']",cs.RO
Magnetic uncertainty in variable geometry,"In this paper, we study Hardy-type uncertainty principles and unique continuation properties for linear covariant Schrodinger equations with variable coefficients in the presence of bounded electric and magnetic potentials. Under suitable smallness assumptions on the leading coefficients, we prove that any solution exhibiting super-quadratic exponential decay at two distinct times must vanish identically. Under an additional structural assumption on the coefficient matrix $G$, we further establish a Hardy-type result at the quadratic exponential scale. We also obtain an analogous uniqueness result for the heat equation with variable-coefficient magnetic perturbations.
  Our results unify and extend previous works in two directions: they recover the constant-coefficient covariant case treated by Barcelo-Fanelli-Gutierrez-Ruiz-Vilela when $G=I$, and the variable-coefficient non-magnetic case considered by Federico-Li-Yu when $A=0$. The proofs combine logarithmic convexity arguments with Carleman estimates adapted to variable-coefficient covariant Schrödinger and parabolic flows. Although our approach follows the general strategy introduced by Escauriaza-Kenig-Ponce-Vega, substantial new difficulties arise from the interaction between the variable metric and the magnetic structure, which requires new weight functions and refined commutator estimates.",['math.AP'],http://arxiv.org/abs/2604.20794v1,https://arxiv.org/pdf/2604.20794v1,22/04/2026-17:19:38,"['Luca Fanelli', 'Yilin Song', 'Ying Wang', 'Jiqiang Zheng', 'Ruihan Zhou']",math.AP
Efficient simulation of noisy IQP circuits with amplitude-damping noise,"Efficient classical simulation of noisy intermediate-scale quantum (NISQ) circuits has been a topic of intense study over the past few years. The majority of results on efficient simulation assume that the circuits undergo some variant of unital noise or involve sufficient randomness. However, there are limited results for circuits undergoing non-unital noise in the absence of randomness. In this work, we present a polynomial-time classical algorithm to sample from the output distributions of amplitude-damped instantaneous quantum polynomial (IQP) circuits. Our algorithm works for circuits generated by arbitrary $l$-local diagonal gates with depth $d = Ω(\log(n))$, undergoing constant amplitude-damping noise.",['quant-ph'],http://arxiv.org/abs/2604.05036v2,https://arxiv.org/pdf/2604.05036v2,06/04/2026-18:00:04,"['Shravan Shravan', 'Mohsin Raza', 'Ariel Shlosberg']",quant-ph
Efficient Multi-Cohort Inference for Long-Term Effects and Lifetime Value in A/B Testing with User Learning,"In streaming platforms churn is extremely costly, yet A/B tests are typically evaluated using outcomes observed within a limited experimental horizon. Even when both short- and predicted long-term engagement metrics are considered, they may fail to capture how a treatment affects users' retention. Consequently, an intervention may appear beneficial in the short term and neutral in the long term while still generating lower total value than the control due to users churn.
  To address this limitation, we introduce a method that estimates long-term treatment effects (LTE) and residual lifetime value change ($ΔERLV$) in short multi-cohort A/B tests under user learning. To estimate time-varying treatment effects efficiently, we introduce an inverse-variance weighted estimator that combines multiple cohorts estimates, reducing variance relative to standard approaches in the literature. The estimated treatment trajectory is then modeled as a parametric decay to recover both the asymptotic treatment effect and the cumulative value generated over time.
  Our framework enables simultaneous evaluation of steady-state impact and residual user value within a single experiment. Empirical results show improved precision in estimating LTE and $ΔERLV$ and identify scenarios in which relying on either short-term or long-term metrics alone would lead to incorrect product decisions.",['cs.LG'],http://arxiv.org/abs/2604.20777v1,https://arxiv.org/pdf/2604.20777v1,22/04/2026-17:05:11,"['Dario Simionato', 'Andrea Tonon', 'Mingxue Wang', 'Weiguo Wang', 'Tong Gui', 'Xiaoyue Li']",cs.LG
Relative Entropy Estimation in Function Space: Theory and Applications to Trajectory Inference,"Trajectory Inference (TI) seeks to recover latent dynamical processes from snapshot data, where only independent samples from time-indexed marginals are observed. In applications such as single-cell genomics, destructive measurements make path-space laws non-identifiable from finitely many marginals, leaving held-out marginal prediction as the dominant but limited evaluation protocol. We introduce a general framework for estimating the Kullback-Leibler divergence (KL) divergence between probability measures on function space, yielding a tractable, data-driven estimator that is scalable to realistic snapshot datasets. We validate the accuracy of our estimator on a benchmark suite, where the estimated functional KL closely matches the analytic KL. Applying this framework to synthetic and real scRNA-seq datasets, we show that current evaluation metrics often give inconsistent assessments, whereas path-space KL enables a coherent comparison of trajectory inference methods and exposes discrepancies in inferred dynamics, especially in regions with sparse or missing data. These results support functional KL as a principled criterion for evaluating trajectory inference under partial observability.",['cs.LG'],http://arxiv.org/abs/2604.20775v1,https://arxiv.org/pdf/2604.20775v1,22/04/2026-17:03:49,"['Chao Wang', 'Luca Nepote', 'Giulio Franzese', 'Pietro Michiardi']",cs.LG
Accurate Frequency Response Modeling in Integrated T&D Co-Simulation via EWMA-RTTA-Based Quadratic Extrapolation,"The large-scale integration of inverter-based resources (IBRs), particularly distributed photovoltaics (DPVs), into distribution networks increases the need for integrated transmission and distribution (T&D) co-simulation. A key challenge in such co-simulation lies in accurately modeling system frequency across two asynchronous simulation environments. For example, the transmission system, simulated in the phasor domain, can operate with a simulation timestep of 10 ms, while the distribution system, simulated in the electromagnetic transient domain (EMT) to include IBR models, uses a much finer timestep of 100 microseconds. To ensure accurate PLL-based frequency estimation in distribution systems, it is essential to predict voltage magnitude and phase angle variations within the 10 ms transmission intervals, rather than using constant values that cause inaccurate frequency calculations. This issue becomes particularly critical when modeling primary and secondary frequency response services provided by IBRs. To address this challenge, we propose an automated Exponentially Weighted Moving Average Real-Time Threshold Adaptation (EWMA-RTTA) method, which utilizes Quadratic Extrapolation to predict voltage magnitude and phase angle trends more precisely. The proposed method is validated using two Opal-RT simulators: one simulating an IEEE 118-bus transmission system and the other simulating an IEEE 123-bus distribution network. Simulation results demonstrate that our approach improves the normalized mean absolute error (nMAE) by a factor of 25.7 compared to methods that do not account for time mismatches, offering a scalable and accurate solution for modeling IBR-based frequency response in modern power systems.",['eess.SY'],http://arxiv.org/abs/2604.20773v1,https://arxiv.org/pdf/2604.20773v1,22/04/2026-17:01:30,"['Jong Ha Woo', 'Qi Xiao', 'Yu Ma', 'Zishuo Yang', 'Victor Daldegan Paduani', 'Ning Lu']",eess.SY
Repeated Matching Games: An Empirical Framework,"We introduce a model of dynamic matching with transferable utility, extending the static model of Shapley and Shubik (1971). Forward-looking agents have individual states that evolve with current matches. Each period, a matching market with market-clearing prices takes place. We prove the existence of an equilibrium with time-varying distributions of agent types and show it is the solution to a social planner's problem. We also prove that a stationary equilibrium exists. We introduce econometric shocks to account for unobserved heterogeneity in match formation. We propose two algorithms to compute a stationary equilibrium. We adapt both algorithms for estimation. We estimate a model of accumulation of job-specific human capital using data on Swedish engineers.",['econ.EM'],http://arxiv.org/abs/2510.02737v2,https://arxiv.org/pdf/2510.02737v2,03/10/2025-05:36:37,"['Pauline Corblet', 'Jeremy Fox', 'Alfred Galichon']",econ.EM
A provably stable numerical method for the anisotropic diffusion equation in confined magnetic fields: Curvilinear coordinates and multi-block domains,"We present a robust and accurate numerical method for the anisotropic diffusion equation in curvilinear coordinates. This study extends the recent work [Muir et al., Computer Physics Communications, 2025] for solving the anisotropic diffusion equation in magnetic fields from Cartesian meshes to to curvilinear coordinates and complex geometries. The method uses summation by parts with simultaneous approximation terms for computing the diffusion perpendicular to field lines. The diffusion along field lines is computed using a penalty approach, similar to a simultaneous approximation term, but applied across the volume. To extend the method to complex geometry we use a multi-block approach with piecewise smooth structured meshes. That is, the domain is split into sub-grids, with locally adjacent boundaries coupled weakly using penalties. We prove the semi-discrete stability for the curvilinear implementation by deriving discrete energy estimates. The approach is verified though a number of numerical tests, which demonstrate the convergence properties of the method in multi-domain approach. Finally, we present a qualitative result generated in complex geometry and magnetic field, which is generated by the Stepped Pressure Equilibrium Code.",['math.NA'],http://arxiv.org/abs/2604.20766v1,https://arxiv.org/pdf/2604.20766v1,22/04/2026-16:51:13,"['Dean Muir', 'Kenneth Duru', 'Stuart Hudson', 'Matthew Hole']",math.NA
Personalized electric vehicle energy consumption estimation framework that integrates driver behavior with map data,"This paper presents a personalized Battery Electric Vehicle (BEV) energy consumption estimation framework that integrates map-based contextual features with driver-specific velocity prediction and physics-based energy consumption modeling. The system combines route selection, detailed road feature processing, a rule-based reference velocity generator, a PID controller-based vehicle dynamics simulator, and a Bidirectional LSTM model trained to reproduce individual driving behavior. The predicted individual-specific velocity profiles are coupled with a quasi-steady backward energy consumption model to compute tractive power, regenerative braking, and State-of-Charge (SOC) evolution. Evaluation across urban, freeway, and hilly routes demonstrates that the proposed approach captures key driver behavioral patterns such as deceleration at intersections, speed-limit tracking, and road grade-dependent responses, while producing accurate power and SOC trajectories. The results highlight the effectiveness of combining learned driver behavior with map-based context and physics-based energy consumption modeling to produce accurate, personalized BEV SOC depletion profiles.","['eess.SY', 'cs.LG']",http://arxiv.org/abs/2604.20764v1,https://arxiv.org/pdf/2604.20764v1,22/04/2026-16:49:52,"['Sreechakra Vasudeva Raju Rachavelpula', 'Sangwhan Cha']",eess.SY
"Coverage, Not Averages: Semantic Stratification for Trustworthy Retrieval Evaluation","Retrieval quality is the primary bottleneck for accuracy and robustness in retrieval-augmented generation (RAG). Current evaluation relies on heuristically constructed query sets, which introduce a hidden intrinsic bias. We formalize retrieval evaluation as a statistical estimation problem, showing that metric reliability is fundamentally limited by the evaluation-set construction. We further introduce \emph{semantic stratification}, which grounds evaluation in corpus structure by organizing documents into an interpretable global space of entity-based clusters and systematically generating queries for missing strata. This yields (1) formal semantic coverage guarantees across retrieval regimes and (2) interpretable visibility into retrieval failure modes.
  Experiments across multiple benchmarks and retrieval methods validate our framework. The results expose systematic coverage gaps, identify structural signals that explain variance in retrieval performance, and show that stratified evaluation yields more stable and transparent assessments while supporting more trustworthy decision-making than aggregate metrics.","['cs.IR', 'cs.AI', 'cs.LG']",http://arxiv.org/abs/2604.20763v1,https://arxiv.org/pdf/2604.20763v1,22/04/2026-16:49:30,"['Andrew Klearman', 'Radu Revutchi', 'Rohin Garg', 'Rishav Chakravarti', 'Samuel Marc Denton', 'Yuan Xue']",cs.IR
Rays as Pixels: Learning A Joint Distribution of Videos and Camera Trajectories,"Recovering camera parameters from images and rendering scenes from novel viewpoints have been treated as separate tasks in computer vision and graphics. This separation breaks down when image coverage is sparse or poses are ambiguous, since each task depends on what the other produces. We propose Rays as Pixels, a Video Diffusion Model (VDM) that learns a joint distribution over videos and camera trajectories. To our knowledge, this is the first model to predict camera poses and do camera-controlled video generation within a single framework. We represent each camera as dense ray pixels (raxels), a pixel-aligned encoding that lives in the same latent space as video frames, and denoise the two jointly through a Decoupled Self-Cross Attention mechanism. A single trained model handles three tasks: predicting camera trajectories from video, generating video from input images along a pre-defined trajectory, and jointly synthesizing video and trajectory from input images. We evaluate on pose estimation and camera-controlled video generation, and introduce a closed-loop self-consistency test showing that the model's predicted poses and its renderings conditioned on those poses agree. Ablations against Plücker embeddings confirm that representing cameras in a shared latent space with video is subtantially more effective.","['cs.CV', 'cs.AI', 'cs.LG']",http://arxiv.org/abs/2604.09429v3,https://arxiv.org/pdf/2604.09429v3,10/04/2026-15:47:23,"['Wonbong Jang', 'Shikun Liu', 'Soubhik Sanyal', 'Juan Camilo Perez', 'Kam Woh Ng', 'Sanskar Agrawal', 'Juan-Manuel Perez-Rua', 'Yiannis Douratsos', 'Tao Xiang']",cs.CV
Geometric Renyi Differential Privacy: Ricci Curvature Characterized by Heat Diffusion Mechanisms,"In this paper, we develop a novel privacy mechanism for Riemannian manifold-valued data. Our key contribution lies in uncovering unexpected connections among geometric analysis, heat diffusion models, and differential privacy (DP). We characterize the Renyi divergence via dimension-free Harnack inequalities on Riemannian manifolds and establish Renyi differential privacy guarantees governed by Ricci curvature. For manifolds with nonnegative Ricci curvature, we propose a mechanism based on heat diffusion. In contrast, for general manifolds we introduce a Langevin-process-based approach that yields intrinsic mechanisms supporting normalization-free sampling and continuous privacy-utility trade-offs. We derive detailed utility analyses for both mechanisms. As a statistical application, we develop privacy-preserving estimation of the generalized Frechet mean, including nontrivial sensitivity analysis and phase transition characterizations. Numerical experiments further demonstrate the advantages of the proposed DP mechanisms over existing approaches.","['stat.ML', 'stat.ME']",http://arxiv.org/abs/2604.20761v1,https://arxiv.org/pdf/2604.20761v1,22/04/2026-16:48:55,"['Xiaotian Chang', 'Yangdi Jiang', 'Cyrus Mostajeran', 'Qirui Hu']",stat.ML
How do sub-bandgap reflectors affect the performance of PV modules?,"Sub-bandgap reflectors (SBR) can reduce the temperature of photovoltaic (PV) modules by reflecting the near-infrared region of the solar spectrum with photon energies smaller than the electronic bandgap of the solar cell absorber material. We consider an ideal SBR, which reflects 100 % of non-harvestable low-energy photons but does not alter the reflectivity of the PV module for usable high-energy photons, and estimate how reducing the module temperature with the SBR affects the annual and the cumulative energy yield of silicon PV modules for six locations in North America and Europe. An ideal SBR would increase the annual energy yield between 1.0 % and 1.5 % for open-rack mounted modules and between 1.6 % and 2.4 % for close-roof mounted PV modules. Whether a non-ideal SBR provides a benefit in actual deployments strongly depends on the location and the optical properties of the coating. Beyond effects on the instantaneous power conversion efficiency and hence the annual energy yield, reducing the temperature by a SBR might also reduce the degradation and increase the overall lifetime of the PV module. By describing degradation using a simple Arrhenius approach using typical activation energies between 0.4 eV and 0.8 eV, we find that an ideal SBR increases the cumulative energy yield over 30 years between 2.2 % and 4.0 % for an open-rack mounted PV module in Princeton, New Jersey, USA.",['physics.app-ph'],http://arxiv.org/abs/2604.20757v1,https://arxiv.org/pdf/2604.20757v1,22/04/2026-16:45:23,"['Klaus Jäger', 'Jyotirmoy Mandal', 'Barry P. Rand', 'Forrest Meggers', 'Christiane Becker']",physics.app-ph
Incremental SVD Compression for Nonlinear Oldroyd Equations with General Memory Kernels,"We study mixed finite element/Crank--Nicolson discretizations of a nonlinear Oldroyd problem with general nonsingular and weakly singular memory kernels. Direct evaluation of the history term requires storing all previous velocity snapshots, which leads to $\mathcal{O}(mN)$ memory and $\mathcal{O}(mN^2)$ work over $N$ time steps, where $m$ denotes the number of spatial degrees of freedom. To reduce this burden, we compress the velocity history online by an incremental singular value decomposition and use the compressed representation in the discrete memory term. Under an approximate low-rank assumption of numerical rank $r$, the storage decreases to $\mathcal{O}((m+N)r)$, while the total history-evaluation work becomes $\mathcal{O}(mNr+rN^2)$. For nonsingular kernels, we derive a tolerance-dependent perturbation estimate showing that the baseline finite element accuracy is retained when the compression tolerance is sufficiently small. We also extend the approach to tempered weakly singular kernels via convolution quadrature. Numerical tests show near-indistinguishable solutions from the uncompressed scheme for the reported tolerances, together with substantial memory savings and reduced wall-clock time.",['math.NA'],http://arxiv.org/abs/2604.20751v1,https://arxiv.org/pdf/2604.20751v1,22/04/2026-16:42:22,"['Gang Chen', 'Yangwen Zhang', 'Dujin Zuo']",math.NA
Where and What: Reasoning Dynamic and Implicit Preferences in Situated Conversational Recommendation,"Situated conversational recommendation (SCR), which utilizes visual scenes grounded in specific environments and natural language dialogue to deliver contextually appropriate recommendations, has emerged as a promising research direction due to its close alignment with real-world scenarios. Compared to traditional recommendations, SCR requires a deeper understanding of dynamic and implicit user preferences, as the surrounding scene often influences users' underlying interests, while both may evolve across conversations. This complexity significantly impacts the timing and relevance of recommendations. To address this, we propose situated preference reasoning (SiPeR), a novel framework that integrates two core mechanisms: (1) Scene transition estimation, which estimates whether the current scene satisfies user needs, and guides the user toward a more suitable scene when necessary; and (2) Bayesian inverse inference, which leverages the likelihood of multimodal large language models (MLLMs) to predict user preferences about candidate items within the scene. Extensive experiments on two representative benchmarks demonstrate SiPeR's superiority in both recommendation accuracy and response generation quality. The code and data are available at https://github.com/DongdingLin/SiPeR.",['cs.AI'],http://arxiv.org/abs/2604.20749v1,https://arxiv.org/pdf/2604.20749v1,22/04/2026-16:39:52,"['Dongding Lin', 'Jian Wang', 'Yongqi Li', 'Wenjie Li']",cs.AI
Differential ML with a Difference,"Differential ML (Huge and Savine 2020) is a technique for training neural networks to provide fast approximations to complex simulation-based models for derivatives pricing and risk management. It uses price sensitivities calculated through pathwise adjoint differentiation to reduce pricing and hedging errors. However, for options with discontinuous payoffs, such as digital or barrier options, the pathwise sensitivities are biased, and incorporating them into the loss function can magnify errors. We consider alternative methods for estimating sensitivities and find that they can substantially reduce test errors in prices and in their sensitivities. Using differential labels calculated through the likelihood ratio method expands the scope of Differential ML to discontinuous payoffs. A hybrid method incorporates gamma estimates as well as delta estimates, providing further regularization.",['q-fin.PR'],http://arxiv.org/abs/2512.05301v2,https://arxiv.org/pdf/2512.05301v2,04/12/2025-22:38:07,"['Paul Glasserman', 'Siddharth Hemant Karmarkar']",q-fin.PR
AnatomicalNets: A Multi-Structure Segmentation and Contour-Based Distance Estimation Pipeline for Clinically Grounded Lung Cancer T-Staging,"Accurate tumor staging in lung cancer is crucial for prognosis and treatment planning and is governed by explicit anatomical criteria under fixed guidelines. However, most existing deep learning approaches treat this spatially structured clinical decision as an uninterpretable image classification problem. Tumor stage depends on predetermined quantitative criteria, including the tumor's dimensions and its proximity to adjacent anatomical structures, and small variations can alter the staging outcome. To address this gap, we propose AnatomicalNets, a medically grounded, multi-stage pipeline that reformulates tumor staging as a measurement and rule-based inference problem rather than a learned mapping. We employ three dedicated encoder-decoder networks to precisely segment the lung parenchyma, tumor, and mediastinum. The diaphragm boundary is estimated via a lung-contour heuristic, while the tumor's largest dimension and its proximity to adjacent structures are computed through a contour-based distance estimation method. These features are passed through a deterministic decision module following the international association for the study of lung cancer guidelines. Evaluated on the Lung-PET-CT-Dx dataset, AnatomicalNets achieves an overall classification accuracy of 91.36%. We report the per-stage F1-scores of 0.93 (T1), 0.89 (T2), 0.96 (T3), and 0.90 (T4), a critical evaluation aspect often omitted in prior literature. We highlight that the representational bottleneck in prior work lies in feature design rather than classifier capacity. This work establishes a transparent and reliable staging paradigm that bridges the gap between deep learning performance and clinical interpretability.","['cs.CV', 'cs.AI']",http://arxiv.org/abs/2511.19367v2,https://arxiv.org/pdf/2511.19367v2,24/11/2025-18:01:47,"['Saniah Kayenat Chowdhury', 'Rusab Sarmun', 'Muhammad E. H. Chowdhury', 'Sohaib Bassam Zoghoul', 'Israa Al-Hashimi', 'Adam Mushtak', 'Amith Khandakar']",cs.CV
SYK thermal expectations are classically easy at any temperature,"Estimating thermal expectations of local observables is a natural target for quantum advantage. We give a simple classical algorithm that approximates thermal expectations for Gibbs states of local Hamiltonians, and we show it has quasi-polynomial cost $n^{O(\log (n/ε))}$ for all temperatures above a phase transition in the free energy. For many natural models, this coincides with the entire fast-mixing, quantumly easy phase. Our results apply to the Sachdev-Ye-Kitaev (SYK) model at any constant temperature due to its absence of a phase transition -- despite its entanglement, sign problem, and polynomial quantum circuit lower bounds. Beyond SYK, we rigorously establish a universal classically easy high-temperature phase for all local, bounded-degree Hamiltonians and show that it extends to temperatures strictly colder than the death of entanglement transition.","['quant-ph', 'cs.DS']",http://arxiv.org/abs/2602.22619v2,https://arxiv.org/pdf/2602.22619v2,26/02/2026-04:48:32,"['Alexander Zlokapa', 'Bobak T. Kiani']",quant-ph
Evaluating Software Defect Prediction Models via the Area Under the ROC Curve Can Be Misleading,"Background: Receiver Operating Characteristic (ROC) curves are widely used to evaluate the performance of Software Defect Prediction (SDP) models that estimate module fault-proneness, i.e., the probability that a module is faulty. A ROC curve maps a model's performance in terms of True Positive Rate and False Positive Rate for any possible threshold set on fault-proneness. The Area Under the ROC Curve (AUC) summarizes the performance of a model across all possible thresholds. Traditionally, ROC curves completely above the bisector of the ROC space are considered better than random, and high AUC values are associated with good performance. Aim: We investigate whether these beliefs are correct, hence if SDP model evaluation based on ROC curves and AUC is reliable. Method: We decorate ROC curves by highlighting the points corresponding to threshold values. We also represent True Positive Rate and False Positive Rate as functions of the threshold. Thus, we can evaluate whether a model classifies both faulty and non-faulty modules better than the random model. Results: We show that commonly used evaluation criteria may lead to wrong conclusions. Conclusions: A high value of AUC does not guarantee that both the True Positive Rate and the False Positive Rate of a model are better than the random model's for all possible thresholds. Either decorated ROC curves or alternative representations are needed to appreciate all the relevant aspects of SDP models.",['cs.SE'],http://arxiv.org/abs/2604.20742v1,https://arxiv.org/pdf/2604.20742v1,22/04/2026-16:28:48,"['Luigi Lavazza', 'Gabriele Rotoloni', 'Sandro Morasca']",cs.SE
Fast Bayesian equipment condition monitoring via simulation based inference: applications to heat exchanger health,"Accurate condition monitoring of industrial equipment requires inferring latent degradation parameters from indirect sensor measurements under uncertainty. While traditional Bayesian methods like Markov Chain Monte Carlo (MCMC) provide rigorous uncertainty quantification, their heavy computational bottlenecks render them impractical for real-time process control. To overcome this limitation, we propose an AI-driven framework utilizing Simulation-Based Inference (SBI) powered by amortized neural posterior estimation to diagnose complex failure modes in heat exchangers. By training neural density estimators on a simulated dataset, our approach learns a direct, likelihood-free mapping from thermal-fluid observations to the full posterior distribution of degradation parameters. We benchmark this framework against an MCMC baseline across various synthetic fouling and leakage scenarios, including challenging low-probability, sparse-event failures. The results show that SBI achieves comparable diagnostic accuracy and reliable uncertainty quantification, while accelerating inference time by a factor of82$\times$ compared to traditional sampling. The amortized nature of the neural network enables near-instantaneous inference, establishing SBI as a highly scalable, real-time alternative for probabilistic fault diagnosis and digital twin realization in complex engineering systems.","['cs.LG', 'eess.SY', 'physics.comp-ph']",http://arxiv.org/abs/2604.20735v1,https://arxiv.org/pdf/2604.20735v1,22/04/2026-16:21:25,"['Peter Collett', 'Alexander Johannes Stasik', 'Simone Casolo', 'Signe Riemer-Sørensen']",cs.LG
Interval POMDP Shielding for Imperfect-Perception Agents,"Autonomous systems that rely on learned perception can make unsafe decisions when sensor readings are misclassified. We study shielding for this setting: given a proposed action, a shield blocks actions that could violate safety. We consider the common case where system dynamics are known but perception uncertainty must be estimated from finite labeled data. From these data we build confidence intervals for the probabilities of perception outcomes and use them to model the system as a finite Interval Partially Observable Markov Decision Process with discrete states and actions. We then propose an algorithm to compute a conservative set of beliefs over the underlying state that is consistent with the observations seen so far.
  This enables us to construct a runtime shield that comes with a finite-horizon guarantee: with high probability over the training data, if the true perception uncertainty rates lie within the learned intervals, then every action admitted by the shield satisfies a stated lower bound on safety. Experiments on four case studies show that our shielding approach (and variants derived from it) improves the safety of the system over state-of-the-art baselines.","['cs.AI', 'eess.SY']",http://arxiv.org/abs/2604.20728v1,https://arxiv.org/pdf/2604.20728v1,22/04/2026-16:12:37,"['William Scarbro', 'Ravi Mangal']",cs.AI
Interaction between nuclear clusters and superfluid phonons in the neutron-star inner crust,"The interaction between lattice vibrations of nuclear clusters and superfluid phonons associated with neutron superfluidity plays an important role in the dynamics of the neutron-star inner crust. While this coupling has been discussed mainly within macroscopic approaches such as hydrodynamics and effective field theory, its microscopic origin and the value of the effective coupling constant have remained unclear. In this work, we derive the interaction between nuclear clusters and superfluid phonons starting from a microscopic description of inner-crust matter. Using nuclear density functional theory, we analyze the response of a neutron superfluid around a single nuclear cluster within the quasiparticle random-phase approximation. From this microscopic response, we obtain the interaction between the cluster and the surrounding superfluid. Matching this result to the long-wavelength effective description, we determine the coupling constant in an effective Hamiltonian describing the mixing between lattice and superfluid phonons. The resulting coupling strength is found to be significantly smaller than previous hydrodynamical estimates. This reduction originates from the suppression of the superfluid phonon amplitude inside and around the nuclear cluster. Our results provide a microscopic determination of the coupling parameter governing lattice-superfluid phonon mixing in the neutron-star inner crust.","['nucl-th', 'astro-ph.HE']",http://arxiv.org/abs/2604.20725v1,https://arxiv.org/pdf/2604.20725v1,22/04/2026-16:11:54,"['Masayuki Matsuo', 'Arata Nishiwaki', 'Toshiyuki Okihashi', 'Masaru Hongo']",nucl-th
Formal Verification of Minimax Algorithms,"Minimax-based search algorithms with alpha-beta pruning and transposition tables are a central component of classical game-playing engines and remain widely used in practice. Despite their widespread use, these algorithms are subtle, highly optimized, and notoriously difficult to reason about, making non-obvious errors hard to detect by testing alone. Using the Dafny verification system, we formally verify a range of minimax search algorithms, including variants with alpha-beta pruning and transposition tables. For depth-limited search with transposition tables, we introduce a witness-based correctness criterion that captures when returned values can be justified by an explicit game-tree expansion. We apply this criterion to two practical variants of depth-limited negamax with alpha-beta pruning and transposition tables: for one variant, we obtain a fully mechanized correctness proof, while for the other we construct a concrete counterexample demonstrating a violation of the proposed correctness notion. All verification artifacts, including Dafny proofs and executable Python implementations, are publicly available.",['cs.AI'],http://arxiv.org/abs/2509.20138v2,https://arxiv.org/pdf/2509.20138v2,24/09/2025-14:02:33,"['Wieger Wesselink', 'Kees Huizing', 'Huub van de Wetering']",cs.AI
Tokenised Flow Matching for Hierarchical Simulation Based Inference,"The cost of simulator evaluations is a key practical bottleneck for Simulation Based Inference (SBI). In hierarchical settings with shared global parameters and exchangeable site-level parameters and observations, this structure can be exploited to improve simulation efficiency. Existing hierarchical SBI approaches factorise the posterior yet still simulate across multiple sites per training sample; We instead explore likelihood factorisation (LF) to train from single-site simulations. In LF sampling we learn a per-site neural surrogate of the simulator and then assemble synthetic multi-site observations to amortise inference for the full hierarchical posterior. Building on this, we propose Tokenised Flow Matching for Posterior Estimation (TFMPE), a tokenised flow matching approach that supports function-valued observations through likelihood factorisation. To enable systematic evaluation, we introduce a benchmark for hierarchical SBI. We validate TFMPE on this benchmark and on realistic infectious disease and computational fluid dynamics models, finding well-calibrated posteriors while reducing computational cost.","['cs.LG', 'cs.AI']",http://arxiv.org/abs/2604.20723v1,https://arxiv.org/pdf/2604.20723v1,22/04/2026-16:07:47,"['Giovanni Charles', 'Cosmo Santoni', 'Seth Flaxman', 'Elizaveta Semenova']",cs.LG
Photometric Identification of Unresolved Binary Stars in Nearby Open Star Clusters,"This paper introduces a new method to search for unresolved binary stars in open star clusters. The work aims at improving the approach introduced previously, which employs the (H-W2)-W1 versus W2-(BP-K) photometric diagram. This diagram, in tandem with the Gaia Color Magnitude Diagram (CMD) and using theoretical isochrones as reference sequences, is used to estimate the binary star fraction and the distribution of the component mass ratio $q$ in eight nearby open star clusters, including Pleiades, Alpha Per, and Praesepe, which we investigated in previous studies. In this study, to alleviate the uncertainties associated with the use of theoretical isochrones, we propose an empirical isochrones approach. We show that this is an effective approach to exploring a wider primary-mass interval, in particular for the region of low-mass sources.
  Box-and-whisker plots are used to present the distribution of the component mass ratio $q$. The mode of distribution turns out to be in the range $0.43-0.83$ and $0.38-0.63$ for Gaia and infrared-visible photometry, respectively. In addition, we update the algorithm to obtain the binary fraction, whose estimate lies in the range $0.16 - 0.36$ and $0.21 - 0.44$, depending on the adopted method, and show that in previous studies the binary fraction was overestimated. We do not find evidence that the variable spatial resolution of the employed catalogs (Gaia, 2MASS, and WISE) affects the precision of the binary fraction estimate.","['astro-ph.GA', 'astro-ph.SR']",http://arxiv.org/abs/2604.20722v1,https://arxiv.org/pdf/2604.20722v1,22/04/2026-16:07:28,"['Varvara O. Mikhnevich', 'Anastasiia Plotnikova', 'Giovanni Carraro', 'Anton F. Seleznev']",astro-ph.GA
Learning-based Linear Inversion for Quantitative Pulse-Echo Speed-of-Sound Imaging,"Computed ultrasound tomography in echo mode generates maps of tissue speed of sound (SoS) from the shift of echoes when detected under varying steering angles. It solves a linearized inverse problem that requires regularization to complement the echo shift data with a priori constraints. Spatial gradient regularization has been used to enforce smooth solutions, but SoS estimates were found to be biased depending on tissue layer geometry. Here, we propose to train a linear operator to minimize SoS errors on average over a large number of random tissue models that sample the distribution of geometries and SoS values expected in vivo. In an extensive simulation study on liver imaging, we demonstrate that biases are strongly reduced, with residual biases being the result of a partial non-linearity in the actual physical problem. This approach can either be applied directly to echo-shift data or to the SoS maps estimated with gradient regularization, where the former shows slightly better performance, but the latter is computationally more efficient. Experimental phantom results confirm the transferability of our results to real ultrasound data.",['physics.med-ph'],http://arxiv.org/abs/2408.11471v2,https://arxiv.org/pdf/2408.11471v2,21/08/2024-09:38:51,"['Parisa Salemi Yolgunlu', 'Jules Blom', 'Naiara Korta Martiartu', 'Michael Jaeger']",physics.med-ph
GeoRelight: Learning Joint Geometrical Relighting and Reconstruction with Flexible Multi-Modal Diffusion Transformers,"Relighting a person from a single photo is an attractive but ill-posed task, as a 2D image ambiguously entangles 3D geometry, intrinsic appearance, and illumination. Current methods either use sequential pipelines that suffer from error accumulation, or they do not explicitly leverage 3D geometry during relighting, which limits physical consistency. Since relighting and estimation of 3D geometry are mutually beneficial tasks, we propose a unified Multi-Modal Diffusion Transformer (DiT) that jointly solves for both: GeoRelight. We make this possible through two key technical contributions: isotropic NDC-Orthographic Depth (iNOD), a distortion-free 3D representation compatible with latent diffusion models; and a strategic mixed-data training method that combines synthetic and auto-labeled real data. By solving geometry and relighting jointly, GeoRelight achieves better performance than both sequential models and previous systems that ignored geometry.",['cs.CV'],http://arxiv.org/abs/2604.20715v1,https://arxiv.org/pdf/2604.20715v1,22/04/2026-16:01:04,"['Yuxuan Xue', 'Ruofan Liang', 'Egor Zakharov', 'Timur Bagautdinov', 'Chen Cao', 'Giljoo Nam', 'Shunsuke Saito', 'Gerard Pons-Moll', 'Javier Romero']",cs.CV
Identification strategies for combining an experimental study with external data,"There is increasing interest in combining information from experimental studies, including randomized and single-group trials, with information from external experimental or observational data sources. Such efforts are usually motivated by the desire to compare treatments evaluated in different studies -- for instance, by constructing external comparator groups for some index study -- or to estimate treatment effects with greater precision. Proposals to combine experimental studies with external data were made at least as early as the 1970s, but in recent years have come under increasing consideration within clinical practice and by regulatory agencies involved in drug and device evaluation, particularly with the increasing availability of trial and observational data. In this paper, we describe basic study templates that combine information from experimental studies with external data, and use the potential (counterfactual) outcomes framework to elaborate identification strategies for potential outcome means and average treatment effects. We argue that these identification strategies inherit ideas relevant to the study of causation in single-source studies and the related literature on combining information (e.g., generalizability and transportability methods), but merit consideration as a separate class of causal problems because they differ in terms of their scientific motivations, definitions of the target population, sampling, data structures, and identifiability conditions. In formalizing identification strategies for the analyses described herein, we hope to provide a conceptual foundation to support the systematic use and evaluation of such efforts.","['stat.ME', 'math.ST']",http://arxiv.org/abs/2406.03302v4,https://arxiv.org/pdf/2406.03302v4,05/06/2024-14:11:40,"['Lawson Ung', 'Guanbo Wang', 'Sebastien Haneuse', 'Miguel A. Hernán', 'Issa J. Dahabreh']",stat.ME
The Role and Relationship of Initialization and Densification in 3D Gaussian Splatting,"3D Gaussian Splatting (3DGS) has become the method of choice for photo-realistic 3D reconstruction of scenes, due to being able to efficiently and accurately recover the scene appearance and geometry from images. 3DGS represents the scene through a set of 3D Gaussians, parameterized by their position, spatial extent, and view-dependent color. Starting from an initial point cloud, 3DGS refines the Gaussians' parameters as to reconstruct a set of training images as accurately as possible. Typically, a sparse Structure-from-Motion point cloud is used as initialization. In order to obtain dense Gaussian clouds, 3DGS methods thus rely on a densification stage. In this paper, we systematically study the relation between densification and initialization. Proposing a new benchmark, we study combinations of different types of initializations (dense laser scans, dense (multi-view) stereo point clouds, dense monocular depth estimates, sparse SfM point clouds) and different densification schemes. We show that current densification approaches are not able to take full advantage of dense initialization as they are often unable to (significantly) improve over sparse SfM-based initialization. We will make our benchmark publicly available.",['cs.CV'],http://arxiv.org/abs/2603.20714v2,https://arxiv.org/pdf/2603.20714v2,21/03/2026-08:37:36,"['Ivan Desiatov', 'Torsten Sattler']",cs.CV
Forecasts of CMB $E$-mode anomalies for AliCPT-1,"The standard $Λ$CDM model has been highly successful in describing cosmic microwave background (CMB) observations. Nevertheless, a set of large-scale statistical anomalies persists in temperature anisotropies across WMAP and Planck. CMB $E$-mode polarization offers an independent probe of these anomalies, circumventing the look-elsewhere effect inherent in temperature-only analyses. In this paper, we forecast the capability of the Ali CMB Polarization Telescope (AliCPT), a ground-based CMB experiment in the Northern Hemisphere, to detect such anomalies in large-scale $E$-mode polarization. Using 1000 unconstrained simulations processed with the NILC component separation method, we evaluate four anomaly estimators: dipole modulation, lack of large-angle correlations, quadrupole-octopole alignment, and point-parity asymmetry. Our analysis considers two noise levels for AliCPT, as well as a joint configuration with Simons Observatory (SO) Large Aperture Telescope (LAT). For dipole modulation, we validate the local variance estimator on modulated simulations with an input amplitude $A_d = 0.07$, and find that the combined AliCPT+SO dataset is likely to detect the injected $E$-mode modulation at a 99% confidence level. Tests of the full suite of anomaly statistics on unconstrained isotropic simulations indicate that AliCPT alone, owing to its limited sky coverage, might introduce systematic biases or enlarged uncertainties, especially for quadrupole-octopole alignment and point-parity asymmetry. The combination with SO largely restores the statistical distributions to those expected in an ideal full-sky scenario, thereby establishing a near-cosmic-variance benchmark for upcoming anomaly investigations.",['astro-ph.CO'],http://arxiv.org/abs/2604.20699v1,https://arxiv.org/pdf/2604.20699v1,22/04/2026-15:44:13,"['Jiazheng Dou', 'Wen Zhao']",astro-ph.CO
A General Technique for Searching in Implicit Sets via Function Inversion,"In recent years, the Fiat-Naor function inversion scheme has been used to disprove conjectures in fine-grained complexity theory and design state of the art data structures for a number of combinatorial problems. We pursue this line of research by considering its application to data structures for searching in implicit sets, defined as the image of a function.
  We show that, if $f$ is of the form $[N]\to [2^{w}]^d$ for some $w=polylog(N)$ and is computable in constant time, then, for any $0<α<1$, we can obtain a data structure using $Õ(N^{1-α/3})$ space such that, for a given $d$-dimensional axis-aligned box $B$, we can search for some $x\in [N]$ such that $f(x) \in B$ in time $Õ(N^α)$. (Here the $Õ(.)$ notation omits polylogarithmic factors.)
  Using similar techniques, we further obtain
  - data structures for range counting and reporting, predecessor, selection, ranking queries, and combinations thereof, on the set $f([N])$,
  - data structures for preimage size and preimage selection queries for a given value of $f$, and
  - data structures for selection and ranking queries on geometric quantities computed from tuples of points in $d$-space.
  These results unify and generalize previously known results on 3SUM-indexing and string searching, and are widely applicable as a black box to a variety of problems.
  In particular, we give a data structure for a generalized version of gapped string indexing, and show how to preprocess a set of points on an integer grid in order to efficiently compute (in sublinear time), for points contained in a given axis-aligned box, their Theil-Sen estimator, the $k$th largest area triangle, or the induced hyperplane that is the $k$th furthest from the origin.",['cs.DS'],http://arxiv.org/abs/2311.12471v2,https://arxiv.org/pdf/2311.12471v2,21/11/2023-09:29:53,"['Boris Aronov', 'Jean Cardinal', 'Justin Dallant', 'John Iacono']",cs.DS
On $q$-convex hypersurfaces in Riemannian manifolds,"We prove that any closed, convex hypersurface in an $(n+1)$-dimensional Riemannian manifold with $\lceil \frac{n}{2} \rceil$-positive curvature operator is a rational homology sphere with finite fundamental group. The same conclusion holds for any $\lceil \frac{n}{2} \rceil$-convex hypersurface, provided that the mean curvature satisfies a natural pinching condition. Both results follow from more general vanishing and estimation theorems for the Betti numbers of closed $q$-convex immersed hypersurfaces in $(n+1)$-dimensional Riemannian manifolds, under a lower bound on the average of the smallest $(n-p)$ eigenvalues of the curvature operator.",['math.DG'],http://arxiv.org/abs/2604.20695v1,https://arxiv.org/pdf/2604.20695v1,22/04/2026-15:41:32,"['Giulio Colombo', 'Christos-Raent Onti']",math.DG
Estimating the Number of Components in Finite Mixture Models via Variational Approximation,"This work introduces a new method for selecting the number of components in finite mixture models (FMMs) using variational Bayes, inspired by the large-sample properties of the Evidence Lower Bound (ELBO) derived from mean-field (MF) variational approximation. Specifically, we establish matching upper and lower bounds for the ELBO without assuming conjugate priors, suggesting the consistency of model selection for FMMs based on maximizing the ELBO. As a by-product of our proof, we demonstrate that the MF approximation inherits the stable behavior (benefited from model singularity) of the posterior distribution, which tends to eliminate the extra components under model misspecification where the number of mixture components is over-specified. This stable behavior also leads to the $n^{-1/2}$ convergence rate for parameter estimation, up to a logarithmic factor, under this model overspecification. Empirical experiments are conducted to validate our theoretical findings and compare with other state-of-the-art methods for selecting the number of components in FMMs.","['stat.ME', 'math.ST', 'stat.ML']",http://arxiv.org/abs/2404.16746v2,https://arxiv.org/pdf/2404.16746v2,25/04/2024-17:00:24,"['Chenyang Wang', 'Yun Yang']",stat.ME
Bayesian approach for uncertainty quantification of hybrid spectral unmixing in $γ$-ray spectrometry,"Identifying and quantifying $γ$-emitting radionuclides, considering spectral deformation from $γ$-interactions in radioactive source surroundings, present a significant challenge in $γ$-ray spectrometry. In that context, a hybrid machine learning method has been previously proposed to jointly estimate the counting and spectral signatures of $γ$-emitters under conditions of spectral variability. This paper addresses the uncertainty quantification of the estimators (i.e., the counting and the variable $λ$ which characterizes the spectral signatures) obtained by this spectral unmixing algorithm. The focus is on the coverage interval, as defined by the GUM, which corresponds closely to a credible interval in the Bayesian framework. Given the inverse problem and the constraints associated with spectral deformation, two Bayesian methods - Laplace approximation and Markov Chain Monte Carlo - have been developed for uncertainty quantification to ensure robust decision-making. The Laplace approximation technique approximates the posterior distribution by a Gaussian distribution, while the Markov Chain Monte Carlo technique samples the posterior distribution. This study evaluates these two methods in terms of precision of coverage interval based on repeated Monte Carlo samples using the long-run success rate. Numerical experiments show that both methods yield similar results close to the expected success rate of 95.4$\%$ when constraints related to spectral signatures deformation and counting are inactive. However, when constraints are active or the background counting significantly dominates other radionuclides, the Laplace approximation method deviates from the expected long-run success rate due to the non-Gaussian posterior distribution. In such cases, the Markov Chain Monte Carlo method still provides robust results.",['physics.data-an'],http://arxiv.org/abs/2604.20691v1,https://arxiv.org/pdf/2604.20691v1,22/04/2026-15:37:56,"['Dinh Triem Phan', 'Jérôme Bobin', 'Cheick Thiam', 'Christophe Bobin']",physics.data-an
FingerEye: Continuous and Unified Vision-Tactile Sensing for Dexterous Manipulation,"Dexterous robotic manipulation requires comprehensive perception across all phases of interaction: pre-contact, contact initiation, and post-contact. Such continuous feedback allows a robot to adapt its actions throughout interaction. However, many existing tactile sensors, such as GelSight and its variants, only provide feedback after contact is established, limiting a robot's ability to precisely initiate contact. We introduce FingerEye, a compact and cost-effective sensor that provides continuous vision-tactile feedback throughout the interaction process. FingerEye integrates binocular RGB cameras to provide close-range visual perception with implicit stereo depth. Upon contact, external forces and torques deform a compliant ring structure; these deformations are captured via marker-based pose estimation and serve as a proxy for contact wrench sensing. This design enables a perception stream that smoothly transitions from pre-contact visual cues to post-contact tactile feedback. Building on this sensing capability, we develop a vision-tactile imitation learning policy that fuses signals from multiple FingerEye sensors to learn dexterous manipulation behaviors from limited real-world data. We further develop a digital twin of our sensor and robot platform to improve policy generalization. By combining real demonstrations with visually augmented simulated observations for representation learning, the learned policies become more robust to object appearance variations. Together, these design aspects enable dexterous manipulation across diverse object properties and interaction regimes, including coin standing, chip picking, letter retrieving, and syringe manipulation. The hardware design, code, appendix, and videos are available on our project website: https://nus-lins-lab.github.io/FingerEyeWeb/",['cs.RO'],http://arxiv.org/abs/2604.20689v1,https://arxiv.org/pdf/2604.20689v1,22/04/2026-15:37:34,"['Zhixuan Xu', 'Yichen Li', 'Xuanye Wu', 'Tianyu Qiu', 'Lin Shao']",cs.RO
Variance Is Not Importance: Structural Analysis of Transformer Compressibility Across Model Scales,"We present a systematic empirical study of transformer compression through over 40 experiments on GPT-2 (124M parameters) and Mistral 7B (7.24B parameters). Our analysis covers spectral compression, block-level function replacement, rotation-based quantization, activation geometry, and adaptive early exit.
  We identify five structural properties relevant to compression. (1) Variance is not importance: high-variance activation directions are approximately 96 percent uncorrelated with predictive directions (measured via CCA), and projecting onto these subspaces preserves over 90 percent of variance while degrading perplexity. (2) Block linearity is conditional: transformer blocks are approximately linear (R^2 ~ 0.95 on GPT-2, 0.93 on Mistral block 31) only under the correct upstream distribution; modifying earlier blocks induces distribution shift that degrades downstream approximations. (3) The reconstruction wall: approaches that factor weights into quantized components amplify errors through cross-terms, making direct quantization strictly superior. (4) Linearity increases with depth: Mistral 7B exhibits a progression from R^2 = 0.17 (block 0) to R^2 = 0.93 (block 31), indicating a division between nonlinear feature construction and linear refinement. (5) Approximately 30 percent of tokens are computationally easy, confirmed via exit heads and KL divergence sensitivity.
  We demonstrate that single-block linear replacement achieves 34x compression with a 1.71 perplexity increase on the final block of Mistral 7B, while multi-block replacement fails due to residual error accumulation and distribution shift. These findings suggest fundamental limits to static post-training compression and motivate adaptive, per-token computation as a more effective direction.",['cs.LG'],http://arxiv.org/abs/2604.20682v1,https://arxiv.org/pdf/2604.20682v1,22/04/2026-15:31:46,['Samuel Salfati'],cs.LG
Panel Quantile Regression with Common Shocks,"This paper develops an asymptotic and inferential theory for fixed-effects panel quantile regression (FEQR) that delivers inference robust to pervasive common shocks. Such shocks induce cross-sectional dependence that is central in many economic and financial panels but largely ignored in existing FEQR theory, which typically assumes cross-sectional independence and requires $T \gg N$. We show that the standard FEQR estimator remains asymptotically normal under the mild condition $(\log N)^2/T \to 0$, thereby accommodating empirically relevant regimes, including those with $T \ll N$. We further show that common shocks fundamentally alter the asymptotic covariance structure, rendering conventional covariance estimators inconsistent, and we propose a simple covariance estimator that remains consistent both in the presence and absence of common shocks. The proposed procedure therefore provides valid robust inference without requiring prior knowledge of the dependence structure, substantially expanding the applicability of FEQR methods in realistic panel data settings.","['econ.EM', 'stat.ME']",http://arxiv.org/abs/2602.19201v2,https://arxiv.org/pdf/2602.19201v2,22/02/2026-14:06:35,"['Harold D. Chiang', 'Antonio F. Galvao', 'Chia-Min Wei']",econ.EM
Enhanced Condensation Through Rotation,"We argue that rotation of a thin superconducting cylinder can increase the critical superconducting temperature substantially. A purely rotational effect originates from the tendency of a steadily rotating mechanical system to maximize its moment of inertia. A condensation of Cooper pairs in a rotating cylinder decouples a part of the normal electron fraction from rotation, thus producing a circulating electric current of an uncompensated electric charge of lattice ions. The current produces the magnetic field that stores energy of rotation, thus increasing the moment of inertia. In the presence of an external magnetic field, another enhancement effect originates from the interaction energy of the dipole magnetic moment of the normal component with the background magnetic field. In both cases, rotation of the cylindrical shell promotes the formation of condensate that decouples from mechanical rotation. We give quantitative estimates for a thin cylinder of aluminum.","['cond-mat.supr-con', 'quant-ph']",http://arxiv.org/abs/2501.01734v3,https://arxiv.org/pdf/2501.01734v3,03/01/2025-09:54:20,"['Maxim Chernodub', 'Frank Wilczek']",cond-mat.supr-con
Attosecond Nonlinear Quantum Electrodynamics in Laser-Driven Plasmas via Two-Photon Synchrotron Emission,"Ultrafast strong-field laser--plasma physics is shown to offer a promising framework for relativistic nonlinear quantum electrodynamics (QED). As one of its key advantages, this approach to relativistic nonlinear QED does not require an external beam of relativistic particles. Instead, high-energy electrons are produced in this setting as a part of ultrafast strong-field laser--plasma interactions. An intense ultrashort laser pulse generates and accelerates dense electron bunches to relativistic energies, giving rise to photon-pair emission confined to the nanometer scale in space and the attosecond scale in time. As a lowest-order nonlinear QED process, relativistic electrons in laser-driven plasmas are shown to give rise to attosecond bursts of two-photon emission, providing an ultrabroadband source of correlated photon pairs. As a physically insightful estimate, the rate of this two-photon emission is expressed via a product $ α^2 γω_{turn}$, where $α$ is the fine-structure constant, $γ$ is the Lorentz factor, and $ ω_{turn}$ is the local relativistic curvature frequency. Photon pairs with strongest correlations, providing a resource for photon entanglement, are emitted at a much lower rate, estimated as $ α^2 γ^2 ω_{turn} E_{\perp} /E_S$, where $E_{\perp}$ is the laser electromagnetic field, determining the transverse Lorentz force, and $E_S$ is the Schwinger critical field. Our study offers a clear guidance on how quantum aspects of laser-driven relativistic plasma electrodynamics can be isolated from their classical counterparts, enabling a physically justifiable approach to the analysis of nonlinear QED phenomena in complex laser--plasma interactions driven by ultrashort high-intensity laser pulses.","['physics.plasm-ph', 'quant-ph']",http://arxiv.org/abs/2604.20672v1,https://arxiv.org/pdf/2604.20672v1,22/04/2026-15:21:10,"['Vedin Dewan', 'Aleksei M. Zheltikov', 'Julia M. Mikhailova']",physics.plasm-ph
On the structural growth of bipartite Ramsey numbers,"Bipartite Ramsey numbers is the smallest size of a complete bipartite graph $K_{N,N}$ such that every edge-coloring with a given number of colors inevitably yields a monochromatic copy of a prescribed bipartite graph. While exact values have been determined for certain specific graphs, the general asymptotic behavior of these numbers in terms of structural graph parameters remains poorly understood. In this paper, we investigate structure-dependent growth phenomena in bipartite Ramsey theory.
  We first establish a general lower bound for the $q$-color bipartite Ramsey number $\operatorname{br}(K_{s,t};q)$. The proof employs a probabilistic construction together with an optimization over independent set densities, adapting the approach of Nikiforov and Sawin to the bipartite context. Next, for a fixed bipartite graph $G$ with $p$ vertices and $q$ edges, we prove a lower bound of the form $\operatorname{br}(G,K_{n,n}) > C \bigl(\frac{n}{\log n}\bigr)^{(q-1)/(p-2)}$. As a corollary, we show that sufficiently dense bipartite graphs fail to be bipartite Ramsey size linear. Turning to even cycles and complete bipartite graphs, we obtain an upper bound on the multicolor bipartite Ramsey number $\operatorname{br}_k(C_{2t};K_{n,n}) \le c_{t,k}\, n^2/\log^2 n$, which follows from classical estimates for Zarankiewicz numbers together with a double-counting argument. Building on this result, we further derive a refined linear upper bound of the form $\operatorname{br}(C_{2t},G) \le \frac{m}{2} + \frac{29t\sqrt{m}}{2}$, valid for any connected bipartite graph $G$ with $m$ edges and no isolated vertices.",['math.CO'],http://arxiv.org/abs/2604.20668v1,https://arxiv.org/pdf/2604.20668v1,22/04/2026-15:18:13,['Meng Ji'],math.CO
Data Integration for Estimating Subgroup-Specific Conditional Average Treatment Effects (CATEs) Using Coarsened External Information in Randomized Trials,"Randomized controlled trials (RCTs) are often underpowered to detect treatment heterogeneity in subgroups defined by cross-classifications of multiple covariates, due to sparse sample sizes in some strata. External RCT data can help, but typically provide treatment effect estimates at a coarser level (e.g., by sex or race) rather than for the finer subgroups of interest (e.g., race-by-sex). We propose a novel James-Stein (JS)-type estimator that borrows strength from such coarsened external estimates to improve estimation of finer subgroup-specific conditional average treatment effects (CATEs) in an internal study, while accommodating potential incompatibility in marginal CATEs across populations. Based on asymptotic theory, we derive a practical analytic variance estimator for the JS estimator that exhibits acceptable empirical performance. Under mild conditions, we show that the proposed estimator uniformly dominates the ordinary least squares (OLS) estimator based on internal data regarding a weighted quadratic loss. Simulation studies demonstrate favorable performance compared with existing shrinkage methods, including empirical Bayes and generalized ridge estimators. We illustrate our method by estimating race-by-sex subgroup CATEs in a tirzepatide weight-loss trial (SURMOUNT-1), borrowing sex-specific and race-specific estimates from two previous semaglutide trials (STEP 1 and STEP 2). The proposed method detects a significantly larger treatment effect on percentage weight loss in the female-White subgroup than in the female-Asian subgroup, a difference not detected using internal data alone.",['stat.ME'],http://arxiv.org/abs/2604.20667v1,https://arxiv.org/pdf/2604.20667v1,22/04/2026-15:16:48,"['Youqi Yang', 'Walter Dempsey', 'Bhramar Mukherjee']",stat.ME
p-adic elliptic polylogarithms and cubic Chabauty,"The Chabauty--Coleman--Kim method, under favourable circumstances, describes the set of integral points of a hyperelliptic curve inside the $p$-adic zeroes of certain transcendental functions. For an elliptic curve of Mordell--Weil rank one, the Chabauty--Coleman--Kim set in depth 2 is given by the zeroes of a (finite union of) quadratic polynomial(s) in the $p$-adic logarithm of the elliptic curve and the local $p$-adic height at $p$. Here, we give an explicit formula for a finite set containing the Chabauty--Coleman--Kim set in depth 3 for an elliptic curve of rank at most 2 under an assumption on non-vanishing of a special value of a $p$-adic $L$-function. The finite set is given by the zeroes of a polynomial in $p$-adic elliptic polylogarithms. We use these formulas to verify new instances of Kim's conjecture.","['math.NT', 'math.AG']",http://arxiv.org/abs/2604.20662v1,https://arxiv.org/pdf/2604.20662v1,22/04/2026-15:10:08,"['Jennifer S. Balakrishnan', 'Francesca Bianchi', 'Netan Dogra']",math.NT
Time evolution of a Nambu-Goto string coiling around a Kerr black hole,"The interaction between a Nambu-Goto string and a Kerr black hole gives one of the methods of energy extraction from a rotating black hole. Although the properties of such processes have been well studied for rigidly rotating strings, little is known for non-rigidly rotating strings. In this paper, we study time evolution of a Nambu-Goto string on the equatorial plane of a Kerr spacetime, which sticks on the horizon and extends to spatial infinity. The time evolution is studied by the series expansion with respect to $t$ and the numerical simulations, which give reliable results for $t\lesssim 4M$ and $t\lesssim 38M$, respectively, where $M$ is the black hole mass. Since the angular velocity of the string on the horizon must coincide with the horizon angular velocity to keep the timelike property, the string is dragged into rotation and coils around the black hole. The negative energy is observed to fall into the black hole, but the positive energy follows after that, meaning that the energy extraction occurs for a short period of time. In the outside region, a wave is generated and propagates to the distant region carrying the extracted energy. After the propagation of the wave, the system approaches the time-independent configuration found by Boos and Frolov, and the total extracted energy is estimated as $E_{\rm ext}\lesssim μM$, where $μ$ is the tension of the string.","['gr-qc', 'astro-ph.HE', 'hep-th']",http://arxiv.org/abs/2604.20656v1,https://arxiv.org/pdf/2604.20656v1,22/04/2026-15:06:29,"['Hirotaka Yoshino', 'Kousuke Tanaka']",gr-qc
Absence of Ballistic Transport in Quantum Walks with Asymptotically Reflecting Sites,"We prove general sufficient conditions for zero velocity in position dependent one-dimensional quantum walks, and hence for the absence of ballistic transport. Our starting point is a general a priori upper bound on the velocity, formulated in terms of sparse bi-infinite sequences of sites, their gap structure, and the corresponding local coin parameters. This estimate yields several deterministic criteria for zero velocity that depend only on the behavior of suitable coin entries along selected subsequences and are independent of the values of the coins elsewhere. We also discuss the random case as an application of the general approach. All of our results remain valid in the CMV setting.",['math-ph'],http://arxiv.org/abs/2604.20654v1,https://arxiv.org/pdf/2604.20654v1,22/04/2026-15:03:47,"['Houssam Abdul-Rahman', 'Thomas A. Jackson', 'Yousef Salah']",math-ph
MAPRPose: Mask-Aware Proposal and Amodal Refinement for Multi-Object 6D Pose Estimation,"6D object pose estimation in cluttered scenes remains challenging due to severe occlusion and sensor noise. We propose MAPRPose, a two-stage framework that leverages mask-aware correspondences for pose proposal and amodal-driven Region-of-Interest (ROI) prediction for robust refinement. In the Mask-Aware Pose Proposal (MAPP) stage, we lift 2D correspondences into 3D space to establish reliable keypoint matches and generate geometrically consistent pose hypotheses based on correspondence-level scoring, from which the top-$K$ candidates are selected. In the refinement stage, we introduce a tensorized render-and-compare pipeline integrated with an Amodal Mask Prediction and ROI Re-Alignment (AMPR) module. By reconstructing complete object geometry and dynamically adjusting the ROI, AMPR mitigates localization errors and spatial misalignment under heavy occlusion. Furthermore, our GPU-accelerated RGB-XYZ reprojection enables simultaneous refinement of all $N \times B$ pose hypotheses in a single forward pass. Evaluated on the BOP benchmark, MAPRPose achieves a state-of-the-art Average Recall (AR) of 76.5%, outperforming FoundationPose by 3.1% AR while delivering a 43x speedup in multi-object inference.",['cs.CV'],http://arxiv.org/abs/2604.20650v1,https://arxiv.org/pdf/2604.20650v1,22/04/2026-15:00:46,"['Yang Luo', 'Yan Gong', 'Yongsheng Gao', 'Xiaoying Sun', 'Jie Zhao']",cs.CV
"Quo Vadis, Code Review? Exploring the Future of Code Review","Context: Code review has long been a core practice in collaborative software engineering. As automation becomes increasingly embedded in development workflows, the role and functioning of code review are subject to change.
  Objective: This study explores how professional developers anticipate the evolution of code review and identifies emerging tensions reflected in these expectations.
  Method: We conducted a cross-sectional survey with 100 developers across five software-driven companies. The survey captured estimates of current review time and reviewed artifacts, as well as anticipated changes over a five-year horizon. Open-ended questions invited reflections on the future of code review. Quantitative responses were analyzed descriptively, and open-ended responses were independently coded by multiple researchers using thematic analysis to identify recurring patterns in participant responses.
  Results: Practitioners expect code review to remain essential, anticipating stable or increased time investment and a broader range of reviewed artifacts over the next five years. In open-ended responses, many participants explicitly referenced AI and large language models (LLMs), describing increasing automation in both code authoring and reviewing, including scenarios in which automated systems operate in both roles.
  Conclusion: Our analysis suggests emerging tensions concerning understanding, accountability, and trust in automation-mediated code review. These tensions provide early empirical signals of socio-technical challenges and position code review as a concrete setting for examining the implications of LLM integration in collaborative software engineering.",['cs.SE'],http://arxiv.org/abs/2508.06879v5,https://arxiv.org/pdf/2508.06879v5,09/08/2025-08:17:57,"['Michael Dorner', 'Andreas Bauer', 'Darja Šmite', 'Lukas Thode', 'Daniel Mendez', 'Ricardo Britto', 'Stephan Lukasczyk', 'Ehsan Zabardast', 'Michael Kormann']",cs.SE
Using Astrometry to Break Degeneracies in Stellar Surface Mapping,"Astrometric jitter noise arises when starspots on a rotating stellar surface move in and out of view, shifting the photocenter. This noise may limit our ability to detect and weigh small, sub-Neptune-sized planets around active stars. By deriving a linear forward model for the astrometric jitter signal of a rotating star in a spherical-harmonic coordinate system, we show that jitter noise can be used to reconstruct surface-brightness maps and, in principle, disentangle jitter from stellar reflex motion due to an orbiting planet. Furthermore, we show that astrometry and photometry probe complementary surface information: photometry measures even-degree spherical harmonic surfaces that are symmetric about the equator, while astrometry measures odd-degree modes. Their joint use, therefore, breaks degeneracies in surface mapping. Our model further quantifies the variation in the astrometric signal with inclination angle, which is foundational for studies of worst-case configurations of astrometric star-spot noise. For example, we show that pole-on stellar inclinations lead to poorly constrained inversions, as any stellar surface produces a purely circular astrometric jitter signal. We characterize the degeneracy in jointly identifying the stellar surface and stellar inclination, and develop a surface estimation approach. Using this approach, we present example simulations and reconstructions that demonstrate the use of astrometry data alongside light-curve data to improve stellar surface mapping and localize spot positions in latitude and longitude. With forthcoming high-precision Gaia astrometry, astrometric surface mapping provides a promising new approach to probe stellar activity.","['astro-ph.SR', 'astro-ph.EP', 'astro-ph.IM']",http://arxiv.org/abs/2601.11737v2,https://arxiv.org/pdf/2601.11737v2,16/01/2026-19:40:25,"['Jamila Taaki', 'Lia Corrales', 'Alfred O. Hero']",astro-ph.SR
Strain effects in [001] textured Co80Ir20 thin films with negative magnetocrystalline anisotropy,"Co80Ir20 ferromagnetic thin films have recently been the focus of intensive research because the negative magnetocrystalline anisotropy adds to the shape anisotropy and favors a strong alignment of the magnetization in the film plane for [001] textured or epitaxial thin films. However, the role of magnetoelastic effects has not been properly considered in most published research. In this work we have performed a detailed analysis of 24 nm Co80Ir20 thin films deposited on Si/SiO2 with different underlayers (Ta, Pt) and overlayers in order to induce [001]-textured growth and different degrees of strain. Using x-ray diffraction measurements we have found that the c-axis lattice parameter depends on the underlayer material (larger negative strain for Ta), but the degree of texture and the average grain size remain essentially constant, except for one of the multilayers. Differences in the magnetic behavior according to the underlayer were also found in room temperature magnetization vs field loops and temperature dependent dc magnetization measurements. Anisotropy was quantified using ferromagnetic resonance which showed that the effective anisotropy field is also dependent on the underlayer. Ta underlayers show an anisotropy close to that expected for shape, while Pt underlayer induces an additional in-plane anisotropy field of the order of 7-9 kOe. A simple model of stress induced anisotropy gives anisotropy field values similar to those observed experimentally. The correlation between observed strain and anisotropy together with the similarity in microstructural properties strongly suggests that stress effects cannot be disregarded when analyzing the magnetic data for the estimation of the magnetocrystalline contribution.",['cond-mat.mtrl-sci'],http://arxiv.org/abs/2604.20645v1,https://arxiv.org/pdf/2604.20645v1,22/04/2026-14:55:16,"['L. Aviles Felix', 'M. Vasquez Mansilla', 'J. E. Gomez', 'M. Balod', 'J. Padilla', 'J. Santiso', 'Subhakanta Das', 'S. N. Piramanayagam', 'A. Butera']",cond-mat.mtrl-sci
RandomMeas.jl: A Julia Package for Randomized Measurements in Quantum Devices,"We introduce $\texttt{RandomMeas.jl}$, a modular and high-performance open-source software package written in Julia for implementing and analyzing randomized measurement protocols in quantum computing. Randomized measurements provide a powerful framework for extracting properties of quantum states and processes such as expectation values, entanglement, and fidelities using simple experimental procedures combined with classical post-processing, most prominently via the classical shadow formalism. $\texttt{RandomMeas.jl}$ covers the full randomized measurement workflow, from the generation of measurement settings for use on a quantum computer, the optional classical simulation of randomized measurements with tensor networks, to a suite of estimators for physical properties based on classical shadows. The package includes advanced features such as robust and shallow shadow techniques, batch estimators, and built-in statistical uncertainty estimation. Its unified, composable design enables the scalable application and further development of randomized measurements protocols across theoretical and experimental contexts.",['quant-ph'],http://arxiv.org/abs/2509.12749v3,https://arxiv.org/pdf/2509.12749v3,16/09/2025-07:10:21,"['Andreas Elben', 'Benoît Vermersch']",quant-ph
"Evaluating Computing Platforms for Sustainability: A Comparative Analysis of FPGAs against ASICs, GPUs, and CPUs","Climate change concerns emphasize the need for sustainable computing. Modeling the carbon footprint (CFP), including operational and embodied CFP from semiconductor use, manufacture and design, is essential. Field programmable gate arrays (FPGAs) stand out as promising platforms due to their reconfigurability across various applications, enabling the amortization of embodied CFP across multiple applications. This paper introduces GreenFPGA, a tool estimating the total CFP of FPGAs over their lifespan, considering uncertainties in CFP modeling. It accounts for CFP during design, manufacturing, reconfigurability (reuse), operation, disposal, testing, and recycling. GreenFPGA identifies deployment regimes in which FPGAs can be more sustainable than ASICs, GPUs, and CPUs under the modeled iso-performance assumptions. Experimental results highlight the importance of analyzing applications across different computing platforms to assess their CFP while varying parameters such as application type, lifetime, usage time, and volume impact their total CFP. Across the evaluated pairwise iso-performance case studies with ASICs, GPUs, and CPUs, FPGAs can be more sustainable under specific deployment regimes involving frequently changing, diverse workloads and low-volume applications.","['cs.AR', 'cs.ET']",http://arxiv.org/abs/2604.20638v1,https://arxiv.org/pdf/2604.20638v1,22/04/2026-14:50:01,"['Chetan Choppali Sudarshan', 'Aman Arora', 'Vidya A Chhabria']",cs.AR
"Distributional Statistical Models: Weak Moments, Cumulants, and a Central Limit Theorem","Many important statistical models fall outside classical moment-based methods due to the non-existence of moments or moment generating functions. We propose a generalised probabilistic framework in which densities are replaced by pairs $(T,\varphi)$, where $T \in \mathcal{S}'(\mathbb{R})$ is a tempered distribution and $\varphi \in \mathcal{S}(\mathbb{R})$ is a Schwartz kernel. Expectations are defined via the action of distributions on regularised test functions, yielding well-defined weak moments, weak characteristic functions, and weak cumulants of all orders. These extend classical quantities and retain key algebraic properties such as additivity under independence and natural affine transformation rules.
  The main results are: (i) a systematic algebra of weak cumulants; (ii) a weak moment problem where existence of all moments holds unconditionally and uniqueness depends on the kernel, with uniqueness results under Gaussian kernels (via Hermite completeness), positive Schwartz kernels with square-integrable densities (via a Carleman-type criterion), and kernels with exponential decay (via Denjoy-Carleman quasi-analyticity); and (iii) a weak central limit theorem formulated as convergence of weak characteristic functions to a Gaussian limit, covering cases where the classical theorem fails.
  The framework is illustrated with Student's $t$, stable, and hyperbolic distributions. As a statistical consequence, the weak first moment yields a consistent estimator of the location parameter in the Cauchy model, where no classical moment-based estimator exists. A full statistical treatment is given in a companion paper.","['math.PR', 'math.ST']",http://arxiv.org/abs/2604.20634v1,https://arxiv.org/pdf/2604.20634v1,22/04/2026-14:46:39,['R. Labouriau'],math.PR
Review: A new method for estimation and use of systematic errors in Poisson regression,"A new method for including systematic errors in the regression with Poisson data is reviewed in this contribution, with emphasis on applications to astronomical spectra. The method consists of generalizing the usual Poisson log-likelihood, known as the Cash statistic $C_{min}$, and its associated likelihood-ratio statistic $ΔC$, to include the presence of systematic sources of uncertainty. Advantages of this new method include its modeling simplicity and its ability to assess both the level of systematics and the goodness of fit at the same time, including for a nested model component.","['astro-ph.IM', 'stat.ME']",http://arxiv.org/abs/2604.20632v1,https://arxiv.org/pdf/2604.20632v1,22/04/2026-14:45:17,['M. Bonamente'],astro-ph.IM
Double Robust Weighted Regression with Missing Confounders,"Missing confounders are common in observational studies and present fundamental challenges for causal effect estimation by weakening identification and increasing sensitivity to model misspecification. Within the missing-indicator framework, existing methods rely on a single working model and achieve consistency only when that model is correctly specified, and are therefore singly robust. In this article, we develop a doubly robust missing indicator weighted ordinary least squares (MI-WOLS) estimator with partially observed confounders. The MI-WOLS estimator incorporates the treatment assignment mechanism, commonly known as the propensity score model, into the weighting structure of the outcome regression. Building on the missing-indicator framework, we define propensity score based regression weights that satisfy a covariate-balancing condition in the presence of confounder missingness. Under the missingness-strongly-ignorable treatment allocation assumption and assuming either a Conditionally Independent Treatment or Conditionally Independent Outcome structure, the MI-WOLS estimator is consistent when at least the treatment or the outcome model is correctly specified. Simulation studies support the theoretical robustness of the MI-WOLS estimator, demonstrating negligible bias, accurate sandwich-based variance estimation, and near-nominal coverage probability across a wide range of data-generating scenarios. An illustrative application to kidney function outcomes further demonstrates the interpretability and practical feasibility of the method, offering a flexible, doubly robust alternative to existing singly robust estimators.",['stat.ME'],http://arxiv.org/abs/2604.20630v1,https://arxiv.org/pdf/2604.20630v1,22/04/2026-14:45:00,"['Md. Shaddam Hossain Bagmar', 'Hua Shen']",stat.ME
Rates of forgetting for the sequentially Markov coalescent,"The sequentially Markov coalescent (SMC) is a Markov jump process which models correlations in local genealogies across a chromosome. It has been used as a theoretical tool for studying linkage disequilibrium and identity-by-descent, and it also forms the basis of a class of statistical procedures for estimating population history and inferring ancestry. In this paper, we study the rate at which SMC forgets its initial condition in the pairwise setting. For the embedded jump chain, we prove geometric ergodicity in total variation, with explicit constants. For the continuous process, by contrast, the total variation distance from stationarity decays as $\asymp 1/\ell$ in genetic distance $\ell$. We obtain analogous results for the closely related SMC' process using a novel time-change argument. One application of these results is to justify heuristic approximations used in the literature that treat distant loci as evolving independently.","['math.PR', 'q-bio.PE']",http://arxiv.org/abs/2604.20629v1,https://arxiv.org/pdf/2604.20629v1,22/04/2026-14:44:31,['Jonathan Terhorst'],math.PR
"Rather than drafting, vortex capture dictates efficiency in three-hydrofoil schools","Three-dimensional experiments are presented on a school of three pitching hydrofoils. Two side-by-side leader foils maintain the same relative positions while the location of a third follower foil is varied. Force and flow measurements detail the mechanisms that drive the school to achieve collective thrust and efficiency that are 58% and 24% higher than isolated foils, respectively. Traditional drafting involves positioning yourself in the wake of an upstream object. In wakes with a net momentum deficit, drafting reduces drag by lowering oncoming flow speed. By contrast, wakes from oscillatory swimmers feature strong momentum surplus regions, which increases drag by increasing the oncoming flow. Despite that, our results show that the best performance benefits occur for compact schools where the follower is directly in the vortex wake of a leader, whereas regions of reduced mean flow do not improve performance. The thrust and efficiency benefits are shown to be driven by vortex-body interactions that increase the thrust and efficiency of the follower and by body-to-body upstream interactions that reduce the power of the leaders. There is an optimal spatial phase to maximize the thrust and efficiency of the follower that depends upon the actual wake wavelength rather than the estimated wavelength used in previous literature. Moreover, wake breakdown, and its associated elimination of vortex-body performance benefits, is not observed within at least three chord lengths downstream of the leaders. Lastly, measurements of the cross-stream stability of the downstream foil indicate that compact, high-performance formations may require active control strategies in order to maintain their organization and maximise the hydrodynamic benefits of schooling.",['physics.flu-dyn'],http://arxiv.org/abs/2604.19121v2,https://arxiv.org/pdf/2604.19121v2,21/04/2026-06:03:00,"['Pedro C. Ormonde', 'Yuanhang Zhu', 'Daniel Quinn', 'Keith W Moored']",physics.flu-dyn
Centering Ecological Goals in Automated Identification of Individual Animals,"Recognizing individual animals over time is central to many ecological and conservation questions, including estimating abundance, survival, movement, and social structure. Recent advances in automated identification from images and even acoustic data suggest that this process could be greatly accelerated, yet their promise has not translated well into ecological practice. We argue that the main barrier is not the performance of the automated methods themselves, but a mismatch between how those methods are typically developed and evaluated, and how ecological data is actually collected, processed, reviewed, and used. Future progress, therefore, will depend less on algorithmic gains alone than on recognizing that the usefulness of automated identification is grounded in ecological context: it depends on what question is being asked, what data are available, and what kinds of mistakes matter. Only by centering these questions can we move toward automated identification of individuals that is not only accurate but also ecologically useful, transparent, and trustworthy.","['q-bio.PE', 'cs.AI']",http://arxiv.org/abs/2604.20626v1,https://arxiv.org/pdf/2604.20626v1,22/04/2026-14:41:47,"['Lukas Picek', 'Timm Haucke', 'Lukáš Adam', 'Ekaterina Nepovinnykh', 'Lasha Otarashvili', 'Kostas Papafitsoros', 'Tanya Berger-Wolf', 'Michael B. Brown', 'Tilo Burghardt', 'Vojtech Cermak', 'Daniela Hedwig', 'Justin Kitzes', 'Sam Lapp', 'Subhransu Maji', 'Daniel Rubenstein', 'Arjun Subramonian', 'Charles Stewart', 'Silvia Zuffi', 'Sara Beery']",q-bio.PE
Stochastic Krylov Dynamics: Revisiting Operator Growth in Open Quantum Systems,"In closed quantum systems, Krylov complexity admits a geometric description; operator growth is equivalent to Hamiltonian flow in an emergent phase space whose structure is fixed by the Lanczos coefficients. We show that this picture survives, albeit in a fundamentally altered form, once the system is coupled to an environment.Using a Schwinger-Keldysh formulation of the full counting statistics of the Krylov position, we derive an effective action for operator growth under Lindblad dynamics. Even for the minimal case of dephasing, the phase-space dynamics ceases to be Hamiltonian; environmental coupling generates diffusion in the variable conjugate to Krylov depth, converting deterministic trajectories in to stochastic ones. The hyperbolic mechanism underlying exponential complexity growth is therefore broadened and, beyond a parametrically controlled scale, destroyed.This identifies dissipation as a relevant perturbation of the chaotic Krylov fixed point and reveals operator growth in open systems as a problem of stochastic dynamics in an emergent phase space.","['hep-th', 'cond-mat.stat-mech', 'quant-ph']",http://arxiv.org/abs/2604.20619v1,https://arxiv.org/pdf/2604.20619v1,22/04/2026-14:33:49,"['Arpan Bhattacharyya', 'S. Shajidul Haque', 'Jeff Murugan', 'Mpho Tladi', 'Hendrik J. R. Van Zyl']",hep-th
How Will My Business Process Unfold? Predicting Case Suffixes With Start and End Timestamps,"Predictive process monitoring supports operational decision-making by forecasting future states of ongoing business cases. A key task is case suffix prediction, which estimates the remaining sequence of activities for a case. Most existing approaches only generate activities with a single timestamp (usually the completion time). However, this is insufficient for resource capacity planning, which requires distinguishing between waiting time and processing time to accurately schedule resources and manage workloads. This paper introduces a technique to predict case suffixes that include both start and end timestamps. By predicting distinct waiting and processing intervals, the method provides a more granular view of future resource demands.",['cs.LG'],http://arxiv.org/abs/2509.14536v3,https://arxiv.org/pdf/2509.14536v3,18/09/2025-02:01:30,"['Muhammad Awais Ali', 'Marlon Dumas', 'Fredrik Milani']",cs.LG
Why AI-Generated Text Detection Fails: Evidence from Explainable AI Beyond Benchmark Accuracy,"The widespread adoption of Large Language Models (LLMs) has made the detection of AI-Generated text a pressing and complex challenge. Although many detection systems report high benchmark accuracy, their reliability in real-world settings remains uncertain, and their interpretability is often unexplored. In this work, we investigate whether contemporary detectors genuinely identify machine authorship or merely exploit dataset-specific artefacts. We propose an interpretable detection framework that integrates linguistic feature engineering, machine learning, and explainable AI techniques. When evaluated on two prominent benchmark corpora, namely PAN CLEF 2025 and COLING 2025, our model trained on 30 linguistic features achieves leaderboard-competitive performance, attaining an F1 score of 0.9734. However, systematic cross-domain and cross-generator evaluation reveals substantial generalisation failure: classifiers that excel in-domain degrade significantly under distribution shift. Using SHAP- based explanations, we show that the most influential features differ markedly between datasets, indicating that detectors often rely on dataset-specific stylistic cues rather than stable signals of machine authorship. Further investigation with in-depth error analysis exposes a fundamental tension in linguistic-feature-based AI text detection: the features that are most discriminative on in-domain data are also the features most susceptible to domain shift, formatting variation, and text-length effects. We believe that this knowledge helps build AI detectors that are robust across different settings. To support replication and practical use, we release an open-source Python package that returns both predictions and instance-level explanations for individual texts.","['cs.CL', 'cs.AI']",http://arxiv.org/abs/2603.23146v2,https://arxiv.org/pdf/2603.23146v2,24/03/2026-12:46:15,"['Shushanta Pudasaini', 'Luis Miralles-Pechuán', 'David Lillis', 'Marisa Llorens Salvador']",cs.CL
"Too Sharp, Too Sure: When Calibration Follows Curvature","Modern neural networks can achieve high accuracy while remaining poorly calibrated, producing confidence estimates that do not match empirical correctness. Yet calibration is often treated as a post-hoc attribute. We take a different perspective: we study calibration as a training-time phenomenon on small vision tasks, and ask whether calibrated solutions can be obtained reliably by intervening on the training procedure. We identify a tight coupling between calibration, curvature, and margins during training of deep networks under multiple gradient-based methods. Empirically, Expected Calibration Error (ECE) closely tracks curvature-based sharpness throughout optimization. Mathematically, we show that both ECE and Gauss--Newton curvature are controlled, up to problem-specific constants, by the same margin-dependent exponential tail functional along the trajectory. Guided by this mechanism, we introduce a margin-aware training objective that explicitly targets robust-margin tails and local smoothness, yielding improved out-of-sample calibration across optimizers without sacrificing accuracy.","['cs.LG', 'math.DS', 'math.OC', 'stat.ML']",http://arxiv.org/abs/2604.20614v1,https://arxiv.org/pdf/2604.20614v1,22/04/2026-14:28:52,"['Alessandro Morosini', 'Matea Gjika', 'Tomaso Poggio', 'Pierfrancesco Beneventano']",cs.LG
E-values and sequential power-one tests for monotonicity and unimodality,"We develop e-values and e-processes testing the null hypothesis that a distribution over nonnegative integers is monotone, and that a distribution over integers is unimodal given a certain mode. Our e-processes lead to tests of power one under any non-null distribution with a sequence of i.i.d. observations, and consistent set-valued mode estimators that eventually equal the true set of modes. Additionally, we characterize the set of all e-values, and therefore the set of all valid tests, with one monotone and unimodal observation, as well as the most powerful e-value for a fixed alternative. We then show that many of our results can be generalized to continuous random variables, relating them to the existing results in the shape-constrained inference literature.","['math.ST', 'math.PR']",http://arxiv.org/abs/2604.20612v1,https://arxiv.org/pdf/2604.20612v1,22/04/2026-14:28:21,"['Hongjian Wang', 'Aaditya Ramdas']",math.ST
Efficiently Closing Loops in LiDAR-Based SLAM Using Point Cloud Density Maps,"Consistent maps are key for most autonomous mobile robots, and they often use SLAM approaches to build such maps. Loop closures via place recognition help to maintain accurate pose estimates by mitigating global drift, and are thus key for realizing an effective SLAM system. This paper presents a robust loop closure detection pipeline for outdoor SLAM with LiDAR-equipped robots. Our method handles various LiDAR sensors with different scanning patterns, fields of view, and resolutions. It generates local maps from LiDAR scans and aligns them using a ground alignment module to handle both planar and non-planar motion of the LiDAR, ensuring applicability across platforms. The method uses density-preserving bird's-eye-view projections of these local maps and extracts ORB feature descriptors for place recognition. It stores the feature descriptors in a binary search tree for efficient retrieval, and self-similarity pruning addresses perceptual aliasing in repetitive environments. Extensive experiments on public and self-recorded datasets demonstrate accurate loop closure detection, long-term localization, and cross-platform multi-map alignment, agnostic to the LiDAR scanning patterns, fields of view, and motion profiles. We provide the code for our pipeline as open-source software at https://github.com/PRBonn/MapClosures.",['cs.RO'],http://arxiv.org/abs/2501.07399v2,https://arxiv.org/pdf/2501.07399v2,13/01/2025-15:17:10,"['Saurabh Gupta', 'Tiziano Guadagnino', 'Benedikt Mersch', 'Niklas Trekel', 'Meher V. R. Malladi', 'Cyrill Stachniss']",cs.RO
Distributed Quantum Optimization for Large-Scale Higher-Order Problems with Dense Interactions,"Many real-world problems are naturally formulated as higher-order optimization (HUBO) tasks involving dense, multi-variable interactions, which are challenging to solve with classical methods. Quantum optimization offers a promising route, but hardware constraints and limitations to quadratic formulations have hampered their practicality. Here, we develop a distributed quantum optimization framework (DQOF) for dense, large-scale HUBO problems. DQOF assigns quantum circuits a central role in directly capturing higher-order interactions, while high-performance computing orchestrates large-scale parallelism and coordination. A clustering strategy enables wide quantum circuits without increasing depth, allowing efficient execution on near-term quantum hardware. We demonstrate high-quality solutions for HUBOs up to 500 variables within 170 seconds, significantly outperforming conventional approaches in solution quality and scalability. Applied to optical metamaterial design, DQOF efficiently discovers high-performance structures and shows that higher-order interactions are important for practical optimization problems. These results establish DQOF as a practical and scalable computational paradigm for large-scale scientific optimization.","['quant-ph', 'cs.CE', 'cs.DC']",http://arxiv.org/abs/2604.20599v1,https://arxiv.org/pdf/2604.20599v1,22/04/2026-14:15:20,"['Seongmin Kim', 'Vincent R. Pascuzzi', 'Travis S. Humble', 'Thomas Beck', 'Sanghyo Hwang', 'Tengfei Luo', 'Eungkyu Lee', 'In-Saeng Suh']",quant-ph
Nonlinear Weak Lensing reconstruction for Galaxy Clusters,"We present a numerical investigation of nonlinear cluster lens reconstruction using weak lensing mass mapping. Recent advances in imaging and shear estimation have pushed reliable reduced shear measurements closer to cluster cores, making mass reconstruction accessible in the nonlinear regime. However, the Kaiser-Squires based algorithm becomes unstable in cluster cores, where convergence $κ$ significantly deviates from zero and the linear approximation breaks down. To address this limitation, we develop a reconstruction framework with two key modifications: applying smooth masks to these regions and using a model-derived analytical solution as the initial guess, rather than assuming $κ= 0$. We validate our framework using simulated cluster lensing data with known mass distributions, incorporating realistic masks that arise from limitations in reduced shear measurements. We show that in the absence of shape noise, our framework yields high-fidelity mass reconstruction in regions of large reduced shear, with the best-performing method achieving residuals below $0.02 σ$ in the unmasked regions. This pushes mass reconstruction to higher accuracy in the nonlinear regime.",['astro-ph.CO'],http://arxiv.org/abs/2601.02816v2,https://arxiv.org/pdf/2601.02816v2,06/01/2026-08:46:16,"['Yuan Shi', 'Li Cui']",astro-ph.CO
Amortized Vine Copulas for High-Dimensional Density and Information Estimation,"Modeling high-dimensional dependencies while keeping likelihoods tractable remains challenging. Classical vine-copula pipelines are interpretable but can be expensive, while many neural estimators are flexible but less structured. In this work, we propose Vine Denoising Copula (VDC), an amortized vine-copula pipeline that trains a single bivariate denoising model and reuses it across all vine edges. For each edge, given pseudo-observations, the model predicts a density grid. We then apply an IPFP/Sinkhorn projection that enforces non-negativity, unit mass, and uniform marginals. This keeps the exact vine likelihood and preserves the usual copula interpretation while replacing repeated per-edge optimization with GPU inference. Across synthetic and real-data benchmarks, VDC delivers strong bivariate density accuracy, competitive MI/TC estimation, and substantial speedups for high-dimensional vine fitting. In practice, these gains make explicit information estimation and dependence decomposition feasible at scales where repeated vine fitting would otherwise be costly, although conditional downstream inference remains mixed.","['cs.LG', 'cs.IT', 'stat.ME']",http://arxiv.org/abs/2604.20568v1,https://arxiv.org/pdf/2604.20568v1,22/04/2026-13:49:14,['Houman Safaai'],cs.LG
Proximal Discontinuous Galerkin Methods for Variational Inequalities,"We introduce a family of proximal discontinuous Galerkin methods for variational inequalities, focusing on the obstacle problem as a didactic example. Each member of this family is born from applying a different well-known nonconforming finite element discretization to the Bregman proximal point method. We explicitly treat four examples: the symmetric interior penalty discontinuous Galerkin, the enriched Galerkin, the hybridizable interior penalty and the hybrid high-order methods. We formulate a unified analysis framework for this family of methods and prove the existence and uniqueness of solutions, energy dissipation, and error estimates for both the primal and dual variables. Remarkably, the proximal hybrid high-order method with piecewise constant cell unknowns and piecewise affine facet unknowns leads to the first higher-order convergence result for any proximal Galerkin method.",['math.NA'],http://arxiv.org/abs/2604.19708v2,https://arxiv.org/pdf/2604.19708v2,21/04/2026-17:31:33,"['Alexandre Ern', 'Brendan Keith', 'Dohyun Kim', 'Rami Masri', 'Beatrice Riviere']",math.NA
On Bayesian Softmax-Gated Mixture-of-Experts Models,"Mixture-of-experts models provide a flexible framework for learning complex probabilistic input-output relationships by combining multiple expert models through an input-dependent gating mechanism. These models have become increasingly prominent in modern machine learning, yet their theoretical properties in the Bayesian framework remain largely unexplored. In this paper, we study Bayesian mixture-of-experts models, focusing on the ubiquitous softmax-based gating mechanism. Specifically, we investigate the asymptotic behavior of the posterior distribution for three fundamental statistical tasks: density estimation, parameter estimation, and model selection. First, we establish posterior contraction rates for density estimation, both in the regimes with a fixed, known number of experts and with a random learnable number of experts. We then analyze parameter estimation and derive convergence guarantees based on tailored Voronoi-type losses, which account for the complex identifiability structure of mixture-of-experts models. Finally, we propose and analyze two complementary strategies for selecting the number of experts. Taken together, these results provide one of the first systematic theoretical analyses of Bayesian mixture-of-experts models with softmax gating, and yield several theory-grounded insights for practical model design.","['stat.ML', 'cs.LG']",http://arxiv.org/abs/2604.20551v1,https://arxiv.org/pdf/2604.20551v1,22/04/2026-13:37:00,"['Nicola Bariletto', 'Huy Nguyen', 'Nhat Ho', 'Alessandro Rinaldo']",stat.ML
Enhancing Research Idea Generation through Combinatorial Innovation and Multi-Agent Iterative Search Strategies,"Scientific progress depends on the continual generation of innovative re-search ideas. However, the rapid growth of scientific literature has greatly increased the cost of knowledge filtering, making it harder for researchers to identify novel directions. Although existing large language model (LLM)-based methods show promise in research idea generation, the ideas they produce are often repetitive and lack depth. To address this issue, this study proposes a multi-agent iterative planning search strategy inspired by com-binatorial innovation theory. The framework combines iterative knowledge search with an LLM-based multi-agent system to generate, evaluate, and re-fine research ideas through repeated interaction, with the goal of improving idea diversity and novelty. Experiments in the natural language processing domain show that the proposed method outperforms state-of-the-art base-lines in both diversity and novelty. Further comparison with ideas derived from top-tier machine learning conference papers indicates that the quality of the generated ideas falls between that of accepted and rejected papers. These results suggest that the proposed framework is a promising approach for supporting high-quality research idea generation. The source code and dataset used in this paper are publicly available on Github repository: https://github.com/ChenShuai00/MAGenIdeas. The demo is available at https://huggingface.co/spaces/cshuai20/MAGenIdeas.","['cs.CL', 'cs.AI', 'cs.DL', 'cs.IR']",http://arxiv.org/abs/2604.20548v1,https://arxiv.org/pdf/2604.20548v1,22/04/2026-13:31:12,"['Shuai Chen', 'Chengzhi Zhang']",cs.CL
On the positivity of MSbar parton distributions,"We revisit our argument that shows that parton distribution Functions (PDFs) in the MSbar{ scheme are non-negative in the perturbative region, with the main goals of elucidating its domain of validity and clarifying its theoretical underpinnings. We specifically discuss recent results proving that PDFs can turn negative at sufficiently low scale, we clarify quantitatively various aspects of our derivation of positivity in the perturbative region, and we provide an estimate for the scale above which PDF positivity holds.","['hep-ph', 'hep-ex']",http://arxiv.org/abs/2308.00025v4,https://arxiv.org/pdf/2308.00025v4,31/07/2023-18:00:01,"['Alessandro Candido', 'Stefano Forte', 'Tommaso Giani', 'Felix Hekhorn']",hep-ph
Imaging the transition from diffusive to Landauer resistivity dipoles,"A point-like defect in a uniform current-carrying conductor induces a dipole in the electrochemical potential, which counteracts the original transport field. If the mean free path of the carriers is much smaller than the size of the defect, the dipole results from the purely diffusive motion of the carriers around the defect. In the opposite limit, ballistic carriers scatter from the defect$-$for this situation, Rolf Landauer postulated the emergence of residual resistivity dipoles that are independent of the defect size and thus impose a fundamental limit on the resistance of the parent conductor. Here, we study resistivity dipoles around holes of different sizes in two-dimensional Bi films on Si(111). Using scanning tunneling potentiometry to image the dipoles, we find a crossover from linear to constant scaling behavior of their amplitudes with defect size, manifesting the transition from diffusive to Landauer dipoles. The extracted parameters of the transition allow us to estimate the Fermi wave vector and the carrier mean free path in our Bi films.",['cond-mat.mes-hall'],http://arxiv.org/abs/2412.15817v4,https://arxiv.org/pdf/2412.15817v4,20/12/2024-11:58:42,"['Serhii Kovalchuk', 'David Kämpfer', 'Jonathan K. Hofmann', 'Timofey Balashov', 'Vasily Cherepanov', 'Bert Voigtländer', 'Ireneusz Morawski', 'F. Stefan Tautz', 'Felix Lüpke']",cond-mat.mes-hall
A semiclassical approach to spectral estimates for random Landau Schrodinger operators,"We prove spectral properties for random Landau Schrödinger operators on $L^2(\mathbb{R}^2)$ with bounded, random potentials supported in a square $Λ_L \subset \mathbb{R}^2$ of side length $L>0$, using semiclassical pseudodifferential calculus. The semiclassical parameter $h$ is the inverse of the magnetic field strength $B > 0$. By means of the Grushin method, we are led to the analysis of an effective Hamiltonian on $L^2 (\mathbb{R})$, the principal term of which is a sum of certain compact, self-adjoint pseudodifferential operators. By analyzing these operators, we prove semiclassical Wegner and Minami estimates for the random Landau Schrodinger operator in energy intervals in the spectral bands around each Landau level.",['math-ph'],http://arxiv.org/abs/2604.20525v1,https://arxiv.org/pdf/2604.20525v1,22/04/2026-13:02:35,"['D. Borthwick', 'S. Eswarathasan', 'P. D. Hislop']",math-ph
Spatio-Temporal Cluster-Triggered Encoding for Spiking Neural Networks,"Encoding static images into spike trains is a fundamental step for enabling Spiking Neural Networks (SNNs) to process visual information. However, widely used methods such as rate coding, Poisson encoding, and time-to-first-spike (TTFS) often neglect spatial correlations and produce temporally inconsistent spike patterns, limiting both efficiency and interpretability. In this work, we propose a novel cluster-based encoding framework that explicitly preserves semantic structure across both spatial and temporal domains. The method first introduces a 2D spatial clustering mechanism, which leverages connected component analysis and local density estimation to identify salient foreground regions. Building upon this, we extend the approach to a 3D spatio-temporal (ST3D) encoding scheme that incorporates temporal neighborhood information, generating spike trains with enhanced temporal coherence. Experiments on the N-MNIST dataset demonstrate that the proposed ST3D encoder achieves 98.17% classification accuracy using a simple single-layer SNN, outperforming conventional TTFS encoding (97.58%). Notably, this performance is achieved with significantly fewer spikes (3800 vs. 5000 per sample), highlighting improved efficiency without sacrificing accuracy. These results indicate that the proposed method provides an interpretable, structure-aware, and computationally efficient encoding strategy, offering strong potential for neuromorphic computing applications.","['cs.NE', 'eess.SP']",http://arxiv.org/abs/2511.08469v2,https://arxiv.org/pdf/2511.08469v2,11/11/2025-17:15:08,['Minchi Hu'],cs.NE
Bounding Transient Instability in Sensor Data Injected Nonlinear Stochastic Flight Dynamics,"Transient instability in nonlinear stochastic dynamical systems is a fundamental limitation in safety-critical aerospace applications, particularly during powered descent and landing where failure is driven by finite-time excursions rather than asymptotic divergence. Classical notions of mean-square or asymptotic stability are therefore insufficient for certification and design. This paper develops a logarithmic-norm-based framework for finite-time transient stability analysis of nonlinear Ito stochastic differential equations. The approach extends matrix measures to nonlinear mappings in a Lipschitz sense, enabling efficient characterization of instantaneous perturbation growth without local linearization. Using Ito calculus, bounds on the mean and variance of transient growth are derived, providing conditions for non-positive finite-time mean growth and probabilistic bounds on instability events. The analysis highlights a key distinction between mean and sample-path behavior, showing that stability in expectation does not guarantee pathwise finite-time safety, and that almost-sure transient stability cannot generally be ensured under stochastic diffusion. The framework is extended to data-constrained stochastic dynamics in navigation and estimation, revealing a trade-off between estimation consistency and transient robustness due to continuous data injection. Demonstrations with flight-like lunar lander telemetry show that similar mean trajectories can exhibit significantly different transient stability behaviour, and that mission failure correlates with accumulation of transient instability over short critical intervals. These results motivate probabilistic finite-time stability metrics for safety-critical autonomous systems.","['math.DS', 'math.OC', 'stat.CO']",http://arxiv.org/abs/2604.20517v1,https://arxiv.org/pdf/2604.20517v1,22/04/2026-12:59:20,"['Surya Ratna Prakash D', 'Soumyendu Raha']",math.DS
Macroscopic loops in the random loop model on sparse random graphs,"We study the random loop model with crosses and bars on sparse random graphs. Our main objective is to prove the existence of macroscopic loops, in the sense that a loop visits a positive proportion of the vertices. We develop a deterministic drift method on arbitrary finite graphs based on three ingredients: a local split--merge--rewire analysis for the loop number, an exact differential identity for the partition function, and a slice estimate reducing the relevant same-loop insertion volume to induced edge counts of small vertex sets. This yields a general criterion in terms of a small-set sparsity condition on the underlying graph. We then verify this condition for random regular graphs, sparse Erdős--Rényi graphs, and simple bounded-degree configuration models, obtaining averaged lower bounds on the probability of a macroscopic loop whenever the edge density exceeds an explicit threshold depending on the loop weight \(θ\) and the cross parameter \(u\). For integer values of \(θ\), a trace representation of the partition function implies log-convexity, which upgrades the averaged bounds to pointwise-in-time results away from the threshold time.","['math.PR', 'math-ph']",http://arxiv.org/abs/2604.20514v1,https://arxiv.org/pdf/2604.20514v1,22/04/2026-12:57:47,['Andreas Klippel'],math.PR
CHASM: Unveiling Covert Advertisements on Chinese Social Media,"Current benchmarks for evaluating large language models (LLMs) in social media moderation completely overlook a serious threat: covert advertisements, which disguise themselves as regular posts to deceive and mislead consumers into making purchases, leading to significant ethical and legal concerns. In this paper, we present the CHASM, a first-of-its-kind dataset designed to evaluate the capability of Multimodal Large Language Models (MLLMs) in detecting covert advertisements on social media. CHASM is a high-quality, anonymized, manually curated dataset consisting of 4,992 instances, based on real-world scenarios from the Chinese social media platform Rednote. The dataset was collected and annotated under strict privacy protection and quality control protocols. It includes many product experience sharing posts that closely resemble covert advertisements, making the dataset particularly challenging.The results show that under both zero-shot and in-context learning settings, none of the current MLLMs are sufficiently reliable for detecting covert advertisements.Our further experiments revealed that fine-tuning open-source MLLMs on our dataset yielded noticeable performance gains. However, significant challenges persist, such as detecting subtle cues in comments and differences in visual and textual structures.We provide in-depth error analysis and outline future research directions. We hope our study can serve as a call for the research community and platform moderators to develop more precise defenses against this emerging threat.","['cs.LG', 'cs.AI', 'cs.CL', 'cs.CV', 'cs.CY']",http://arxiv.org/abs/2604.20511v1,https://arxiv.org/pdf/2604.20511v1,22/04/2026-12:53:36,"['Jingyi Zheng', 'Tianyi Hu', 'Yule Liu', 'Zhen Sun', 'Zongmin Zhang', 'Zifan Peng', 'Wenhan Dong', 'Xinlei He']",cs.LG
Composition-RL: Compose Your Verifiable Prompts for Reinforcement Learning of Large Language Models,"Large-scale verifiable prompts underpin the success of Reinforcement Learning with Verifiable Rewards (RLVR), but they contain many uninformative examples and are costly to expand further. Recent studies focus on better exploiting limited training data by prioritizing hard prompts whose rollout pass rate is 0. However, easy prompts with a pass rate of 1 also become increasingly prevalent as training progresses, thereby reducing the effective data size. To mitigate this, we propose Composition-RL, a simple yet useful approach for better utilizing limited verifiable prompts targeting pass-rate-1 prompts. More specifically, Composition-RL automatically composes multiple problems into a new verifiable question and uses these compositional prompts for RL training. Extensive experiments across model sizes from 4B to 30B show that Composition-RL consistently improves reasoning capability over RL trained on the original dataset. Performance can be further boosted with a curriculum variant of Composition-RL that gradually increases compositional depth over training. Additionally, Composition-RL enables more effective cross-domain RL by composing prompts drawn from different domains. Codes, datasets, and models are available at https://github.com/XinXU-USTC/Composition-RL.",['cs.CL'],http://arxiv.org/abs/2602.12036v2,https://arxiv.org/pdf/2602.12036v2,12/02/2026-15:03:37,"['Xin Xu', 'Clive Bai', 'Kai Yang', 'Tianhao Chen', 'Yangkun Chen', 'Weijie Liu', 'Hao Chen', 'Yang Wang', 'Saiyong Yang', 'Can Yang']",cs.CL
Evaluating the Quality of the Quantified Uncertainty for (Re)Calibration of Data-Driven Regression Models,"In safety-critical applications data-driven models must not only be accurate but also provide reliable uncertainty estimates. This property, commonly referred to as calibration, is essential for risk-aware decision-making. In regression a wide variety of calibration metrics and recalibration methods have emerged. However, these metrics differ significantly in their definitions, assumptions and scales, making it difficult to interpret and compare results across studies. Moreover, most recalibration methods have been evaluated using only a small subset of metrics, leaving it unclear whether improvements generalize across different notions of calibration. In this work, we systematically extract and categorize regression calibration metrics from the literature and benchmark these metrics independently of specific modelling methods or recalibration approaches. Through controlled experiments with real-world, synthetic and artificially miscalibrated data, we demonstrate that calibration metrics frequently produce conflicting results. Our analysis reveals substantial inconsistencies: many metrics disagree in their evaluation of the same recalibration result, and some even indicate contradictory conclusions. This inconsistency is particularly concerning as it potentially allows cherry-picking of metrics to create misleading impressions of success. We identify the Expected Normalized Calibration Error (ENCE) and the Coverage Width-based Criterion (CWC) as the most dependable metrics in our tests. Our findings highlight the critical role of metric selection in calibration research.","['cs.LG', 'stat.ML']",http://arxiv.org/abs/2508.17761v3,https://arxiv.org/pdf/2508.17761v3,25/08/2025-07:59:03,"['Jelke Wibbeke', 'Nico Schönfisch', 'Sebastian Rohjans', 'Andreas Rauh']",cs.LG
Near-Field Wideband Channel Estimation for XL-MIMO Systems via Denoising Diffusion Model,"Extremely large-scale multiple-input multiple-output (XL-MIMO) is a key enabling technology for sixth-generation (6G) communication systems. Nevertheless, the increase in array aperture and signal bandwidth brings new challenges to wideband channel estimation in XL-MIMO systems. Motivated by recent advances in deep generative modeling, we propose a diffusion model-based method for near-field wideband channel estimation in XL-MIMO systems. We first analyze the statistical correlation of wideband channel and show that near-field wideband channel exhibits both spatial non-stationarity and beam split effects. Based on these observations, the channel estimation problem is formulated as a Bayesian posterior inference task, in which a diffusion model is employed to learn the prior distribution of the channel. To further enhance the representation of complex spatial-frequency channel structures, we design a denoising network with a multi-scale attention mechanism. In particular, the network extracts multi-scale spatial-frequency features via parallel convolutional branches with different receptive fields, and combines feature attention and spatial attention modules to adaptively emphasize critical channel features. This design enables more accurate modeling of near-field wideband channel distributions and consequently improves channel estimation performance. Experimental results demonstrate that the proposed method exhibits superior robustness to existing baseline schemes for XL-MIMO wideband channel estimation under different experimental settings.",['eess.SP'],http://arxiv.org/abs/2604.20494v1,https://arxiv.org/pdf/2604.20494v1,22/04/2026-12:26:35,"['Qingxia Feng', 'Yin Fang', 'Meng Hua', 'Cheng Zhang', 'Chunguo Li', 'Yongming Huang', 'Luxi Yang']",eess.SP
Modeling and forecasting subnational age distribution of death counts,"Existing mortality forecasting methods focus on age-specific mortality rates, which lie in an unconstrained space and overlook the distributional nature of life-table death counts. Few studies have developed and compared forecasting methods that model the shape and dynamics of the age distribution of deaths, especially at the subnational level, where data quality varies greatly. This paper presents several forecasting methods to model and forecast the subnational age distribution of death counts. The age distribution of death counts has many similarities to probability density functions, which are non-negative and have a constrained integral, and thus live in a constrained nonlinear space. To address the nonlinear nature of objects, we implement a cumulative distribution function transformation that is scale-free and has additional monotonicity. Using subnational Japanese life-table death counts from the Japanese Mortality Database (2025), we evaluate the forecast accuracy of the transformation and forecasting methods. The improved forecast accuracy of life-table death counts implemented here will be of great interest to demographers in estimating regional age-specific survival probabilities and life expectancy, and to actuaries as a foundation for exploring potential applications in determining annuity prices for various ages and maturities.","['stat.ME', 'stat.AP']",http://arxiv.org/abs/2503.16744v3,https://arxiv.org/pdf/2503.16744v3,20/03/2025-23:11:50,"['Han Lin Shang', 'Cristian F. Jiménez-Varón']",stat.ME
Dilaton-Induced Resonant Production of Ultralight Vector Dark Matter,"We study the resonant production of ultralight vector dark matter from an oscillating spectator scalar $φ$ coupled to a massive vector $A_μ$ through a dilatonic kinetic function $\W(φ)$. The mechanism contains a narrow branch near $\mA/\mphi\simeq 1/2$. Assuming that the spectator remains subdominant until oscillations begin, we derive the onset fraction $r_i=\Phii^2/(6\Mpl^2)$ and show that, in the linear regime and for a background with constant equation-of-state parameter $w_b$, the growth-to-Hubble ratio scales as $μ/H\propto a^{3w_b/2}$. Combined with the tuned-branch abundance estimate, this implies $m_{γ'}\propto r_i^{-2}$ for the relic dark-photon mass. In particular, the interval $m_{γ'}\sim10^{-20}$--$10^{-18}\,\mathrm{eV}$ maps to $r_i\sim10^{-4}$--$10^{-5}$, corresponding to a radiation-dominated onset with a subdominant spectator, while for $M=10^{17}\,\mathrm{GeV}$ the perturbative range $ε_i=0.1$--$1$ gives $m_{γ'}\sim10^{-17}$--$10^{-21}\,\mathrm{eV}$. We also derive the polarization-resolved quadratic action in an FLRW background and formulate ultraviolet consistency conditions for both Stückelberg and Higgs completions, including perturbative control of the kinetic modulation, dark-Higgs decoupling, and symmetry-restoration bounds from vector backreaction.",['hep-ph'],http://arxiv.org/abs/2604.20481v1,https://arxiv.org/pdf/2604.20481v1,22/04/2026-12:14:09,"['Imtiaz Khan', 'G. Mustafa', 'Jehanzad Zafar', 'Farruh Atamurotov', 'Ahmadjon Abdujabbarov', 'Chengxun Yuan']",hep-ph
Adaptive Sparse Group Lasso Penalized Quantile Regression via Dual ADMM,"Sparse penalized quantile regression provides an effective framework for variable selection and robust estimation in high-dimensional data analysis. When ex planatory variables are organized into groups, achieving sparsity both within and between groups is essential. However, existing quantile regression methods often fail to meet this dual objective. To address this gap, we introduce the adaptive sparse group lasso penalized quantile regression, which integrates adaptive lasso and adaptive group lasso penalties. We optimize the model parameters via the alternating direction method of multipliers (ADMM) applied to the dual problem, and establish global convergence. Through extensive simulation studies and real data analyses, we demonstrate (i) the efficacy of the proposed method in achieving simultaneous within- and between-group sparsity, and (ii) the computational efficiency of our algorithm relative to existing alternatives.",['stat.CO'],http://arxiv.org/abs/2604.12694v2,https://arxiv.org/pdf/2604.12694v2,14/04/2026-13:05:06,"['Huayan Kou', 'Yuwen Gu', 'Yi Lian', 'Rui Zhang', 'Jun Fan']",stat.CO
Video-ToC: Video Tree-of-Cue Reasoning,"Existing Video Large Language Models (Video LLMs) struggle with complex video understanding, exhibiting limited reasoning capabilities and potential hallucinations. In particular, these methods tend to perform reasoning solely relying on the pretrained inherent reasoning rationales whilst lacking perception-aware adaptation to the input video content. To address this, we propose \textbf{Video-ToC}, a novel video reasoning framework that enhances video understanding through tree-of-cue reasoning. Specifically, our approach introduces three key innovations: (1) A tree-guided visual cue localization mechanism, which endows the model with enhanced fine-grained perceptual capabilities through structured reasoning patterns; (2) A reasoning-demand reward mechanism, which dynamically adjusts the reward value for reinforcement learning (RL) based on the estimation of reasoning demands, enabling on-demand incentives for more effective reasoning strategies; and (3) An automated annotation pipeline that constructs the Video-ToC-SFT-1k and Video-ToC-RL-2k datasets for supervised fine-tuning (SFT) and RL training, respectively. Extensive evaluations on six video understanding benchmarks and a video hallucination benchmark demonstrate the superiority of Video-ToC over baselines and recent methods. Code is available at https://github.com/qizhongtan/Video-ToC.",['cs.CV'],http://arxiv.org/abs/2604.20473v1,https://arxiv.org/pdf/2604.20473v1,22/04/2026-12:02:24,"['Qizhong Tan', 'Zhuotao Tian', 'Guangming Lu', 'Jun Yu', 'Wenjie Pei']",cs.CV
Temporal Difference Calibration in Sequential Tasks: Application to Vision-Language-Action Models,"Recent advances in vision-language-action (VLA) models for robotics have highlighted the importance of reliable uncertainty quantification in sequential tasks. However, assessing and improving calibration in such settings remains mostly unexplored, especially when only partial trajectories are observed. In this work, we formulate sequential calibration for episodic tasks, where task-success confidence is produced along an episode, while success is determined at the end of it. We introduce a sequential extension of the Brier score and show that, for binary outcomes, its risk minimizer coincides with the VLA policy's value function. This connection bridges uncertainty calibration and reinforcement learning, enabling the use of temporal-difference (TD) value estimation as a principled calibration mechanism over time. We empirically show that TD calibration improves performance relative to the state-of-the-art on simulated and real-robot data. Interestingly, we show that when calibrated using TD, the VLA's single-step action probabilities can yield competitive uncertainty estimates, in contrast to recent findings that employed different calibration techniques.","['cs.RO', 'cs.LG']",http://arxiv.org/abs/2604.20472v1,https://arxiv.org/pdf/2604.20472v1,22/04/2026-11:58:05,"['Shelly Francis-Meretzki', 'Mirco Mutti', 'Yaniv Romano', 'Aviv Tamar']",cs.RO
Temperature dependence of electronic conductivity from ab initio thermal simulation,"We present a temperature-dependent extension of the approximate electronic conductivity formula of Hindley and Mott that leverages time-averaged fluctuations of the electronic density of states obtained from ab initio molecular dynamics. By thermally averaging the square of the density of states near the Fermi level, we obtain an estimate of the temperature dependence of the conductivity. This approach termed the thermally-averaged Hindley-Mott (TAHM) method was applied to five representative systems: crystalline aluminum (c-Al), aluminum with a grain boundary (AlGB), a four-layer graphene-aluminum composite (Al-Gr), amorphous silicon (a-Si) and amorphous germanium-antimony-telluride (a-GST). The method reproduces the expected Bloch-Gruneisen decrease in conductivity for c-Al and AlGB. Generally, the reduction (increase) in conductivity for metallic (semiconducting) materials are reproduced. It captures microstructure-induced, thermally activated conduction in multilayer Al-Gr, a-Si and a-GST. Overall, the approach provides a computationally efficient link between time-dependent electronic structure and temperature-dependent transport, offering a simple and approximate tool for exploring electronic conductivity trends in complex and disordered materials.",['cond-mat.mtrl-sci'],http://arxiv.org/abs/2602.06076v2,https://arxiv.org/pdf/2602.06076v2,03/02/2026-18:49:47,"['Ridwan Hussein', 'Chinonso Ugwumadu', 'Kishor Nepal', 'Roxanne M. Tutchton', 'Keerti Kappagantula', 'David Alan Drabold']",cond-mat.mtrl-sci
Meta-Offline and Distributional Multi-Agent RL for Risk-Aware Decision-Making,"Mission critical applications, such as UAV-assisted IoT networks require risk-aware decision-making under dynamic topologies and uncertain channels. We propose meta-conservative quantile regression (M-CQR), a meta-offline distributional MARL algorithm that integrates conservative Q-learning (CQL) for safe offline learning, quantile regression DQN (QR-DQN) for risk-sensitive value estimation, and model-agnostic meta-learning (MAML) for rapid adaptation. Two variants are developed: meta-independent CQR (M-I-CQR) and meta-CTDE-CQR. In a UAV-based communication scenario, M-CTDE-CQR achieves up to 50% faster convergence and outperforms baseline MARL methods, offering improved scalability, robustness, and adaptability for risk-sensitive decision-making. Code is available at https://github.com/Eslam211/MA_Meta_ODRL",['cs.MA'],http://arxiv.org/abs/2501.16098v2,https://arxiv.org/pdf/2501.16098v2,27/01/2025-14:47:19,"['Eslam Eldeeb', 'Hirley Alves']",cs.MA
Integrating behavioral experimental findings into dynamical models to inform social change interventions,"Addressing global challenges often involves stimulating the large-scale adoption of new products or behaviors. Research traditions that focus on individual decision making suggest that achieving this objective requires identifying the drivers of individual discrete adoption choices. On the other hand, computational approaches rooted in complexity science focus on maximizing the propagation of a given product or behavior throughout social networks of interconnected adopters. Here, by integrating discrete choice modeling into the complex contagion theory, we propose a method to estimate individual-level thresholds to adoption. We validate the predictive power of this approach in two choice experiments. By integrating the estimated thresholds into computational simulations, we show that state-of-the-art seeding policies for initiating large-scale behavioral change might be suboptimal if they neglect individual-level behavioral drivers, which can be corrected through the proposed experimental method.","['physics.soc-ph', 'cs.SI', 'econ.EM']",http://arxiv.org/abs/2405.13224v2,https://arxiv.org/pdf/2405.13224v2,21/05/2024-22:17:17,"['Radu Tanase', 'René Algesheimer', 'Manuel S. Mariani']",physics.soc-ph
Improving End-to-End Training of Retrieval-Augmented Generation Models via Joint Stochastic Approximation,"Retrieval-augmented generation (RAG) has become a widely recognized paradigm to combine parametric memory with non-parametric memories. An RAG model consists of two serial connecting components (retriever and generator). A major challenge in end-to-end optimization of the RAG model is that marginalization over relevant passages (modeled as discrete latent variables) from a knowledge base is required. Traditional top-K marginalization and variational RAG (VRAG) suffer from biased or high-variance gradient estimates. In this paper, we propose and develop joint stochastic approximation (JSA) based end-to-end training of RAG, which is referred to as JSA-RAG. The JSA algorithm is a stochastic extension of the EM (expectation-maximization) algorithm and is particularly powerful in estimating discrete latent variable models. Extensive experiments are conducted on five datasets for two tasks (open-domain question answering, knowledge-grounded dialogs) and show that JSA-RAG significantly outperforms both vanilla RAG and VRAG. Further analysis shows the efficacy of JSA-RAG from the perspectives of generation, retrieval, and low-variance gradient estimate.",['cs.CL'],http://arxiv.org/abs/2508.18168v3,https://arxiv.org/pdf/2508.18168v3,25/08/2025-16:17:16,"['Hongyu Cao', 'Yuxuan Wu', 'Yucheng Cai', 'Xianyu Zhao', 'Zhijian Ou']",cs.CL
Forward--Inverse Interplay in FEM-Based EEG Source Imaging: Distributional Signatures of Advanced Source Models and Inverse Solvers,"Electroencephalography (EEG) source imaging aims to infer brain activity from electrical potentials measured on the scalp. This is a difficult problem because many different source patterns can explain the same measurements. The result depends strongly on two things: the forward model and the inverse method. In this work, we study how these two parts work together. We focus not only on where the activity is located, but also on how the reconstructed activity is distributed in space. We suggest that different source models create different signatures in the reconstructed activity. We use realistic head models and compute forward solutions with the finite element method using Zeffiro Interface and DUNEuro. We test different source models, including 2 implementations of a divergence-conforming model, and one implementation of Local subtraction approach. For inverse methods, we use advanced methods such as standardized hierarchical adaptive L1 regression (sHAL1R), standardized Kalman filtering (SKF), and classical dipole scanning. To understand the complex interplay between the forward and inverse approaches, we analyze the inverse source localization results using distributional quantitative measures, including Earth Mover's Distance and depth bias scatter plot, and qualitatively assess the amplitude distribution and focality. The results show that there is a strong dependence between the choice of source model and the success rate of a given inverse method: a source model that corresponds well with a single point-like source is a good match with an inverse method that presupposes such a source.",['math.NA'],http://arxiv.org/abs/2604.20448v1,https://arxiv.org/pdf/2604.20448v1,22/04/2026-11:12:39,"['Santtu Söderholm', 'Joonas Lahtinen', 'Sampsa Pursiainen']",math.NA
Compactness of Moduli Spaces of Gradient Flow Lines in the Uniform Topology,"We prove a compactness result for gradient flow lines in a general set-up which comprises both the situation of Morse gradient flow lines as well as Floer cylinders converging to a critical submanifold respectively. For the compactness result we have to impose two conditions. Both are readily verified in the Morse case but establishing the second condition in the Floer case poses a technical challenge and relies on an exponential decay estimate for Floer cylinders, with coefficient function continuously depending on the initial loop. This is a result of independent interest.",['math.SG'],http://arxiv.org/abs/2604.01009v2,https://arxiv.org/pdf/2604.01009v2,01/04/2026-15:14:56,['Tom Stalljohann'],math.SG
Photometry and physical characterization of near-Earth asteroid 2025 FA22 from one apparition,"We present comprehensive photometric characterisation of 2025 FA$_{22}$, a Potentially Hazardous Asteroid (PHA) discovered on 29 March 2025 and observed during the seventh International Asteroid Warning Network (IAWN) coordinated campaign. The asteroid's close approach at 2 lunar distances on 18 September 2025 provided an opportunity for rapid physical characterisation in a simulated virtual impactor scenario. Photometric observations were conducted from 17 September to 1 October 2025, during which 2025 FA$_{22}$ traversed a $150^{\circ}$ arc and spanned solar phase angles from $\sim20^{\circ}$ to $\sim70^{\circ}$. This geometry enabled detailed physical characterisation, including determination of the spin axis and shape. Convex inversion yields a sidereal rotation period of $P_{\mathrm{sid}} = 13.07366 \pm 0.00076$ h and a spin axis at ecliptic coordinates $(λ, β) = (246^{\circ} \pm 9^{\circ}, 60^{\circ} \pm 9^{\circ})$. The absolute magnitude was derived as $H_{\mathrm{V}} = 21.39^{+0.07}_{-0.08}$ mag ($G_1 = 0.8228$, $G_2 = 0.0194$), with colour indices $B-V = 0.71 \pm 0.05$ mag, $V-R = 0.39 \pm 0.03$ mag, and $R-I = 0.39 \pm 0.04$ mag, consistent with X-complex classification in the Bus--DeMeo taxonomy. Assuming a geometric albedo of $p_v = 0.15^{+0.05}_{-0.04}$, representative of the moderate-albedo X-complex asteroids, we estimate $D_{\mathrm{eff}} = 181^{+31}_{-25}$ m, consistent with ""China Compound Eye"" radar dimensions of ${\sim}100 \times 320$ m ($D_{\mathrm{eff}} \sim 186$ m), which also reveal a contact-binary morphology consistent with the axis ratios $a:b:c \sim 2.68:1.96:1.00$ derived from our photometric shape model. The bilobate morphology is consistent with YORP-driven spin-up and deformation during a previous YORP cycle, with the current slow rotation possibly explained by internal reconfiguration or tidal braking during close Earth encounters.",['astro-ph.EP'],http://arxiv.org/abs/2604.15207v2,https://arxiv.org/pdf/2604.15207v2,16/04/2026-16:34:55,"['Jun Tian', 'Bin Li', 'Y. J. Liu', 'Z. J. Xu', 'R. Y. Zhai', 'H. B. Zhao', 'Anton Pomazan', 'Fan Li', 'A. M. Abdelaziz', 'Y. D. Ping', 'Wei Liu', 'Y. D. Mao', 'Jian Chen', 'Ahmed. Shokry', 'Mohamed Ismail']",astro-ph.EP
Quantum-Enhanced Recurrent Neural Networks via Variational Quantum Gating for Battery State of Health Prediction,"Accurate state-of-health (SOH) estimation for lithium-ion batteries remains a challenging problem due to complex electrochemical degradation mechanisms and long-range temporal dependencies. In this work, we propose a quantum-enhanced recurrent framework, termed QLSTM, in which variational quantum circuits are directly embedded into the gating mechanisms of long short-term memory networks. By replacing classical affine transformations with parameterized unitary operations, the proposed model introduces structured nonlinear transformations into the recurrent state-transition process. Extensive experiments on multiple benchmark battery datasets demonstrate that QLSTM consistently outperforms classical sequence models in both predictive accuracy and robustness, achieving significant reductions in mean absolute error (MAE), with improvements on the order of 20% compared with classical LSTM baselines. Ablation studies further confirm that these improvements arise primarily from quantum-enhanced gating rather than input-level transformations. Additional analyses on qubit scaling and noise robustness reveal that model performance is governed by a balance between expressive capacity and trainability. These results provide empirical evidence that embedding quantum computational primitives within recurrent architectures offers a structurally grounded approach to improving sequence modeling capability. The proposed framework establishes a new design paradigm for integrating quantum operators into temporal learning models, with potential applications in complex dynamical system prediction tasks.",['quant-ph'],http://arxiv.org/abs/2604.20438v1,https://arxiv.org/pdf/2604.20438v1,22/04/2026-10:57:17,"['Yin Xu', 'Qinglin Liu', 'Li Gao', 'Hua Xu']",quant-ph
Rashomon Sets and Model Multiplicity in Federated Learning,"The Rashomon set captures the collection of models that achieve near-identical empirical performance yet may differ substantially in their decision boundaries. Understanding the differences among these models, i.e., their multiplicity, is recognized as a crucial step toward model transparency, fairness, and robustness, as it reveals decision boundaries instabilities that standard metrics obscure. However, the existing definitions of Rashomon set and multiplicity metrics assume centralized learning and do not extend naturally to decentralized, multi-party settings like Federated Learning (FL). In FL, multiple clients collaboratively train models under a central server's coordination without sharing raw data, which preserves privacy but introduces challenges from heterogeneous client data distribution and communication constraints. In this setting, the choice of a single best model may homogenize predictive behavior across diverse clients, amplify biases, or undermine fairness guarantees. In this work, we provide the first formalization of Rashomon sets in FL.First, we adapt the Rashomon set definition to FL, distinguishing among three perspectives: (I) a global Rashomon set defined over aggregated statistics across all clients, (II) a t-agreement Rashomon set representing the intersection of local Rashomon sets across a fraction t of clients, and (III) individual Rashomon sets specific to each client's local distribution.Second, we show how standard multiplicity metrics can be estimated under FL's privacy constraints. Finally, we introduce a multiplicity-aware FL pipeline and conduct an empirical study on standard FL benchmark datasets. Our results demonstrate that all three proposed federated Rashomon set definitions offer valuable insights, enabling clients to deploy models that better align with their local data, fairness considerations, and practical requirements.","['cs.LG', 'cs.DC']",http://arxiv.org/abs/2602.09520v2,https://arxiv.org/pdf/2602.09520v2,10/02/2026-08:25:35,"['Xenia Heilmann', 'Luca Corbucci', 'Mattia Cerrato']",cs.LG
Likelihood-based inference for birth-death processes with composite birth mechanisms,"We develop a likelihood-based inference for finite-state birth-death processes with composite birth rates, in which multiple distinct mechanisms contribute additively to the total birth intensity. Our main motivating example is an SIS epidemic model with pairwise and higher-order transmission. The process is observed through a single aggregate trajectory, and in the main setting of interest, birth events are unmarked. This creates a deconvolution problem in event space: the state is one-dimensional, but the mechanism underlying each birth is latent.
  We formulate the inference under a Doob $h$-transformed $Q$-process, which is time-homogeneous and ergodic and which provides a time-homogeneous asymptotic surrogate for the law of the original process conditioned on long survival. We derive the corresponding conditional likelihood and study both the conditional maximum likelihood estimator and a quasi-maximum likelihood estimator which is based on a simplified working score.
  Under the Doob-transform law, we prove consistency and asymptotic normality for both estimators, with asymptotic covariance determined by the inverse Fisher and inverse Godambe information matrices, respectively. We also showcase a practical one-dimensional test for the presence of a specific higher-order birth mechanism.","['math.ST', 'math.PR']",http://arxiv.org/abs/2604.20422v1,https://arxiv.org/pdf/2604.20422v1,22/04/2026-10:43:14,"['Marko Lalovic', 'Nicos Georgiou', 'Istvan Z. Kiss']",math.ST
"On the Practical Performance of Noise Modulation for Ultra-Low-Power IoT: Limitations, Capacity, and Energy Trade-offs","Ultra-low-power (ULP) Internet of Things (IoT) applications demand communication architectures with minimal energy consumption. Noise Modulation (NoiseMod) addresses this by encoding data through the statistical variance of a noise-like signal, eliminating the need for a coherent carrier. To bridge the gap between theoretical potential and practical deployment, this paper benchmarks NoiseMod against standard modulations like BPSK and NC-FSK. We analytically derive the optimal detection threshold and Bit Error Rate (BER) for AWGN and Rayleigh fading channels. Our results show that non-coherent NoiseMod suffers a catastrophic error floor in fading environments, making architectural additions like channel state information (CSI) estimation and 2-antenna selection diversity desirable. Using an ADC-aware energy model, we reveal that NoiseMod's oversampling severely bottlenecks capacity and imposes an 8 dB SNR penalty compared to NC-FSK for a $10^{-3}$ BER in AWGN. Despite its oscillator-free design drastically reducing baseline circuit power, these limitations establish a critical energy crossover distance, which decreases with frequency. Below this distance, NoiseMod offers superior energy efficiency; beyond it, the radiated power needed to overcome its SNR penalty makes coherent schemes like BPSK vastly superior.","['cs.IT', 'eess.SP', 'stat.AP']",http://arxiv.org/abs/2604.19391v2,https://arxiv.org/pdf/2604.19391v2,21/04/2026-12:18:11,"['Felipe A. P. de Figueiredo', 'Pedro M. R. Pereira', 'Evandro C. Vilas Boas', 'Fernando D. A. Garcia', 'Hadi Zayyani', 'Rausley A. A. de Souza']",cs.IT
