titles,abstracts,categories,entry_ids,pdf_url,published,authors,primary_category
Semantic-guided Gaussian Splatting for High-Fidelity Underwater Scene Reconstruction,"Accurate 3D reconstruction in degraded imaging conditions remains a key challenge in photogrammetry and neural rendering. In underwater environments, spatially varying visibility caused by scattering, attenuation, and sparse observations leads to highly non-uniform information quality. Existing 3D Gaussian Splatting (3DGS) methods typically optimize primitives based on photometric signals alone, resulting in imbalanced representation, with overfitting in well-observed regions and insufficient reconstruction in degraded areas. In this paper, we propose SWAGSplatting (Semantic-guided Water-scene Augmented Gaussian Splatting), a multimodal framework that integrates semantic priors into 3DGS for robust, high-fidelity underwater reconstruction. Each Gaussian primitive is augmented with a learnable semantic feature, supervised by CLIP-based embeddings derived from region-level cues. A semantic consistency loss is introduced to align geometric reconstruction with high-level semantics, improving structural coherence and preserving salient object boundaries under challenging conditions. Furthermore, we propose an adaptive Gaussian primitive reallocation strategy that redistributes representation capacity based on both primitive importance and reconstruction error, mitigating the imbalance introduced by conventional densification. This enables more effective modeling of low-visibility regions without increasing computational cost. Extensive experiments on real-world datasets, including SeaThru-NeRF, Submerged3D, and S-UW, demonstrate that the proposed method consistently outperforms state-of-the-art approaches in terms of average PSNR, SSIM, and LPIPS. The results validate the effectiveness of integrating semantic priors for high-fidelity underwater scene reconstruction. Code is available at https://github.com/theflash987/SWAGSplatting.",['cs.CV'],http://arxiv.org/abs/2509.00800v3,https://arxiv.org/pdf/2509.00800v3,31/08/2025-11:20:02,"['Zhuodong Jiang', 'Haoran Wang', 'Guoxi Huang', 'Brett Seymour', 'Nantheera Anantrasirichai']",cs.CV
Heuristic Quality Coefficients for Interferometric Phase Linking,"In multitemporal InSAR, phase linking (PL) refers to the estimation of a single-reference interferometric phase history for distributed scatterers (DS) from the information contained in the sample coherence matrix. Because the phase information in this matrix is typically inconsistent, DS processing needs practical reliability indicators to decide whether a pixel's PL estimate is sufficiently supported by the data for subsequent deformation analysis. For maximum-likelihood estimation, uncertainty can be quantified via Fisher-information-based covariance estimates, but no analogous, generally applicable uncertainty quantification is available for the broad range of non-ML methods. We propose three heuristic quality coefficients within a unified mathematical framework that covers common PL methods: (1) a method-specific goodness-of-fit coefficient that normalizes the achieved PL objective between a method-consistent upper bound and an empirically modeled noise floor level; (2) a closure phase coefficient computed from the sample coherence matrix in advance; and (3) an ambiguity coefficient that compares the obtained PL estimate with the best alternative in its orthogonal complement in the solution space. All coefficients are normalized to the interval $[0,1]$, where 1 indicates maximum reliability and 0 matches the behavior expected under pure noise. Simulations under exponential and seasonal decorrelation models show that the goodness-of-fit coefficient tracks the normalized absolute phase error most consistently, whereas the closure phase coefficient provides an a priori indicator for pre-screening. Experiments on a TerraSAR-X stack over Visp, Switzerland, reveal plausible spatial patterns across urban and vegetated areas and show that the ambiguity coefficient provides complementary information, especially in regions with temporally varying scattering mechanisms.","['eess.SP', 'physics.geo-ph', 'stat.AP']",http://arxiv.org/abs/2510.24512v2,https://arxiv.org/pdf/2510.24512v2,28/10/2025-15:25:16,"['Magnus Heimpel', 'Irena Hajnsek', 'Othmar Frey']",eess.SP
GAIR: Location-Aware Self-Supervised Contrastive Pre-Training with Geo-Aligned Implicit Representations,"Vision Transformer (ViT) has been widely used in computer vision tasks with excellent results by providing representations for a whole image or image patches. However, ViT lacks detailed localized image representations at arbitrary positions when applied to geospatial tasks that involve multiple geospatial data modalities, such as overhead remote sensing (RS) data, ground-level imagery, and geospatial vector data. Here high-resolution localized representations are vital for modeling geospatial relationships and alignments across modalities. We proposed to solve this representation problem with an implicit neural representation (INR) module extending ViT with Neural Implicit Local Interpolation, which produces a continuous RS image representation covering arbitrary location in the RS image. Based on the INR module, we introduce GAIR, a novel location-aware self-supervised learning (SSL) objective integrating overhead RS data, street view (SV) imagery, and their geolocation metadata. GAIR utilizes three factorized neural encoders to project different modalities into the embedding space, and the INR module is used to further align these representations geographically, which are trained with contrastive learning objectives from unlabeled data. We evaluate GAIR across 9 geospatial tasks and 22 datasets spanning RS image-based, SV image-based, and location embedding-based benchmarks. Experimental results demonstrate that GAIR outperforms state-of-the-art geo-foundation models (GeoFM) and alternative SSL training objectives (e.g., MoCo V3 and MAE) that do not use fine-grained geo-aligned spatial representations. Our results highlight the effectiveness of GAIR in learning generalizable geospatial representations across tasks, spatial scales, and temporal contexts. The project code is available at https://github.com/zpl99/GAIR.","['cs.CV', 'cs.AI']",http://arxiv.org/abs/2503.16683v2,https://arxiv.org/pdf/2503.16683v2,20/03/2025-19:59:39,"['Zeping Liu', 'Ni Lao', 'Zhangyu Wang', 'Junfeng Jiao', 'Gengchen Mai']",cs.CV
Estimating the Diameter at Breast Height of Trees in a Forest from RGB,"Forest inventories rely on accurate measurements of the diameter at breast height (DBH) for ecological monitoring, resource management, and carbon accounting. While LiDAR-based techniques can achieve centimeter-level precision, they are cost-prohibitive and operationally complex. We present a low-cost alternative that only needs a consumer-grade 360 video camera. Our semi-automated pipeline comprises of (i) a dense point cloud reconstruction using Structure from Motion (SfM) photogrammetry software called Agisoft Metashape, (ii) semantic trunk segmentation by projecting Grounded Segment Anything (SAM) masks onto the 3D cloud, and (iii) a robust RANSAC-based technique to estimate cross section shape and DBH. We introduce an interactive visualization tool for inspecting segmented trees and their estimated DBH. On 61 acquisitions of 43 trees under a variety of conditions, our method attains median absolute relative errors of 5-9% with respect to ""ground-truth"" manual measurements. This is only 2-4% higher than LiDAR-based estimates, while employing a single 360 camera that costs orders of magnitude less, requires minimal setup, and is widely available.",['cs.CV'],http://arxiv.org/abs/2505.03093v3,https://arxiv.org/pdf/2505.03093v3,06/05/2025-01:09:07,"['Siming He', 'Zachary Osman', 'Fernando Cladera', 'Dexter Ong', 'Nitant Rai', 'Patrick Corey Green', 'Vijay Kumar', 'Pratik Chaudhari']",cs.CV
Exploring the best way for UAV visual localization under Low-altitude Multi-view Observation Condition: a Benchmark,"Absolute Visual Localization (AVL) enables an Unmanned Aerial Vehicle (UAV) to determine its position in GNSS-denied environments by establishing geometric relationships between UAV images and geo-tagged reference maps. While many previous works have achieved AVL with image retrieval and matching techniques, research in low-altitude multi-view scenarios still remains limited. Low-altitude multi-view conditions present greater challenges due to extreme viewpoint changes. To investigate effective UAV AVL approaches under such conditions, we present this benchmark. Firstly, a large-scale low-altitude multi-view dataset called AnyVisLoc was constructed. This dataset includes 18,000 images captured at multiple scenes and altitudes, along with 2.5D reference maps containing aerial photogrammetry maps and historical satellite maps. Secondly, a unified framework was proposed to integrate the state-of-the-art AVL approaches and comprehensively test their performance. The best combined method was chosen as the baseline, and the key factors influencing localization accuracy are thoroughly analyzed based on it. This baseline achieved a 74.1% localization accuracy within 5 m under low-altitude, multi-view conditions. In addition, a novel retrieval metric called PDM@K was introduced to better align with the characteristics of the UAV AVL task. Overall, this benchmark revealed the challenges of low-altitude, multi-view UAV AVL and provided valuable guidance for future research. The dataset and code are available at https://github.com/UAV-AVL/Benchmark","['cs.CV', 'cs.RO']",http://arxiv.org/abs/2503.10692v2,https://arxiv.org/pdf/2503.10692v2,12/03/2025-03:29:27,"['Yibin Ye', 'Xichao Teng', 'Shuo Chen', 'Leqi Liu', 'Kun Wang', 'Xiaokai Song', 'Zhang Li']",cs.CV
From Orbit to Ground: Generative City Photogrammetry from Extreme Off-Nadir Satellite Images,"City-scale 3D reconstruction from satellite imagery presents the challenge of extreme viewpoint extrapolation, where our goal is to synthesize ground-level novel views from sparse orbital images with minimal parallax. This requires inferring nearly $90^\circ$ viewpoint gaps from image sources with severely foreshortened facades and flawed textures, causing state-of-the-art reconstruction engines such as NeRF and 3DGS to fail. To address this problem, we propose two design choices tailored for city structures and satellite inputs. First, we model city geometry as a 2.5D height map, implemented as a Z-monotonic signed distance field (SDF) that matches urban building layouts from top-down viewpoints. This stabilizes geometry optimization under sparse, off-nadir satellite views and yields a watertight mesh with crisp roofs and clean, vertically extruded facades. Second, we paint the mesh appearance from satellite images via differentiable rendering techniques. While the satellite inputs may contain long-range, blurry captures, we further train a generative texture restoration network to enhance the appearance, recovering high-frequency, plausible texture details from degraded inputs. Our method's scalability and robustness are demonstrated through extensive experiments on large-scale urban reconstruction. For example, in our teaser figure, we reconstruct a $4\,\mathrm{km}^2$ real-world region from only a few satellite images, achieving state-of-the-art performance in synthesizing photorealistic ground views. The resulting models are not only visually compelling but also serve as high-fidelity, application-ready assets for downstream tasks like urban planning and simulation. Project page can be found at https://pku-vcl-geometry.github.io/Orbit2Ground/.","['cs.CV', 'cs.GR']",http://arxiv.org/abs/2512.07527v3,https://arxiv.org/pdf/2512.07527v3,08/12/2025-13:01:12,"['Fei Yu', 'Yu Liu', 'Luyang Tang', 'Mingchao Sun', 'Zengye Ge', 'Rui Bu', 'Yuchao Jin', 'Haisen Zhao', 'He Sun', 'Yangyan Li', 'Mu Xu', 'Wenzheng Chen', 'Baoquan Chen']",cs.CV
"Country-wide, high-resolution monitoring of forest browning with Sentinel-2","Natural and anthropogenic disturbances are impacting the health of forests worldwide. Monitoring forest disturbances at scale is important to inform conservation efforts. Here, we present a scalable approach for country-wide mapping of forest greenness anomalies at the 10 m resolution of Sentinel-2. Using relevant ecological and topographical context and an established representation of the vegetation cycle, we learn a predictive quantile model of the normalised difference vegetation index (NDVI) derived from Sentinel-2 data. The resulting expected seasonal cycles are used to detect NDVI anomalies across Switzerland between April 2017 and August 2025. Goodness-of-fit evaluations show that the conditional model explains 65% of the observed variations in the median seasonal cycle. The model consistently benefits from the local context information, particularly during the green-up period. The approach produces coherent spatial anomaly patterns and enables country-wide quantification of forest browning. Case studies with independent reference data from known events illustrate that the model reliably detects different types of disturbances.","['stat.AP', 'cs.CV']",http://arxiv.org/abs/2604.02074v1,https://arxiv.org/pdf/2604.02074v1,02/04/2026-14:05:22,"['Samantha Biegel', 'David Brüggemann', 'Francesco Grossi', 'Michele Volpi', 'Konrad Schindler', 'Benjamin D. Stocker']",stat.AP
A Novel Camera-to-Robot Calibration Method for Vision-Based Floor Measurements,"A novel hand-eye calibration method for ground-observing mobile robots is proposed. While cameras on mobile robots are common, they are rarely used for ground-observing measurement tasks. Laser trackers are increasingly used in robotics for precise localization. A referencing plate is designed to combine the two measurement modalities of laser-tracker 3D metrology and camera-based 2D imaging. It incorporates reflector nests for pose acquisition using a laser tracker and a camera calibration target that is observed by the robot-mounted camera. The procedure comprises estimating the plate pose, the plate-camera pose, and the robot pose, followed by computing the robot-camera transformation. Experiments indicate sub-millimeter repeatability.","['cs.RO', 'cs.CV']",http://arxiv.org/abs/2603.15126v2,https://arxiv.org/pdf/2603.15126v2,16/03/2026-11:22:44,"['Jan Andre Rudolph', 'Dennis Haitz', 'Markus Ulrich']",cs.RO
Engineering Mythology: A Digital-Physical Framework for Culturally-Inspired Public Art,"Navagunjara Reborn: The Phoenix of Odisha was built for Burning Man 2025 as both a sculpture and an experiment-a fusion of myth, craft, and computation. This paper describes the digital-physical workflow developed for the project: a pipeline that linked digital sculpting, distributed fabrication by artisans in Odisha (India), modular structural optimization in the U.S., iterative feedback through photogrammetry and digital twins, and finally, one-shot full assembly at the art site in Black Rock Desert, Nevada. The desert installation tested not just materials, but also systems of collaboration: between artisans and engineers, between myth and technology, between cultural specificity and global experimentation. We share the lessons learned in design, fabrication, and deployment and offer a framework for future interdisciplinary projects at the intersection of cultural heritage, STEAM education, and public art. In retrospect, this workflow can be read as a convergence of many knowledge systems-artisan practice, structural engineering, mythic narrative, and environmental constraint-rather than as execution of a single fixed blueprint.","['cs.GR', 'cs.CV', 'cs.CY', 'cs.RO']",http://arxiv.org/abs/2603.27801v1,https://arxiv.org/pdf/2603.27801v1,29/03/2026-18:31:33,"['Jnaneshwar Das', 'Christopher Filkins', 'Rajesh Moharana', 'Ekadashi Barik', 'Bishweshwar Das', 'David Ayers', 'Christopher Skiba', 'Rodney Staggers', 'Mark Dill', 'Swig Miller', 'Daniel Tulberg', 'Patrick Smith', 'Seth Brink', 'Kyle Breen', 'Harish Anand', 'Ramon Arrowsmith']",cs.GR
Drive-Through 3D Vehicle Exterior Reconstruction via Dynamic-Scene SfM and Distortion-Aware Gaussian Splatting,"High-fidelity 3D reconstruction of vehicle exteriors improves buyer confidence in online automotive marketplaces, but generating these models in cluttered dealership drive-throughs presents severe technical challenges. Unlike static-scene photogrammetry, this setting features a dynamic vehicle moving against heavily cluttered, static backgrounds. This problem is further compounded by wide-angle lens distortion, specular automotive paint, and non-rigid wheel rotations that violate classical epipolar constraints. We propose an end-to-end pipeline utilizing a two-pillar camera rig. First, we resolve dynamic-scene ambiguities by coupling SAM 3 for instance segmentation with motion-gating to cleanly isolate the moving vehicle, explicitly masking out non-rigid wheels to enforce strict epipolar geometry. Second, we extract robust correspondences directly on raw, distorted 4K imagery using the RoMa v2 learned matcher guided by semantic confidence masks. Third, these matches are integrated into a rig-aware SfM optimization that utilizes CAD-derived relative pose priors to eliminate scale drift. Finally, we use a distortion-aware 3D Gaussian Splatting framework (3DGUT) coupled with a stochastic Markov Chain Monte Carlo (MCMC) densification strategy to render reflective surfaces. Evaluations on 25 real-world vehicles across 10 dealerships demonstrate that our full pipeline achieves a PSNR of 28.66 dB, an SSIM of 0.89, and an LPIPS of 0.21 on held-out views, representing a 3.85 dB improvement over standard 3D-GS, delivering inspection-grade interactive 3D models without controlled studio infrastructure.","['cs.CV', 'cs.RO']",http://arxiv.org/abs/2603.26638v1,https://arxiv.org/pdf/2603.26638v1,27/03/2026-17:42:42,"['Nitin Kulkarni', 'Akhil Devarashetti', 'Charlie Cluss', 'Livio Forte', 'Philip Schneider', 'Chunming Qiao', 'Alina Vereshchaka']",cs.CV
Skullptor: High Fidelity 3D Head Reconstruction in Seconds with Multi-View Normal Prediction,"Reconstructing high-fidelity 3D head geometry from images is critical for a wide range of applications, yet existing methods face fundamental limitations. Traditional photogrammetry achieves exceptional detail but requires extensive camera arrays (25-200+ views), substantial computation, and manual cleanup in challenging areas like facial hair. Recent alternatives present a fundamental trade-off: foundation models enable efficient single-image reconstruction but lack fine geometric detail, while optimization-based methods achieve higher fidelity but require dense views and expensive computation. We bridge this gap with a hybrid approach that combines the strengths of both paradigms. Our method introduces a multi-view surface normal prediction model that extends monocular foundation models with cross-view attention to produce geometrically consistent normals in a feed-forward pass. We then leverage these predictions as strong geometric priors within an inverse rendering optimization framework to recover high-frequency surface details. Our approach outperforms state-of-the-art single-image and multi-view methods, achieving high-fidelity reconstruction on par with dense-view photogrammetry while reducing camera requirements and computational cost.","['cs.CV', 'cs.GR']",http://arxiv.org/abs/2602.21100v3,https://arxiv.org/pdf/2602.21100v3,24/02/2026-17:02:11,"['Noé Artru', 'Rukhshanda Hussain', 'Emeline Got', 'Alexandre Messier', 'David B. Lindell', 'Abdallah Dib']",cs.CV
TimeSenCLIP: A Time Series Vision-Language Model for Remote Sensing,"Vision-language models (VLMs) have shown significant promise in remote sensing applications, particularly for land-use and land-cover (LULC) mapping via zero-shot classification and retrieval. However, current approaches face several key challenges, such as the dependence on caption-based supervision, which is often not available or very limited in terms of the covered semantics, and the fact of being adapted from generic VLM architectures that are suitable for very high resolution images. Consequently, these models tend to prioritize spatial context over spectral and temporal information, limiting their effectiveness for medium-resolution remote sensing imagery. In this work, we present TimeSenCLIP, a lightweight VLM for remote sensing time series, using a cross-view temporal contrastive framework to align multispectral Sentinel-2 time series with geo-tagged ground-level imagery, without requiring textual annotations. Unlike prior VLMs, TimeSenCLIP emphasizes temporal and spectral signals over spatial context, investigating whether single-pixel time series contain sufficient information for solving a variety of tasks.",['cs.CV'],http://arxiv.org/abs/2508.11919v3,https://arxiv.org/pdf/2508.11919v3,16/08/2025-05:44:33,"['Pallavi Jain', 'Diego Marcos', 'Dino Ienco', 'Roberto Interdonato', 'Tristan Berchoux']",cs.CV
UE5-Forest: A Photorealistic Synthetic Stereo Dataset for UAV Forestry Depth Estimation,"Dense ground-truth disparity maps are practically unobtainable in forestry environments, where thin overlapping branches and complex canopy geometry defeat conventional depth sensors -- a critical bottleneck for training supervised stereo matching networks for autonomous UAV-based pruning. We present UE5-Forest, a photorealistic synthetic stereo dataset built entirely in Unreal Engine 5 (UE5). One hundred and fifteen photogrammetry-scanned trees from the Quixel Megascans library are placed in virtual scenes and captured by a simulated stereo rig whose intrinsics -- 63 mm baseline, 2.8 mm focal length, 3.84 mm sensor width -- replicate the ZED Mini camera mounted on our drone. Orbiting each tree at up to 2 m across three elevation bands (horizontal, +45 degrees, -45 degrees) yields 5,520 rectified 1920 x 1080 stereo pairs with pixel-perfect disparity labels. We provide a statistical characterisation of the dataset -- covering disparity distributions, scene diversity, and visual fidelity -- and a qualitative comparison with real-world Canterbury Tree Branches imagery that confirms the photorealistic quality and geometric plausibility of the rendered data. The dataset will be publicly released to provide the community with a ready-to-use benchmark and training resource for stereo-based forestry depth estimation.",['cs.CV'],http://arxiv.org/abs/2603.15304v2,https://arxiv.org/pdf/2603.15304v2,13/03/2026-04:27:24,"['Yida Lin', 'Bing Xue', 'Mengjie Zhang', 'Sam Schofield', 'Richard Green']",cs.CV
Photogrammetry-Reconstructed 3D Head Meshes for Accessible Individual Head-Related Transfer Functions,"Individual head-related transfer functions (HRTFs) are essential for accurate spatial audio binaural rendering but remain difficult to obtain due to measurement complexity. This study investigates whether photogrammetry-reconstructed (PR) head and ear meshes, acquired with consumer hardware, can provide a practically useful baseline for individual HRTF synthesis. Using the SONICOM HRTF dataset, 72-image photogrammetry captures per subject were processed with Apple's Object Capture API to generate PR meshes for 150 subjects. Mesh2HRTF was used to compute PR synthetic HRTFs, which were compared against measured HRTFs, high-resolution 3D scan-derived HRTFs, KEMAR, and random HRTFs through numerical evaluation, auditory models, and a behavioural sound localisation experiment (N = 27). PR synthetic HRTFs preserved ITD cues but exhibited increased ILD and spectral errors. Auditory-model predictions and behavioural data showed substantially higher quadrant error rates, reduced elevation accuracy, and greater front-back confusions than measured HRTFs, performing worse than random HRTFs on perceptual metrics. Current photogrammetry pipelines support individual HRTF synthesis but are limited by insufficient pinna morphology details and high-frequency spectral fidelity needed for accurate individual HRTFs containing monaural cues.",['eess.AS'],http://arxiv.org/abs/2603.24104v1,https://arxiv.org/pdf/2603.24104v1,25/03/2026-09:09:10,"['Ludovic Pirard', 'Lorenzo Picinali', 'Katarina C. Poole']",eess.AS
Nevis Digital Twin: Photogrammetry and Immersive Visualization of Historical Sites,"In this work, we present a multimodal data acquisition workflow for the digital preservation and virtual reconstruction of at-risk historical sites in the island of Nevis. Facing threats from coastal erosion, rising sea levels, and aggressive vegetation, the archaeological heritage of Nevis requires documentation strategies that bridge the gap between high-cost professional surveying and consumer accessibility. Experimental test compared acquisition variables, specifically camera height (1m vs. 3m) and operator trajectory against high-resolution control data. Moreover, we explore the virtual reconstruction between mesh reconstruction and 3D gaussian splatting to serve as different modalities for documentation. The resulting data is fused into immersive virtual reality (VR) environments, offering a scalable, non-proprietary model for democratizing digital heritage in the Caribbean.","['cs.HC', 'cs.GR']",http://arxiv.org/abs/2603.20560v1,https://arxiv.org/pdf/2603.20560v1,20/03/2026-23:25:51,"['Alex Apffel', 'Huy Tran', 'Vuthea Chheang']",cs.HC
Bundle Adjustment in the Eager Mode,"Bundle adjustment (BA) is a critical technique in various robotic applications such as simultaneous localization and mapping (SLAM), augmented reality (AR), and photogrammetry. BA optimizes parameters such as camera poses and 3D landmarks to align them with observations. With the growing importance of deep learning in perception systems, there is an increasing need to integrate BA with deep learning frameworks for enhanced reliability and performance. However, widely-used C++-based BA libraries, such as GTSAM, g$^2$o, and Ceres Solver, lack native integration with modern deep learning libraries like PyTorch. This limitation affects their flexibility, ease of debugging, and overall implementation efficiency. To address this gap, we introduce an eager-mode BA library seamlessly integrated with PyTorch with high efficiency. Our approach includes a sparsity-aware auto-differentiation design and GPU-accelerated sparse operations designed for 2nd-order optimization. Our eager-mode BA on GPU demonstrates substantial runtime efficiency, achieving an average speedup of 18.5$\times$, 22$\times$, and 23$\times$ across all benchmarks compared to GTSAM, g$^2$o, and Ceres, respectively.","['cs.RO', 'cs.CV']",http://arxiv.org/abs/2409.12190v3,https://arxiv.org/pdf/2409.12190v3,18/09/2024-17:59:29,"['Zitong Zhan', 'Huan Xu', 'Zihang Fang', 'Xinpeng Wei', 'Yaoyu Hu', 'Chen Wang']",cs.RO
An assessment of data-centric methods for label noise identification in remote sensing data sets,"Label noise in the sense of incorrect labels is present in many real-world data sets and is known to severely limit the generalizability of deep learning models. In the field of remote sensing, however, automated treatment of label noise in data sets has received little attention to date. In particular, there is a lack of systematic analysis of the performance of data-centric methods that not only cope with label noise but also explicitly identify and isolate noisy labels. In this paper, we examine three such methods and evaluate their behavior under different label noise assumptions. To do this, we inject different types of label noise with noise levels ranging from 10 to 70% into two benchmark data sets, followed by an analysis of how well the selected methods filter the label noise and how this affects task performances. With our analyses, we clearly prove the value of data-centric methods for both parts - label noise identification and task performance improvements. Our analyses provide insights into which method is the best choice depending on the setting and objective. Finally, we show in which areas there is still a need for research in the transfer of data-centric label noise methods to remote sensing data. As such, our work is a step forward in bridging the methodological establishment of data-centric label noise methods and their usage in practical settings in the remote sensing domain.",['cs.CV'],http://arxiv.org/abs/2603.16835v1,https://arxiv.org/pdf/2603.16835v1,17/03/2026-17:40:28,"['Felix Kröber', 'Genc Hoxha', 'Ribana Roscher']",cs.CV
In-Field 3D Wheat Head Instance Segmentation From TLS Point Clouds Using Deep Learning Without Manual Labels,"3D instance segmentation for laser scanning (LiDAR) point clouds remains a challenge in many remote sensing-related domains. Successful solutions typically rely on supervised deep learning and manual annotations, and consequently focus on objects that can be well delineated through visual inspection and manual labeling of point clouds. However, for tasks with more complex and cluttered scenes, such as in-field plant phenotyping in agriculture, such approaches are often infeasible. In this study, we tackle the task of in-field wheat head instance segmentation directly from terrestrial laser scanning (TLS) point clouds. To address the problem and circumvent the need for manual annotations, we propose a novel two-stage pipeline. To obtain the initial 3D instance proposals, the first stage uses 3D-to-2D multi-view projections, the Grounded SAM pipeline for zero-shot 2D object-centric segmentation, and multi-view label fusion. The second stage uses these initial proposals as noisy pseudo-labels to train a supervised 3D panoptic-style segmentation neural network. Our results demonstrate the feasibility of the proposed approach and show performance improvementsrelative to Wheat3DGS, a recent alternative solution for in-field wheat head instance segmentation without manual 3D annotations based on multi-view RGB images and 3D Gaussian Splatting, showcasing TLS as a competitive sensing alternative. Moreover, the results show that both stages of the proposed pipeline can deliver usable 3D instance segmentation without manual annotations, indicating promising, low-effort transferability to other comparable TLS-based point cloud segmentation tasks.",['cs.CV'],http://arxiv.org/abs/2603.14309v1,https://arxiv.org/pdf/2603.14309v1,15/03/2026-09:58:20,"['Tomislav Medic', 'Liangliang Nan']",cs.CV
Marker-Based 3D Reconstruction of Aggregates with a Comparative Analysis of 2D and 3D Morphologies,"Aggregates, serving as the main skeleton in assemblies of construction materials, are important functional components in various building and transportation infrastructures. They can be used in unbound layer applications, e.g. pavement base and railroad ballast, bound applications of cement concrete and asphalt concrete, and as riprap and large-sized primary crushed rocks. Information on the size and shape or morphology of aggregates can greatly facilitate the Quality Assurance/Quality Control (QA/QC) process by providing insights of aggregate behavior during composition and packing. A full 3D characterization of aggregate particle morphology is difficult both during production in a quarry and at a construction site. Many aggregate imaging approaches have been developed to quantify the particle morphology by computer vision, including 2D image-based approaches that analyze particle silhouettes and 3D scanning-based methods that require expensive devices such as 3D laser scanners or X-Ray Computed Tomography (CT) equipment. This paper presents a flexible and cost-effective photogrammetry-based approach for the 3D reconstruction of aggregate particles. The proposed approach follows a marker-based design that enables background suppression, point cloud stitching, and scale referencing to obtain high-quality aggregate models. The accuracy of the reconstruction results was validated against ground-truth for selected aggregate samples. Comparative analyses were conducted on 2D and 3D morphological properties of the selected samples. Significant differences were found between the 2D and 3D statistics. Based on the presented approach, 3D shape information of aggregates can be obtained easily and at a low cost, thus allowing convenient aggregate inspection, data collection, and 3D morphological analysis.","['cs.CV', 'cs.AI', 'eess.IV']",http://arxiv.org/abs/2603.12667v1,https://arxiv.org/pdf/2603.12667v1,13/03/2026-05:21:01,"['Haohang Huang', 'Jiayi Luo', 'Issam Qamhia', 'Erol Tutumluer', 'John M. Hart', 'Andrew J. Stolba']",cs.CV
ARSGaussian: 3D Gaussian Splatting with LiDAR for Aerial Remote Sensing Novel View Synthesis,"Novel View Synthesis (NVS) can reconstruct scenes from multi-view images and synthesize novel images from new viewpoints, which provides technical support for tasks such as target recognition and environmental perception. Aerial remote sensing can conveniently capture a wealth of multi-view images with just a few flights. However, the challenges brought by large distances and sparse viewing angles during collection can cause the model to easily produce floaters and overgrowth issues due to geometric estimation errors. This results in low visual quality and a lack of precise geometric estimation capabilities. Therefore, this study presents ARSGaussian, an innovative novel view synthesis (NVS) method for aerial remote sensing. The method incorporates LiDAR point cloud as constraints into the 3D Gaussian Splatting approach, adaptively guiding the Gaussians to grow and split along geometric benchmarks, thereby addressing the overgrowth and floaters issues. Additionally, considering the geometric distortions arising from data acquisition, coordinate transformations with distortion parameters are integrated to replace the simple pinhole camera model parameters to achieve pixel-level alignment between LiDAR point cloud and multi-view optical images, facilitating the accurate fusion of heterogeneous data and achieving the high-precision geo-alignment. Moreover, depth, normal and scale consistency losses are introduced into the regularization process to guide Gaussians toward real depth and plane representations, significantly improving geometric estimation accuracy. To address the current lack of dense airborne hybrid datasets, we have established and released AIR-LONGYAN, an open-source dataset containing a dense LiDAR point cloud (8 pts/m) and multi-view optical images captured by airborne scanners and cameras in diverse scenes....","['cs.CV', 'cs.GR']",http://arxiv.org/abs/2412.18380v2,https://arxiv.org/pdf/2412.18380v2,24/12/2024-12:08:50,"['Yiling Yao', 'Bing Zhang', 'Wenjuan Zhang', 'Lianru Gao', 'Dailiang Peng', 'Bocheng Li', 'Yaning Wang', 'Bowen Wang']",cs.CV
EntON: Eigenentropy-Optimized Neighborhood Densification in 3D Gaussian Splatting,"We present a novel Eigenentropy-optimized neighboorhood densification strategy EntON in 3D Gaussian Splatting (3DGS) for geometrically accurate and high-quality rendered 3D reconstruction. While standard 3DGS produces Gaussians whose centers and surfaces are poorly aligned with the underlying object geometry, surface-focused reconstruction methods frequently sacrifice photometric accuracy. In contrast to the conventional densification strategy, which relies on the magnitude of the view-space position gradient, our approach introduces a geometry-aware strategy to guide adaptive splitting and pruning. Specifically, we compute the 3D shape feature Eigenentropy from the eigenvalues of the covariance matrix in the k-nearest neighborhood of each Gaussian center, which quantifies the local structural order. These Eigenentropy values are integrated into an alternating optimization framework: During the optimization process, the algorithm alternates between (i) standard gradient-based densification, which refines regions via view-space gradients, and (ii) Eigenentropy-aware densification, which preferentially densifies Gaussians in low-Eigenentropy (ordered, flat) neighborhoods to better capture fine geometric details on the object surface, and prunes those in high-Eigenentropy (disordered, spherical) regions. We provide quantitative and qualitative evaluations on two benchmark datasets: small-scale DTU dataset and large-scale TUM2TWIN dataset, covering man-made objects and urban scenes. Experiments demonstrate that our Eigenentropy-aware alternating densification strategy improves geometric accuracy by up to 33% and rendering quality by up to 7%, while reducing the number of Gaussians by up to 50% and training time by up to 23%. Overall, EnTON achieves a favorable balance between geometric accuracy, rendering quality and efficiency by avoiding unnecessary scene expansion.",['cs.CV'],http://arxiv.org/abs/2603.06216v1,https://arxiv.org/pdf/2603.06216v1,06/03/2026-12:32:24,"['Miriam Jäger', 'Boris Jutzi']",cs.CV
Sapling-NeRF: Geo-Localised Sapling Reconstruction in Forests for Ecological Monitoring,"Saplings are key indicators of forest regeneration and overall forest health. However, their fine-scale architectural traits are difficult to capture with existing 3D sensing methods, which make quantitative evaluation difficult. Terrestrial Laser Scanners (TLS), Mobile Laser Scanners (MLS), or traditional photogrammetry approaches poorly reconstruct thin branches, dense foliage, and lack the scale consistency needed for long-term monitoring. Implicit 3D reconstruction methods such as Neural Radiance Fields (NeRF) and 3D Gaussian Splatting (3DGS) are promising alternatives, but cannot recover the true scale of a scene and lack any means to be accurately geo-localised. In this paper, we present a pipeline which fuses NeRF, LiDAR SLAM, and GNSS to enable repeatable, geo-localised ecological monitoring of saplings. Our system proposes a three-level representation: (i) coarse Earth-frame localisation using GNSS, (ii) LiDAR-based SLAM for centimetre-accurate localisation and reconstruction, and (iii) NeRF-derived object-centric dense reconstruction of individual saplings. This approach enables repeatable quantitative evaluation and long-term monitoring of sapling traits. Our experiments in forest plots in Wytham Woods (Oxford, UK) and Evo (Finland) show that stem height, branching patterns, and leaf-to-wood ratios can be captured with increased accuracy as compared to TLS. We demonstrate that accurate stem skeletons and leaf distributions can be measured for saplings with heights between 0.5m and 2m in situ, giving ecologists access to richer structural and quantitative data for analysing forest dynamics.","['cs.RO', 'cs.CV']",http://arxiv.org/abs/2602.22731v1,https://arxiv.org/pdf/2602.22731v1,26/02/2026-08:13:47,"['Miguel Ángel Muñoz-Bañón', 'Nived Chebrolu', 'Sruthi M. Krishna Moorthy', 'Yifu Tao', 'Fernando Torres', 'Roberto Salguero-Gómez', 'Maurice Fallon']",cs.RO
Heads Up!: Towards In Situ Photogrammetry Annotations and Augmented Reality Visualizations for Guided Backcountry Skiing,"Backcountry skiing is an activity where a group of skiers navigate challenging environmental conditions to ski outside of managed areas. This activity requires careful monitoring and effective communication around the current weather and terrain conditions to ensure skier safety. We aim to support and facilitate this communication by providing backcountry guides with a set of in situ spatial annotation tools to communicate hazards and appropriate speeds to the ski recreationalists. A guide can use a tablet application to annotate a photogrammetry-based map of a mountainside, for example, one collected using a commercial camera drone, with hazard points, slow-down zones, and safe zones. These annotations are communicated to the skiers via visual overlays in augmented reality heads-up displays. We present a prototype consisting of a web application and a virtual reality display that mirror the guide's and skier's perspectives, enabling participatory interaction design studies in a safe environment.",['cs.HC'],http://arxiv.org/abs/2602.21771v1,https://arxiv.org/pdf/2602.21771v1,25/02/2026-10:42:24,"['Christoph Albert Johns', 'László Kopácsi', 'Michael Barz', 'Daniel Sonntag']",cs.HC
Assessing airborne laser scanning and aerial photogrammetry for deep learning-based stand delineation,"Accurate forest stand delineation is essential for forest inventory and management but remains a largely manual and subjective process. A recent study has shown that deep learning can produce stand delineations comparable to expert interpreters when combining aerial imagery and airborne laser scanning (ALS) data. However, temporal misalignment between data sources limits operational scalability. Canopy height models (CHMs) derived from digital photogrammetry (DAP) offer better temporal alignment but may smoothen canopy surface and canopy gaps, raising the question of whether they can reliably replace ALS-derived CHMs. Similarly, the inclusion of a digital terrain model (DTM) has been suggested to improve delineation performance, but has remained untested in published literature. Using expert-delineated forest stands as reference data, we assessed a U-Net-based semantic segmentation framework with municipality-level cross-validation across six municipalities in southeastern Norway. We compared multispectral aerial imagery combined with (i) an ALS-derived CHM, (ii) a DAP-derived CHM, and (iii) a DAP-derived CHM in combination with a DTM. Results showed comparable performance across all data combinations, reaching overall accuracy values between 0.90-0.91. Agreement between model predictions was substantially larger than agreement with the reference data, highlighting both model consistency and the inherent subjectivity of stand delineation. The similar performance of DAP-CHMs, despite the reduced structural detail, and the lack of improvements of the DTM indicate that the framework is resilient to variations in input data. These findings indicate that large datasets for deep learning-based stand delineations can be assembled using projects including temporally aligned ALS data and DAP point clouds.",['cs.CV'],http://arxiv.org/abs/2602.21709v1,https://arxiv.org/pdf/2602.21709v1,25/02/2026-09:16:28,"['Håkon Næss Sandum', 'Hans Ole Ørka', 'Oliver Tomic', 'Terje Gobakken']",cs.CV
Multispectral airborne laser scanning for tree species classification: a benchmark of machine learning and deep learning algorithms,"Climate-smart and biodiversity-preserving forestry demands precise information on forest resources, extending to the individual tree level. Multispectral airborne laser scanning (ALS) has shown promise in automated point cloud processing, but challenges remain in leveraging deep learning techniques and identifying rare tree species in class-imbalanced datasets. This study addresses these gaps by conducting a comprehensive benchmark of deep learning and traditional shallow machine learning methods for tree species classification. For the study, we collected high-density multispectral ALS data ($>1000$ $\mathrm{pts}/\mathrm{m}^2$) at three wavelengths using the FGI-developed HeliALS system, complemented by existing Optech Titan data (35 $\mathrm{pts}/\mathrm{m}^2$), to evaluate the species classification accuracy of various algorithms in a peri-urban study area located in southern Finland. We established a field reference dataset of 6326 segments across nine species using a newly developed browser-based crowdsourcing tool, which facilitated efficient data annotation. The ALS data, including a training dataset of 1065 segments, was shared with the scientific community to foster collaborative research and diverse algorithmic contributions. Based on 5261 test segments, our findings demonstrate that point-based deep learning methods, particularly a point transformer model, outperformed traditional machine learning and image-based deep learning approaches on high-density multispectral point clouds. For the high-density ALS dataset, a point transformer model provided the best performance reaching an overall (macro-average) accuracy of 87.9% (74.5%) with a training set of 1065 segments and 92.0% (85.1%) with a larger training set of 5000 segments.",['cs.CV'],http://arxiv.org/abs/2504.14337v2,https://arxiv.org/pdf/2504.14337v2,19/04/2025-16:03:49,"['Josef Taher', 'Eric Hyyppä', 'Matti Hyyppä', 'Klaara Salolahti', 'Xiaowei Yu', 'Leena Matikainen', 'Antero Kukko', 'Matti Lehtomäki', 'Harri Kaartinen', 'Sopitta Thurachen', 'Paula Litkey', 'Ville Luoma', 'Markus Holopainen', 'Gefei Kong', 'Hongchao Fan', 'Petri Rönnholm', 'Matti Vaaja', 'Antti Polvivaara', 'Samuli Junttila', 'Mikko Vastaranta', 'Stefano Puliti', 'Rasmus Astrup', 'Joel Kostensalo', 'Mari Myllymäki', 'Maksymilian Kulicki', 'Krzysztof Stereńczak', 'Raul de Paula Pires', 'Ruben Valbuena', 'Juan Pedro Carbonell-Rivera', 'Jesús Torralba', 'Yi-Chen Chen', 'Lukas Winiwarter', 'Markus Hollaus', 'Gottfried Mandlburger', 'Narges Takhtkeshha', 'Fabio Remondino', 'Maciej Lisiewicz', 'Bartłomiej Kraszewski', 'Xinlian Liang', 'Jianchang Chen', 'Eero Ahokas', 'Kirsi Karila', 'Eugeniu Vezeteu', 'Petri Manninen', 'Roope Näsi', 'Heikki Hyyti', 'Siiri Pyykkönen', 'Peilun Hu', 'Juha Hyyppä']",cs.CV
DeepC4: Deep Conditional Census-Constrained Clustering for Large-scale Multitask Spatial Disaggregation of Urban Morphology,"To understand our global progress for sustainable development and disaster risk reduction in many developing economies, two recent major initiatives - the Uniform African Exposure Dataset of the Global Earthquake Model (GEM) Foundation and the Modelling Exposure through Earth Observation Routines (METEOR) Project - implemented classical spatial disaggregation techniques to generate large-scale mapping of urban morphology using the information from various satellite imagery and its derivatives, geospatial datasets of the built environment, and subnational census statistics. However, the local discrepancy with well-validated census statistics and the propagated model uncertainties remain a challenge in such coarse-to-fine-grained mapping problems, specifically constrained by weak and conditional label supervision. Therefore, we present Deep Conditional Census-Constrained Clustering (DeepC4), a novel deep learning-based spatial disaggregation approach that incorporates local census statistics as cluster-level constraints while considering multiple conditional label relationships in a joint multitask learning of the patterns of satellite imagery. To demonstrate, compared to GEM and METEOR, we enhanced the quality of Rwandan maps of urban morphology, specifically building exposure and physical vulnerability, at the third-level administrative unit from the 2022 census. As the world approaches the conclusion of many global frameworks in 2030, our work offers a new deep learning-based mapping technique that explicitly encodes well-validated census and experts' belief systems to achieve an explainable and interpretable auditing of existing coarse-grained derived information at large scales.",['cs.LG'],http://arxiv.org/abs/2507.22554v2,https://arxiv.org/pdf/2507.22554v2,30/07/2025-10:25:39,"['Joshua Dimasaka', 'Christian Geiß', 'Emily So']",cs.LG
Adaptive Image Zoom-in with Bounding Box Transformation for UAV Object Detection,"Detecting objects from UAV-captured images is challenging due to the small object size. In this work, a simple and efficient adaptive zoom-in framework is explored for object detection on UAV images. The main motivation is that the foreground objects are generally smaller and sparser than those in common scene images, which hinders the optimization of effective object detectors. We thus aim to zoom in adaptively on the objects to better capture object features for the detection task. To achieve the goal, two core designs are required: \textcolor{black}{i) How to conduct non-uniform zooming on each image efficiently? ii) How to enable object detection training and inference with the zoomed image space?} Correspondingly, a lightweight offset prediction scheme coupled with a novel box-based zooming objective is introduced to learn non-uniform zooming on the input image. Based on the learned zooming transformation, a corner-aligned bounding box transformation method is proposed. The method warps the ground-truth bounding boxes to the zoomed space to learn object detection, and warps the predicted bounding boxes back to the original space during inference. We conduct extensive experiments on three representative UAV object detection datasets, including VisDrone, UAVDT, and SeaDronesSee. The proposed ZoomDet is architecture-independent and can be applied to an arbitrary object detection architecture. Remarkably, on the SeaDronesSee dataset, ZoomDet offers more than 8.4 absolute gain of mAP with a Faster R-CNN model, with only about 3 ms additional latency. The code is available at https://github.com/twangnh/zoomdet_code.",['cs.CV'],http://arxiv.org/abs/2602.07512v2,https://arxiv.org/pdf/2602.07512v2,07/02/2026-12:16:45,"['Tao Wang', 'Chenyu Lin', 'Chenwei Tang', 'Jizhe Zhou', 'Deng Xiong', 'Jianan Li', 'Jian Zhao', 'Jiancheng Lv']",cs.CV
Advancing Digital Twin Generation Through a Novel Simulation Framework and Quantitative Benchmarking,"The generation of 3D models from real-world objects has often been accomplished through photogrammetry, i.e., by taking 2D photos from a variety of perspectives and then triangulating matched point-based features to create a textured mesh. Many design choices exist within this framework for the generation of digital twins, and differences between such approaches are largely judged qualitatively. Here, we present and test a novel pipeline for generating synthetic images from high-quality 3D models and programmatically generated camera poses. This enables a wide variety of repeatable, quantifiable experiments which can compare ground-truth knowledge of virtual camera parameters and of virtual objects against the reconstructed estimations of those perspectives and subjects.","['cs.CV', 'cs.GR']",http://arxiv.org/abs/2602.11314v1,https://arxiv.org/pdf/2602.11314v1,11/02/2026-19:38:00,"['Jacob Rubinstein', 'Avi Donaty', 'Don Engel']",cs.CV
PAL-Net: A Point-Wise CNN with Patch-Attention for 3D Facial Landmark Localization,"Manual annotation of anatomical landmarks on 3D facial scans is a time-consuming and expertise-dependent task, yet it remains critical for clinical assessments, morphometric analysis, and craniofacial research. While several deep learning methods have been proposed for facial landmark localization, most focus on pseudo-landmarks or require complex input representations, limiting their clinical applicability. This study presents a fully automated deep learning pipeline (PAL-Net) for localizing 50 anatomical landmarks on stereo-photogrammetry facial models. The method combines coarse alignment, region-of-interest filtering, and an initial approximation of landmarks with a patch-based pointwise CNN enhanced by attention mechanisms. Trained and evaluated on 214 annotated scans from healthy adults, PAL-Net achieved a mean localization error of 3.686 mm and preserves relevant anatomical distances with a 2.822 mm average error, comparable to intra-observer variability. To assess generalization, the model was further evaluated on 700 subjects from the FaceScape dataset, achieving a point-wise error of 0.41\,mm and a distance-wise error of 0.38\,mm. Compared to existing methods, PAL-Net offers a favorable trade-off between accuracy and computational cost. While performance degrades in regions with poor mesh quality (e.g., ears, hairline), the method demonstrates consistent accuracy across most anatomical regions. PAL-Net generalizes effectively across datasets and facial regions, outperforming existing methods in both point-wise and structural evaluations. It provides a lightweight, scalable solution for high-throughput 3D anthropometric analysis, with potential to support clinical workflows and reduce reliance on manual annotation. Source code can be found at https://github.com/Ali5hadman/PAL-Net-A-Point-Wise-CNN-with-Patch-Attention",['cs.CV'],http://arxiv.org/abs/2510.00910v2,https://arxiv.org/pdf/2510.00910v2,01/10/2025-13:52:35,"['Ali Shadman Yazdi', 'Annalisa Cappella', 'Benedetta Baldini', 'Riccardo Solazzo', 'Gianluca Tartaglia', 'Chiarella Sforza', 'Giuseppe Baselli']",cs.CV
L2M-Reg: Building-level Uncertainty-aware Registration of Outdoor LiDAR Point Clouds and Semantic 3D City Models,"Accurate registration between LiDAR (Light Detection and Ranging) point clouds and semantic 3D city models is a fundamental topic in urban digital twinning and a prerequisite for downstream tasks, such as digital construction, change detection, and model refinement. However, achieving accurate LiDAR-to-Model registration at the individual building level remains challenging, particularly due to the generalization uncertainty in semantic 3D city models at the Level of Detail 2 (LoD2). This paper addresses this gap by proposing L2M-Reg, a plane-based fine registration method that explicitly accounts for model uncertainty. L2M-Reg consists of three key steps: establishing reliable plane correspondence, building a pseudo-plane-constrained Gauss-Helmert model, and adaptively estimating vertical translation. Overall, extensive experiments on five real-world datasets demonstrate that L2M-Reg is both more accurate and computationally efficient than current leading ICP-based and plane-based methods. Therefore, L2M-Reg provides a novel building-level solution regarding LiDAR-to-Model registration when model uncertainty is present. The datasets and code for L2M-Reg can be found: https://github.com/Ziyang-Geodesy/L2M-Reg.","['cs.CV', 'cs.RO', 'eess.IV']",http://arxiv.org/abs/2509.16832v3,https://arxiv.org/pdf/2509.16832v3,20/09/2025-23:13:27,"['Ziyang Xu', 'Benedikt Schwab', 'Yihui Yang', 'Thomas H. Kolbe', 'Christoph Holst']",cs.CV
Developing a Portable Solution for Post-Event Analysis Pipelines,"In recent years, the monitoring and study of natural hazards have gained significant attention, particularly due to climate change, which exacerbates incidents like floods, droughts, storm surges, and landslides. Together with the constant risk of earthquakes, these climate-induced events highlight the critical necessity for enhanced risk assessment and mitigation strategies in susceptible areas such as Italy.
  In this work, we present a Science Gateway framework for the development of portable and fully automated post-event analysis pipelines integrating Photogrammetry techniques, Data Visualization and Artificial Intelligence technologies, applied on aerial images, to assess extreme natural events and evaluate their impact on risk-exposed assets.","['cs.DC', 'cs.CY']",http://arxiv.org/abs/2602.01798v1,https://arxiv.org/pdf/2602.01798v1,02/02/2026-08:29:22,"['Leonardo Pelonero', 'Fabio Vitello', 'Eva Sciacca', 'Mauro Imbrosciano', 'Salvatore Scavo', 'Ugo Becciani']",cs.DC
AI-Driven Three-Dimensional Reconstruction and Quantitative Analysis for Burn Injury Assessment,"Accurate, reproducible burn assessment is critical for treatment planning, healing monitoring, and medico-legal documentation, yet conventional visual inspection and 2D photography are subjective and limited for longitudinal comparison. This paper presents an AI-enabled burn assessment and management platform that integrates multi-view photogrammetry, 3D surface reconstruction, and deep learning-based segmentation within a structured clinical workflow. Using standard multi-angle images from consumer-grade cameras, the system reconstructs patient-specific 3D burn surfaces and maps burn regions onto anatomy to compute objective metrics in real-world units, including surface area, TBSA, depth-related geometric proxies, and volumetric change. Successive reconstructions are spatially aligned to quantify healing progression over time, enabling objective tracking of wound contraction and depth reduction. The platform also supports structured patient intake, guided image capture, 3D analysis and visualization, treatment recommendations, and automated report generation. Simulation-based evaluation demonstrates stable reconstructions, consistent metric computation, and clinically plausible longitudinal trends, supporting a scalable, non-invasive approach to objective, geometry-aware burn assessment and decision support in acute and outpatient care.",['cs.CV'],http://arxiv.org/abs/2602.00113v1,https://arxiv.org/pdf/2602.00113v1,27/01/2026-01:24:53,"['S. Kalaycioglu', 'C. Hong', 'K. Zhai', 'H. Xie', 'J. N. Wong']",cs.CV
SurfSLAM: Sim-to-Real Underwater Stereo Reconstruction For Real-Time SLAM,"Localization and mapping are core perceptual capabilities for underwater robots. Stereo cameras provide a low-cost means of directly estimating metric depth to support these tasks. However, despite recent advances in stereo depth estimation on land, computing depth from image pairs in underwater scenes remains challenging. In underwater environments, images are degraded by light attenuation, visual artifacts, and dynamic lighting conditions. Furthermore, real-world underwater scenes frequently lack rich texture useful for stereo depth estimation and 3D reconstruction. As a result, stereo estimation networks trained on in-air data cannot transfer directly to the underwater domain. In addition, there is a lack of real-world underwater stereo datasets for supervised training of neural networks. Poor underwater depth estimation is compounded in stereo-based Simultaneous Localization and Mapping (SLAM) algorithms, making it a fundamental challenge for underwater robot perception. To address these challenges, we propose a novel framework that enables sim-to-real training of underwater stereo disparity estimation networks using simulated data and self-supervised finetuning. We leverage our learned depth predictions to develop SurfSLAM, a novel framework for real-time underwater SLAM that fuses stereo cameras with IMU, barometric, and Doppler Velocity Log (DVL) measurements. Lastly, we collect a challenging real-world dataset of shipwreck surveys using an underwater robot. Our dataset features over 24,000 stereo pairs, along with high-quality, dense photogrammetry models and reference trajectories for evaluation. Through extensive experiments, we demonstrate the advantages of the proposed training approach on real-world data for improving stereo estimation in the underwater domain and for enabling accurate trajectory estimation and 3D reconstruction of complex shipwreck sites.",['cs.RO'],http://arxiv.org/abs/2601.10814v2,https://arxiv.org/pdf/2601.10814v2,15/01/2026-19:25:33,"['Onur Bagoren', 'Seth Isaacson', 'Sacchin Sundar', 'Yung-Ching Sun', 'Anja Sheppard', 'Haoyu Ma', 'Abrar Shariff', 'Ram Vasudevan', 'Katherine A. Skinner']",cs.RO
ParkingTwin: Training-Free Streaming 3D Reconstruction for Parking-Lot Digital Twins,"High-fidelity parking-lot digital twins provide essential priors for path planning, collision checking, and perception validation in Automated Valet Parking (AVP). Yet robot-oriented reconstruction faces a trilemma: sparse forward-facing views cause weak parallax and ill-posed geometry; dynamic occlusions and extreme lighting hinder stable texture fusion; and neural rendering typically needs expensive offline optimization, violating edge-side streaming constraints. We propose ParkingTwin, a training-free, lightweight system for online streaming 3D reconstruction. First, OSM-prior-driven geometric construction uses OpenStreetMap semantic topology to directly generate a metric-consistent TSDF, replacing blind geometric search with deterministic mapping and avoiding costly optimization. Second, geometry-aware dynamic filtering employs a quad-modal constraint field (normal/height/depth consistency) to reject moving vehicles and transient occlusions in real time. Third, illumination-robust fusion in CIELAB decouples luminance and chromaticity via adaptive L-channel weighting and depth-gradient suppression, reducing seams under abrupt lighting changes. ParkingTwin runs at 30+ FPS on an entry-level GTX 1660. On a 68,000 m^2 real-world dataset, it achieves SSIM 0.87 (+16.0%), delivers about 15x end-to-end speedup, and reduces GPU memory by 83.3% compared with state-of-the-art 3D Gaussian Splatting (3DGS) that typically requires high-end GPUs (RTX 4090D). The system outputs explicit triangle meshes compatible with Unity/Unreal digital-twin pipelines. Project page: https://mihoutao-liu.github.io/ParkingTwin/",['cs.CV'],http://arxiv.org/abs/2601.13706v1,https://arxiv.org/pdf/2601.13706v1,20/01/2026-08:03:58,"['Xinhao Liu', 'Yu Wang', 'Xiansheng Guo', 'Gordon Owusu Boateng', 'Yu Cao', 'Haonan Si', 'Xingchen Guo', 'Nirwan Ansari']",cs.CV
Perceptual Region-Driven Infrared-Visible Co-Fusion for Extreme Scene Enhancement,"In photogrammetry, accurately fusing infrared (IR) and visible (VIS) spectra while preserving the geometric fidelity of visible features and incorporating thermal radiation is a significant challenge, particularly under extreme conditions. Existing methods often compromise visible imagery quality, impacting measurement accuracy. To solve this, we propose a region perception-based fusion framework that combines multi-exposure and multi-modal imaging using a spatially varying exposure (SVE) camera. This framework co-fuses multi-modal and multi-exposure data, overcoming single-exposure method limitations in extreme environments. The framework begins with region perception-based feature fusion to ensure precise multi-modal registration, followed by adaptive fusion with contrast enhancement. A structural similarity compensation mechanism, guided by regional saliency maps, optimizes IR-VIS spectral integration. Moreover, the framework adapts to single-exposure scenarios for robust fusion across different conditions. Experiments conducted on both synthetic and real-world data demonstrate superior image clarity and improved performance compared to state-of-the-art methods, as evidenced by both quantitative and visual evaluations.",['cs.CV'],http://arxiv.org/abs/2512.06400v2,https://arxiv.org/pdf/2512.06400v2,06/12/2025-11:17:35,"['Jing Tao', 'Yonghong Zong', 'Banglei Guan', 'Pengju Sun', 'Taihang Lei', 'Yang Shanga', 'Qifeng Yu']",cs.CV
An Efficient Additive Kolmogorov-Arnold Transformer for Point-Level Maize Localization in Unmanned Aerial Vehicle Imagery,"High-resolution UAV photogrammetry has become a key technology for precision agriculture, enabling centimeter-level crop monitoring and point-level plant localization. However, point-level maize localization in UAV imagery remains challenging due to (1) extremely small object-to-pixel ratios, typically less than 0.1%, (2) prohibitive computational costs of quadratic attention on ultra-high-resolution images larger than 3000 x 4000 pixels, and (3) agricultural scene-specific complexities such as sparse object distribution and environmental variability that are poorly handled by general-purpose vision models.
  To address these challenges, we propose the Additive Kolmogorov-Arnold Transformer (AKT), which replaces conventional multilayer perceptrons with Pade Kolmogorov-Arnold Network (PKAN) modules to enhance functional expressivity for small-object feature extraction, and introduces PKAN Additive Attention (PAA) to model multiscale spatial dependencies with reduced computational complexity. In addition, we present the Point-based Maize Localization (PML) dataset, consisting of 1,928 high-resolution UAV images with approximately 501,000 point annotations collected under real field conditions.
  Extensive experiments show that AKT achieves an average F1-score of 62.8%, outperforming state-of-the-art methods by 4.2%, while reducing FLOPs by 12.6% and improving inference throughput by 20.7%. For downstream tasks, AKT attains a mean absolute error of 7.1 in stand counting and a root mean square error of 1.95-1.97 cm in interplant spacing estimation. These results demonstrate that integrating Kolmogorov-Arnold representation theory with efficient attention mechanisms offers an effective framework for high-resolution agricultural remote sensing.",['cs.CV'],http://arxiv.org/abs/2601.07975v1,https://arxiv.org/pdf/2601.07975v1,12/01/2026-20:16:10,"['Fei Li', 'Lang Qiao', 'Jiahao Fan', 'Yijia Xu', 'Shawn M. Kaeppler', 'Zhou Zhang']",cs.CV
SpecDETR: A transformer-based hyperspectral point object detection network,"Hyperspectral target detection (HTD) aims to identify specific materials based on spectral information in hyperspectral imagery and can detect extremely small-sized objects, some of which occupy a smaller than one-pixel area. However, existing HTD methods are developed based on per-pixel binary classification, neglecting the three-dimensional cube structure of hyperspectral images (HSIs) that integrates both spatial and spectral dimensions. The synergistic existence of spatial and spectral features in HSIs enable objects to simultaneously exhibit both, yet the per-pixel HTD framework limits the joint expression of these features. In this paper, we rethink HTD from the perspective of spatial-spectral synergistic representation and propose hyperspectral point object detection as an innovative task framework. We introduce SpecDETR, the first specialized network for hyperspectral multi-class point object detection, which eliminates dependence on pre-trained backbone networks commonly required by vision-based object detectors. SpecDETR uses a multi-layer Transformer encoder with self-excited subpixel-scale attention modules to directly extract deep spatial-spectral joint features from hyperspectral cubes. We develop a simulated hyperspectral point object detection benchmark termed SPOD, and for the first time, evaluate and compare the performance of visual object detection networks and HTD methods on hyperspectral point object detection. Extensive experiments demonstrate that our proposed SpecDETR outperforms SOTA visual object detection networks and HTD methods. Our code and dataset are available at https://github.com/ZhaoxuLi123/SpecDETR.",['cs.CV'],http://arxiv.org/abs/2405.10148v5,https://arxiv.org/pdf/2405.10148v5,16/05/2024-14:45:06,"['Zhaoxu Li', 'Wei An', 'Gaowei Guo', 'Longguang Wang', 'Yingqian Wang', 'Zaiping Lin']",cs.CV
A Spatially Masked Adaptive Gated Network for multimodal post-flood water extent mapping using SAR and incomplete multispectral data,"Mapping water extent during a flood event is essential for effective disaster management throughout all phases: mitigation, preparedness, response, and recovery. In particular, during the response stage, when timely and accurate information is important, Synthetic Aperture Radar (SAR) data are primarily employed to produce water extent maps. Recently, leveraging the complementary characteristics of SAR and MSI data through a multimodal approach has emerged as a promising strategy for advancing water extent mapping using deep learning models. This approach is particularly beneficial when timely post-flood observations, acquired during or shortly after the flood peak, are limited, as it enables the use of all available imagery for more accurate post-flood water extent mapping. However, the adaptive integration of partially available MSI data into the SAR-based post-flood water extent mapping process remains underexplored. To bridge this research gap, we propose the Spatially Masked Adaptive Gated Network (SMAGNet), a multimodal deep learning model that utilizes SAR data as the primary input for post-flood water extent mapping and integrates complementary MSI data through feature fusion. In experiments on the C2S-MS Floods dataset, SMAGNet consistently outperformed other multimodal deep learning models in prediction performance across varying levels of MSI data availability. Furthermore, we found that even when MSI data were completely missing, the performance of SMAGNet remained statistically comparable to that of a U-Net model trained solely on SAR data. These findings indicate that SMAGNet enhances the model robustness to missing data as well as the applicability of multimodal deep learning in real-world flood management scenarios.",['cs.CV'],http://arxiv.org/abs/2601.00123v1,https://arxiv.org/pdf/2601.00123v1,31/12/2025-21:53:41,"['Hyunho Lee', 'Wenwen Li']",cs.CV
RflyUT-Sim: A Simulation Platform for Development and Testing of Complex Low-Altitude Traffic Control,"Significant challenges are posed by simulation and testing in the field of low-altitude unmanned aerial vehicle (UAV) traffic due to the high costs associated with large-scale UAV testing and the complexity of establishing low-altitude traffic test scenarios. Stringent safety requirements make high fidelity one of the key metrics for simulation platforms. Despite advancements in simulation platforms for low-altitude UAVs, there is still a shortage of platforms that feature rich traffic scenarios, high-precision UAV and scenario simulators, and comprehensive testing capabilities for low-altitude traffic. Therefore, this paper introduces an integrated high-fidelity simulation platform for low-altitude UAV traffic. This platform simulates all components of the UAV traffic network, including the control system, the traffic management system, the UAV system, the communication network , the anomaly and fault modules, etc. Furthermore, it integrates RflySim/AirSim and Unreal Engine 5 to develop full-state models of UAVs and 3D maps that model the real world using the oblique photogrammetry technique. Additionally, the platform offers a wide range of interfaces, and all models and scenarios can be customized with a high degree of flexibility. The platform's source code has been released, making it easier to conduct research related to low-altitude traffic.",['cs.RO'],http://arxiv.org/abs/2512.24112v1,https://arxiv.org/pdf/2512.24112v1,30/12/2025-09:47:58,"['Zonghan Li', 'Tianwen Tao', 'Rao Fu', 'Liang Wang', 'Dongyuan Zhang', 'Quan Quan']",cs.RO
A multimodal Transformer for InSAR-based ground deformation forecasting with cross-site generalization across Europe,"Near-real-time regional-scale monitoring of ground deformation is increasingly required to support urban planning, critical infrastructure management, and natural hazard mitigation. While Interferometric Synthetic Aperture Radar (InSAR) and continental-scale services such as the European Ground Motion Service (EGMS) provide dense observations of past motion, predicting the next observation remains challenging due to the superposition of long-term trends, seasonal cycles, and occasional abrupt discontinuities (e.g., co-seismic steps), together with strong spatial heterogeneity. In this study we propose a multimodal patch-based Transformer for single-step, fixed-interval next-epoch nowcasting of displacement maps from EGMS time series (resampled to a 64x64 grid over 100 km x 100 km tiles). The model ingests recent displacement snapshots together with (i) static kinematic indicators (mean velocity, acceleration, seasonal amplitude) computed in a leakage-safe manner from the training window only, and (ii) harmonic day-of-year encodings. On the eastern Ireland tile (E32N34), the STGCN is strongest in the displacement-only setting, whereas the multimodal Transformer clearly outperforms CNN-LSTM, CNN-LSTM+Attn, and multimodal STGCN when all models receive the same multimodal inputs, achieving RMSE = 0.90 mm and $R^2$ = 0.97 on the test set with the best threshold accuracies.","['eess.SP', 'cs.AI', 'cs.CV', 'cs.LG']",http://arxiv.org/abs/2512.23906v1,https://arxiv.org/pdf/2512.23906v1,30/12/2025-00:07:36,"['Wendong Yao', 'Binhua Huang', 'Soumyabrata Dev']",eess.SP
Long-Range depth estimation using learning based Hybrid Distortion Model for CCTV cameras,"Accurate camera models are essential for photogrammetry applications such as 3D mapping and object localization, particularly for long distances. Various stereo-camera based 3D localization methods are available but are limited to few hundreds of meters' range. This is majorly due to the limitation of the distortion models assumed for the non-linearities present in the camera lens. This paper presents a framework for modeling a suitable distortion model that can be used for localizing the objects at longer distances. It is well known that neural networks can be a better alternative to model a highly complex non-linear lens distortion function; on contrary, it is observed that a direct application of neural networks to distortion models fails to converge to estimate the camera parameters. To resolve this, a hybrid approach is presented in this paper where the conventional distortion models are initially extended to incorporate higher-order terms and then enhanced using neural network based residual correction model. This hybrid approach has substantially improved long-range localization performance and is capable of estimating the 3D position of objects at distances up to 5 kilometres. The estimated 3D coordinates are transformed to GIS coordinates and are plotted on a GIS map for visualization. Experimental validation demonstrates the robustness and effectiveness of proposed framework, offering a practical solution to calibrate CCTV cameras for long-range photogrammetry applications.",['cs.CV'],http://arxiv.org/abs/2512.17784v1,https://arxiv.org/pdf/2512.17784v1,19/12/2025-16:54:43,"['Ami Pandat', 'Punna Rajasekhar', 'G. Aravamuthan', 'Gopika Vinod', 'Rohit Shukla']",cs.CV
Enhanced 3D Shape Analysis via Information Geometry,"Three-dimensional point clouds provide highly accurate digital representations of objects, essential for applications in computer graphics, photogrammetry, computer vision, and robotics. However, comparing point clouds faces significant challenges due to their unstructured nature and the complex geometry of the surfaces they represent. Traditional geometric metrics such as Hausdorff and Chamfer distances often fail to capture global statistical structure and exhibit sensitivity to outliers, while existing Kullback-Leibler (KL) divergence approximations for Gaussian Mixture Models can produce unbounded or numerically unstable values. This paper introduces an information geometric framework for 3D point cloud shape analysis by representing point clouds as Gaussian Mixture Models (GMMs) on a statistical manifold. We prove that the space of GMMs forms a statistical manifold and propose the Modified Symmetric Kullback-Leibler (MSKL) divergence with theoretically guaranteed upper and lower bounds, ensuring numerical stability for all GMM comparisons. Through comprehensive experiments on human pose discrimination (MPI-FAUST dataset) and animal shape comparison (G-PCD dataset), we demonstrate that MSKL provides stable and monotonically varying values that directly reflect geometric variation, outperforming traditional distances and existing KL approximations.","['cs.CV', 'math.DG']",http://arxiv.org/abs/2512.16213v1,https://arxiv.org/pdf/2512.16213v1,18/12/2025-06:01:44,"['Amit Vishwakarma', 'K. S. Subrahamanian Moosath']",cs.CV
Flexible Camera Calibration using a Collimator System,"Camera calibration is a crucial step in photogrammetry and 3D vision applications. This paper introduces a novel camera calibration method using a designed collimator system. Our collimator system provides a reliable and controllable calibration environment for the camera. Exploiting the unique optical geometry property of our collimator system, we introduce an angle invariance constraint and further prove that the relative motion between the calibration target and camera conforms to a spherical motion model. This constraint reduces the original 6DOF relative motion between target and camera to a 3DOF pure rotation motion. Using spherical motion constraint, a closed-form linear solver for multiple images and a minimal solver for two images are proposed for camera calibration. Furthermore, we propose a single collimator image calibration algorithm based on the angle invariance constraint. This algorithm eliminates the requirement for camera motion, providing a novel solution for flexible and fast calibration. The performance of our method is evaluated in both synthetic and real-world experiments, which verify the feasibility of calibration using the collimator system and demonstrate that our method is superior to existing baseline methods. Demo code is available at https://github.com/LiangSK98/CollimatorCalibration",['cs.CV'],http://arxiv.org/abs/2512.16113v1,https://arxiv.org/pdf/2512.16113v1,18/12/2025-03:06:50,"['Shunkun Liang', 'Banglei Guan', 'Zhenbao Yu', 'Dongcai Tan', 'Pengju Sun', 'Zibin Liu', 'Qifeng Yu', 'Yang Shang']",cs.CV
"A graph generation pipeline for critical infrastructures based on heuristics, images and depth data","Virtual representations of physical critical infrastructures, such as water or energy plants, are used for simulations and digital twins to ensure resilience and continuity of their services. These models usually require 3D point clouds from laser scanners that are expensive to acquire and require specialist knowledge to use. In this article, we present a graph generation pipeline based on photogrammetry. The pipeline detects relevant objects and predicts their relation using RGB images and depth data generated by a stereo camera. This more cost-effective approach uses deep learning for object detection and instance segmentation of the objects, and employs user-defined heuristics or rules to infer their relations. Results of two hydraulic systems show that this strategy can produce graphs close to the ground truth while its flexibility allows the method to be tailored to specific applications and its transparency qualifies it to be used in the high stakes decision-making that is required for critical infrastructures.","['cs.CV', 'cs.LG']",http://arxiv.org/abs/2512.07269v1,https://arxiv.org/pdf/2512.07269v1,08/12/2025-08:08:38,"['Mike Diessner', 'Yannick Tarant']",cs.CV
Enhancing Monocular Height Estimation via Sparse LiDAR-Guided Correction,"Monocular height estimation (MHE) from very-high-resolution (VHR) optical imagery remains challenging due to limited structural cues and the high cost and geographic constraints of conventional elevation data such as airborne LiDAR and multi-view stereo. Although recent MHE and monocular depth estimation (MDE) models show strong performance, their robustness under varied illumination and scene conditions is still limited. We introduce a fully automated correction pipeline that integrates sparse, imperfect global LiDAR measurements from ICESat-2 with deep learning predictions to enhance accuracy and stability. The workflow relies entirely on publicly available models and data and requires only a single georeferenced optical image to produce corrected height maps, enabling low-cost and globally scalable deployment. We also establish the first benchmark for this task, evaluating two random forest based approaches, four parameter efficient fine tuning methods, and full fine tuning. Experiments across six diverse regions at 0.5 m resolution (297 km2), covering the urban cores of Tokyo, Paris, and Sao Paulo as well as suburban and forested areas, show substantial gains. The best method reduces the MHE model's mean absolute error (MAE) by 30.9 percent and improves its F1HE score by 44.2 percent. For the MDE model, MAE improves by 24.1 percent and the F1HE score by 25.1 percent. These results validate the effectiveness of our correction pipeline and demonstrate how sparse global LiDAR can systematically strengthen both MHE and MDE models, enabling scalable and widely accessible 3D height mapping.","['cs.CV', 'eess.IV']",http://arxiv.org/abs/2505.06905v3,https://arxiv.org/pdf/2505.06905v3,11/05/2025-08:54:09,"['Jian Song', 'Hongruixuan Chen', 'Naoto Yokoya']",cs.CV
SurfFill: Completion of LiDAR Point Clouds via Gaussian Surfel Splatting,"LiDAR-captured point clouds are often considered the gold standard in active 3D reconstruction. While their accuracy is exceptional in flat regions, the capturing is susceptible to miss small geometric structures and may fail with dark, absorbent materials. Alternatively, capturing multiple photos of the scene and applying 3D photogrammetry can infer these details as they often represent feature-rich regions. However, the accuracy of LiDAR for featureless regions is rarely reached. Therefore, we suggest combining the strengths of LiDAR and camera-based capture by introducing SurfFill: a Gaussian surfel-based LiDAR completion scheme. We analyze LiDAR capturings and attribute LiDAR beam divergence as a main factor for artifacts, manifesting mostly at thin structures and edges. We use this insight to introduce an ambiguity heuristic for completed scans by evaluating the change in density in the point cloud. This allows us to identify points close to missed areas, which we can then use to grow additional points from to complete the scan. For this point growing, we constrain Gaussian surfel reconstruction [Huang et al. 2024] to focus optimization and densification on these ambiguous areas. Finally, Gaussian primitives of the reconstruction in ambiguous areas are extracted and sampled for points to complete the point cloud. To address the challenges of large-scale reconstruction, we extend this pipeline with a divide-and-conquer scheme for building-sized point cloud completion. We evaluate on the task of LiDAR point cloud completion of synthetic and real-world scenes and find that our method outperforms previous reconstruction methods.","['cs.CV', 'cs.GR', 'cs.RO']",http://arxiv.org/abs/2512.03010v1,https://arxiv.org/pdf/2512.03010v1,02/12/2025-18:35:54,"['Svenja Strobel', 'Matthias Innmann', 'Bernhard Egger', 'Marc Stamminger', 'Linus Franke']",cs.CV
On-the-fly Feedback SfM: Online Explore-and-Exploit UAV Photogrammetry with Incremental Mesh Quality-Aware Indicator and Predictive Path Planning,"Compared with conventional offline UAV photogrammetry, real-time UAV photogrammetry is essential for time-critical geospatial applications such as disaster response and active digital-twin maintenance. However, most existing methods focus on processing captured images or sequential frames in real time, without explicitly evaluating the quality of the on-the-go 3D reconstruction or providing guided feedback to enhance image acquisition in the target area. This work presents On-the-fly Feedback SfM, an explore-and-exploit framework for real-time UAV photogrammetry, enabling iterative exploration of unseen regions and exploitation of already observed and reconstructed areas in near real time. Built upon SfM on-the-fly , the proposed method integrates three modules: (1) online incremental coarse-mesh generation for dynamically expanding sparse 3D point cloud; (2) online mesh quality assessment with actionable indicators; and (3) predictive path planning for on-the-fly trajectory refinement. Comprehensive experiments demonstrate that our method achieves in-situ reconstruction and evaluation in near real time while providing actionable feedback that markedly reduces coverage gaps and re-flight costs. Via the integration of data collection, processing, 3D reconstruction and assessment, and online feedback, our on the-fly feedback SfM could be an alternative for the transition from traditional passive working mode to a more intelligent and adaptive exploration workflow. Code is now available at https://github.com/IRIS-LAB-whu/OntheflySfMFeedback.",['cs.CV'],http://arxiv.org/abs/2512.02375v1,https://arxiv.org/pdf/2512.02375v1,02/12/2025-03:32:02,"['Liyuan Lou', 'Wanyun Li', 'Wentian Gan', 'Yifei Yu', 'Tengfei Wang', 'Xin Wang', 'Zongqian Zhan']",cs.CV
Digital Elevation Model Estimation from RGB Satellite Imagery using Generative Deep Learning,"Digital Elevation Models (DEMs) are vital datasets for geospatial applications such as hydrological modeling and environmental monitoring. However, conventional methods to generate DEM, such as using LiDAR and photogrammetry, require specific types of data that are often inaccessible in resource-constrained settings. To alleviate this problem, this study proposes an approach to generate DEM from freely available RGB satellite imagery using generative deep learning, particularly based on a conditional Generative Adversarial Network (GAN). We first developed a global dataset consisting of 12K RGB-DEM pairs using Landsat satellite imagery and NASA's SRTM digital elevation data, both from the year 2000. A unique preprocessing pipeline was implemented to select high-quality, cloud-free regions and aggregate normalized RGB composites from Landsat imagery. Additionally, the model was trained in a two-stage process, where it was first trained on the complete dataset and then fine-tuned on high-quality samples filtered by Structural Similarity Index Measure (SSIM) values to improve performance on challenging terrains. The results demonstrate promising performance in mountainous regions, achieving an overall mean root-mean-square error (RMSE) of 0.4671 and a mean SSIM score of 0.2065 (scale -1 to 1), while highlighting limitations in lowland and residential areas. This study underscores the importance of meticulous preprocessing and iterative refinement in generative modeling for DEM generation, offering a cost-effective and adaptive alternative to conventional methods while emphasizing the challenge of generalization across diverse terrains worldwide.","['eess.IV', 'cs.CV', 'cs.LG', 'eess.SP']",http://arxiv.org/abs/2511.21985v1,https://arxiv.org/pdf/2511.21985v1,26/11/2025-23:50:00,"['Alif Ilham Madani', 'Riska A. Kuswati', 'Alex M. Lechner', 'Muhamad Risqi U. Saputra']",eess.IV
Integrating Deep Learning and Spatial Statistics in Marine Ecosystem Monitoring,"In ecology, photogrammetry is a crucial method for efficiently collecting non-destructive samples of natural environments. When estimating the spatial distribution of animals, detecting objects in large-scale images becomes crucial. Object detection models enable large-scale analysis but introduce uncertainty because detection probability depends on various factors. To address detection bias, we model the distribution of a species of benthic animals (holothurians) in an area of the Italian Tyrrhenian coast near Giglio Island using a Thinned Log-Gaussian Cox Process (LGCP). We assume that a ""true"" intensity function accurately describes the distribution, while the observed process, resulting from independent thinning, is represented by a degraded intensity. The detection function controls the thinning mechanism, influenced by the object's location and other detection-related features. We use manual identification of holothurians as our benchmark. We compare automatic detection with this benchmark, an unthinned LGCP, and the thinned model to highlight the improvements gained from the proposed approach.Our method allows researchers to use photogrammetry, automatically identify objects of interest, and correct biases and approximations caused by the observation process.",['stat.OT'],http://arxiv.org/abs/2511.16447v1,https://arxiv.org/pdf/2511.16447v1,20/11/2025-15:15:32,"['Gian Mario Sangiovanni', 'Gianluca Mastrantonio', 'Daniele Ventura', 'Alessio Pollice', 'Giovanna Jona Lasinio']",stat.OT
GrounDiff: Diffusion-Based Ground Surface Generation from Digital Surface Models,"Digital Terrain Models (DTMs) represent the bare-earth elevation and are important in numerous geospatial applications. Such data models cannot be directly measured by sensors and are typically generated from Digital Surface Models (DSMs) derived from LiDAR or photogrammetry. Traditional filtering approaches rely on manually tuned parameters, while learning-based methods require well-designed architectures, often combined with post-processing. To address these challenges, we introduce Ground Diffusion (GrounDiff), the first diffusion-based framework that iteratively removes non-ground structures by formulating the problem as a denoising task. We incorporate a gated design with confidence-guided generation that enables selective filtering. To increase scalability, we further propose Prior-Guided Stitching (PrioStitch), which employs a downsampled global prior automatically generated using GrounDiff to guide local high-resolution predictions. We evaluate our method on the DSM-to-DTM translation task across diverse datasets, showing that GrounDiff consistently outperforms deep learning-based state-of-the-art methods, reducing RMSE by up to 93% on ALS2DTM and up to 47% on USGS benchmarks. In the task of road reconstruction, which requires both high precision and smoothness, our method achieves up to 81% lower distance error compared to specialized techniques on the GeRoD benchmark, while maintaining competitive surface smoothness using only DSM inputs, without task-specific optimization. Our variant for road reconstruction, GrounDiff+, is specifically designed to produce even smoother surfaces, further surpassing state-of-the-art methods. The project page is available at https://deepscenario.github.io/GrounDiff/.",['cs.CV'],http://arxiv.org/abs/2511.10391v1,https://arxiv.org/pdf/2511.10391v1,13/11/2025-15:12:25,"['Oussema Dhaouadi', 'Johannes Meier', 'Jacques Kaiser', 'Daniel Cremers']",cs.CV
U(PM)$^2$:Unsupervised polygon matching with pre-trained models for challenging stereo images,"Stereo image matching is a fundamental task in computer vision, photogrammetry and remote sensing, but there is an almost unexplored field, i.e., polygon matching, which faces the following challenges: disparity discontinuity, scale variation, training requirement, and generalization. To address the above-mentioned issues, this paper proposes a novel U(PM)$^2$: low-cost unsupervised polygon matching with pre-trained models by uniting automatically learned and handcrafted features, of which pipeline is as follows: firstly, the detector leverages the pre-trained segment anything model to obtain masks; then, the vectorizer converts the masks to polygons and graphic structure; secondly, the global matcher addresses challenges from global viewpoint changes and scale variation based on bidirectional-pyramid strategy with pre-trained LoFTR; finally, the local matcher further overcomes local disparity discontinuity and topology inconsistency of polygon matching by local-joint geometry and multi-feature matching strategy with Hungarian algorithm. We benchmark our U(PM)$^2$ on the ScanNet and SceneFlow datasets using our proposed new metric, which achieved state-of-the-art accuracy at a competitive speed and satisfactory generalization performance at low cost without any training requirement.",['cs.CV'],http://arxiv.org/abs/2511.05949v1,https://arxiv.org/pdf/2511.05949v1,08/11/2025-09:44:31,"['Chang Li', 'Xingtao Peng']",cs.CV
FusionRF: High-Fidelity Satellite Neural Radiance Fields from Multispectral and Panchromatic Acquisitions,"We introduce FusionRF, a novel framework for digital surface reconstruction from satellite multispectral and panchromatic images. Current work has demonstrated the increased accuracy of neural photogrammetry for surface reconstruction from optical satellite images compared to algorithmic methods. Common satellites produce both a panchromatic and multispectral image, which contain high spatial and spectral information respectively. Current neural reconstruction methods require multispectral images to be upsampled with a pansharpening method using the spatial data in the panchromatic image. However, these methods may introduce biases and hallucinations due to domain gaps. FusionRF introduces joint image fusion during optimization through a novel cross-resolution kernel that learns to resolve spatial resolution loss present in multispectral images. As input, FusionRF accepts the original multispectral and panchromatic data, eliminating the need for image preprocessing. FusionRF also leverages multimodal appearance embeddings that encode the image characteristics of each modality and view within a uniform representation. By optimizing on both modalities, FusionRF learns to fuse image modalities while performing reconstruction tasks and eliminates the need for a pansharpening preprocessing step. We evaluate our method on multispectral and panchromatic satellite images from the WorldView-3 satellite in various locations, and show that FusionRF provides an average of 17% reduction in depth reconstruction error, and renders sharp training and novel views.","['cs.CV', 'eess.IV']",http://arxiv.org/abs/2409.15132v3,https://arxiv.org/pdf/2409.15132v3,23/09/2024-15:38:03,"['Michael Sprintson', 'Rama Chellappa', 'Cheng Peng']",cs.CV
Integrated 4D/5D Digital-Twin Framework for Cost Estimation and Probabilistic Schedule Control: A Texas Mid-Rise Case Study,"Persistent cost and schedule overruns in U.S. building projects expose limitations of conventional, document-based estimating and deterministic Critical Path Method (CPM) scheduling, which remain inflexible under uncertainty and lag dynamic field conditions. This study presents an integrated 4D/5D digital-twin framework unifying Building Information Modeling (BIM), natural language processing (NLP), reality capture, computer vision, Bayesian risk modeling, and deep reinforcement learning (DRL) for construction cost and schedule control. The system automates project-control functions by: (a) mapping contract documents to standardized cost items using transformer-based NLP (0.883 weighted F1 score); (b) aligning photogrammetry and LiDAR data with BIM to compute earned value; (c) deriving real-time activity completion from site imagery (0.891 micro accuracy); (d) updating probabilistic CPM forecasts via Bayesian inference and Monte Carlo simulation; (e) using DRL for adaptive resource allocation (75% adoption rate); and (f) providing 4D/5D decision sandbox for predictive analysis. A Texas mid-rise case study demonstrates localized cost adjustment using RSMeans City Cost Index and Bureau of Labor Statistics wage data. Results show 43% reduction in estimating labor, 6% overtime reduction (91 hours), and project completion matching P50 probabilistic forecast of 128 days, confirming improved estimation accuracy and responsiveness.",['cs.CE'],http://arxiv.org/abs/2511.15711v1,https://arxiv.org/pdf/2511.15711v1,04/11/2025-18:49:34,"['Atena Khoshkonesh', 'Mohsen Mohammadagha', 'Navid Ebrahimi']",cs.CE
Mobile Robotic Multi-View Photometric Stereo,"Multi-View Photometric Stereo (MVPS) is a popular method for fine-detailed 3D acquisition of an object from images. Despite its outstanding results on diverse material objects, a typical MVPS experimental setup requires a well-calibrated light source and a monocular camera installed on an immovable base. This restricts the use of MVPS on a movable platform, limiting us from taking MVPS benefits in 3D acquisition for mobile robotics applications. To this end, we introduce a new mobile robotic system for MVPS. While the proposed system brings advantages, it introduces additional algorithmic challenges. Addressing them, in this paper, we further propose an incremental approach for mobile robotic MVPS. Our approach leverages a supervised learning setup to predict per-view surface normal, object depth, and per-pixel uncertainty in model-predicted results. A refined depth map per view is obtained by solving an MVPS-driven optimization problem proposed in this paper. Later, we fuse the refined depth map while tracking the camera pose w.r.t the reference frame to recover globally consistent object 3D geometry. Experimental results show the advantages of our robotic system and algorithm, featuring the local high-frequency surface detail recovery with globally consistent object shape. Our work is beyond any MVPS system yet presented, providing encouraging results on objects with unknown reflectance properties using fewer frames without a tiring calibration and installation process, enabling computationally efficient robotic automation approach to photogrammetry. The proposed approach is nearly 100 times computationally faster than the state-of-the-art MVPS methods such as [1, 2] while maintaining the similar results when tested on subjects taken from the benchmark DiLiGenT MV dataset [3].","['cs.CV', 'cs.RO']",http://arxiv.org/abs/2502.10842v2,https://arxiv.org/pdf/2502.10842v2,15/02/2025-16:10:33,['Suryansh Kumar'],cs.CV
OpenFACADES: An Open Framework for Architectural Caption and Attribute Data Enrichment via Street View Imagery,"Building properties, such as height, usage, and material, play a crucial role in spatial data infrastructures, supporting various urban applications. Despite their importance, comprehensive building attribute data remain scarce in many urban areas. Recent advances have enabled the extraction of objective building attributes using remote sensing and street-level imagery. However, establishing a pipeline that integrates diverse open datasets, acquires holistic building imagery, and infers comprehensive building attributes at scale remains a significant challenge. Among the first, this study bridges the gaps by introducing OpenFACADES, an open framework that leverages multimodal crowdsourced data to enrich building profiles with both objective attributes and semantic descriptors through multimodal large language models. First, we integrate street-level image metadata from Mapillary with OpenStreetMap geometries via isovist analysis, identifying images that provide suitable vantage points for observing target buildings. Second, we automate the detection of building facades in panoramic imagery and tailor a reprojection approach to convert objects into holistic perspective views that approximate real-world observation. Third, we introduce an innovative approach that harnesses and investigates the capabilities of open-source large vision-language models (VLMs) for multi-attribute prediction and open-vocabulary captioning in building-level analytics, leveraging a globally sourced dataset of 31,180 labeled images from seven cities. Evaluation shows that fine-tuned VLM excel in multi-attribute inference, outperforming single-attribute computer vision models and zero-shot ChatGPT-4o. Further experiments confirm its superior generalization and robustness across culturally distinct region and varying image conditions.",['cs.CV'],http://arxiv.org/abs/2504.02866v2,https://arxiv.org/pdf/2504.02866v2,01/04/2025-08:20:13,"['Xiucheng Liang', 'Jinheng Xie', 'Tianhong Zhao', 'Rudi Stouffs', 'Filip Biljecki']",cs.CV
Oitijjo-3D: Generative AI Framework for Rapid 3D Heritage Reconstruction from Street View Imagery,"Cultural heritage restoration in Bangladesh faces a dual challenge of limited resources and scarce technical expertise. Traditional 3D digitization methods, such as photogrammetry or LiDAR scanning, require expensive hardware, expert operators, and extensive on-site access, which are often infeasible in developing contexts. As a result, many of Bangladesh's architectural treasures, from the Paharpur Buddhist Monastery to Ahsan Manzil, remain vulnerable to decay and inaccessible in digital form. This paper introduces Oitijjo-3D, a cost-free generative AI framework that democratizes 3D cultural preservation. By using publicly available Google Street View imagery, Oitijjo-3D reconstructs faithful 3D models of heritage structures through a two-stage pipeline - multimodal visual reasoning with Gemini 2.5 Flash Image for structure-texture synthesis, and neural image-to-3D generation through Hexagen for geometry recovery. The system produces photorealistic, metrically coherent reconstructions in seconds, achieving significant speedups compared to conventional Structure-from-Motion pipelines, without requiring any specialized hardware or expert supervision. Experiments on landmarks such as Ahsan Manzil, Choto Sona Mosque, and Paharpur demonstrate that Oitijjo-3D preserves both visual and structural fidelity while drastically lowering economic and technical barriers. By turning open imagery into digital heritage, this work reframes preservation as a community-driven, AI-assisted act of cultural continuity for resource-limited nations.","['cs.CV', 'cs.AI', 'cs.GR']",http://arxiv.org/abs/2511.00362v1,https://arxiv.org/pdf/2511.00362v1,01/11/2025-02:09:26,"['Momen Khandoker Ope', 'Akif Islam', 'Mohd Ruhul Ameen', 'Abu Saleh Musa Miah', 'Md Rashedul Islam', 'Jungpil Shin']",cs.CV
Non-Invasive Calibration Of A Stewart Platform By Photogrammetry,"Accurate calibration of a Stewart platform is important for their precise and efficient operation. However, the calibration of these platforms using forward kinematics is a challenge for researchers because forward kinematics normally generates multiple feasible and unfeasible solutions for any pose of the moving platform. The complex kinematic relations among the six actuator paths connecting the fixed base to the moving platform further compound the difficulty in establishing a straightforward and efficient calibration method. The authors developed a new forward kinematics-based calibration method using Denavit-Hartenberg convention and used the Stewart platform Tiger 66.1 developed in their lab for experimenting with the photogrammetry-based calibration strategies described in this paper. This system became operational upon completion of construction, marking its inaugural use. The authors used their calibration model for estimating the errors in the system and adopted three compensation options or strategies as per Least Square method to improve the accuracy of the system. These strategies leveraged a high-resolution digital camera and off-the-shelf software to capture the poses of the moving platform's center. This process is non-invasive and does not need any additional equipment to be attached to the hexapod or any alteration of the hexapod hardware. This photogrammetry-based calibration process involves multiple high-resolution images from different angles to measure the position and orientation of the platform center in the three-dimensional space. The Target poses and Actual poses are then compared, and the error compensations are estimated using the Least-Squared methods to calculate the Predicted poses. Results from each of the three compensation approaches demonstrated noticeable enhancements in platform pose accuracies, suggesting room for further improvements.",['cs.RO'],http://arxiv.org/abs/2510.25072v1,https://arxiv.org/pdf/2510.25072v1,29/10/2025-01:17:48,"['Sourabh Karmakar', 'Cameron J. Turner']",cs.RO
"LiDAR Remote Sensing Meets Weak Supervision: Concepts, Methods, and Perspectives","Light detection and ranging (LiDAR) remote sensing encompasses two major directions: data interpretation and parameter inversion. However, both directions rely heavily on costly and labor-intensive labeled data and field measurements, which constrains their scalability and spatiotemporal adaptability. Weakly Supervised Learning (WSL) provides a unified framework to address these limitations. This paper departs from the traditional view that treats interpretation and inversion as separate tasks and offers a systematic review of recent advances in LiDAR remote sensing from a unified WSL perspective. We cover typical WSL settings including incomplete supervision(e.g., sparse point labels), inexact supervision (e.g., scene-level tags), inaccurate supervision (e.g., noisy labels), and cross-domain supervision (e.g., domain adaptation/generalization) and corresponding techniques such as pseudo-labeling, consistency regularization, self-training, and label refinement, which collectively enable robust learning from limited and weak annotations.We further analyze LiDAR-specific challenges (e.g., irregular geometry, data sparsity, domain heterogeneity) that require tailored weak supervision, and examine how sparse LiDAR observations can guide joint learning with other remote-sensing data for continuous surface-parameter retrieval. Finally, we highlight future directions where WSL acts as a bridge between LiDAR and foundation models to leverage large-scale multimodal datasets and reduce labeling costs, while also enabling broader WSL-driven advances in generalization, open-world adaptation, and scalable LiDAR remote sensing.",['cs.CV'],http://arxiv.org/abs/2503.18384v2,https://arxiv.org/pdf/2503.18384v2,24/03/2025-06:51:38,"['Yuan Gao', 'Shaobo Xia', 'Pu Wang', 'Xiaohuan Xi', 'Sheng Nie', 'Cheng Wang']",cs.CV
Design of a Bed Rotation Mechanism to Facilitate In-Situ Photogrammetric Reconstruction of Printed Parts,"Additive manufacturing, or 3D printing, is a complex process that creates free-form geometric objects by sequentially placing material to construct an object, usually in a layer-by-layer process. One of the most widely used methods is Fused Deposition Modeling (FDM). FDM is used in many of the consumer-grade polymer 3D printers available today. While consumer grade machines are cheap and plentiful, they lack many of the features desired in a machine used for research purposes and are often closed-source platforms. Commercial-grade models are more expensive and are also usually closed-source platforms that do not offer flexibility for modifications often needed for research. The authors designed and fabricated a machine to be used as a test bed for research in the field of polymer FDM processes. The goal was to create a platform that tightly controls and/or monitors the FDM build parameters so that experiments can be repeated with a known accuracy. The platform offers closed loop position feedback, control of the hot end and bed temperature, and monitoring of environment temperature and humidity. Additionally, the platform is equipped with cameras and a mechanism for in-situ photogrammetry, creating a geometric record of the printing throughout the printing process. Through photogrammetry, backtracking and linking process parameters to observable geometric defects can be achieved. This paper focuses on the design of a novel mechanism for spinning the heated bed to allow for photogrammetric reconstruction of the printed part using a minimal number of cameras, as implemented on this platform.",['cs.RO'],http://arxiv.org/abs/2510.20079v1,https://arxiv.org/pdf/2510.20079v1,22/10/2025-23:41:36,"['Travis A. Roberts', 'Sourabh Karmakar', 'Cameron J. Turner']",cs.RO
Seabed-Net: A multi-task network for joint bathymetry estimation and seabed classification from remote sensing imagery in shallow waters,"Accurate, detailed, and regularly updated bathymetry, coupled with complex semantic content, is essential for under-mapped shallow-water environments facing increasing climatological and anthropogenic pressures. However, existing approaches that derive either depth or seabed classes from remote sensing imagery treat these tasks in isolation, forfeiting the mutual benefits of their interaction and hindering the broader adoption of deep learning methods. To address these limitations, we introduce Seabed-Net, a unified multi-task framework that simultaneously predicts bathymetry and pixel-based seabed classification from remote sensing imagery of various resolutions. Seabed-Net employs dual-branch encoders for bathymetry estimation and pixel-based seabed classification, integrates cross-task features via an Attention Feature Fusion module and a windowed Swin-Transformer fusion block, and balances objectives through dynamic task uncertainty weighting. In extensive evaluations at two heterogeneous coastal sites, it consistently outperforms traditional empirical models and traditional machine learning regression methods, achieving up to 75\% lower RMSE. It also reduces bathymetric RMSE by 10-30\% compared to state-of-the-art single-task and multi-task baselines and improves seabed classification accuracy up to 8\%. Qualitative analyses further demonstrate enhanced spatial consistency, sharper habitat boundaries, and corrected depth biases in low-contrast regions. These results confirm that jointly modeling depth with both substrate and seabed habitats yields synergistic gains, offering a robust, open solution for integrated shallow-water mapping. Code and pretrained weights are available at https://github.com/pagraf/Seabed-Net.","['cs.CV', 'cs.AI']",http://arxiv.org/abs/2510.19329v1,https://arxiv.org/pdf/2510.19329v1,22/10/2025-07:43:03,"['Panagiotis Agrafiotis', 'Begüm Demir']",cs.CV
Advancing Image Super-resolution Techniques in Remote Sensing: A Comprehensive Survey,"Remote sensing image super-resolution (RSISR) is a crucial task in remote sensing image processing, aiming to reconstruct high-resolution (HR) images from their low-resolution (LR) counterparts. Despite the growing number of RSISR methods proposed in recent years, a systematic and comprehensive review of these methods is still lacking. This paper presents a thorough review of RSISR algorithms, covering methodologies, datasets, and evaluation metrics. We provide an in-depth analysis of RSISR methods, categorizing them into supervised, unsupervised, and quality evaluation approaches, to help researchers understand current trends and challenges. Our review also discusses the strengths, limitations, and inherent challenges of these techniques. Notably, our analysis reveals significant limitations in existing methods, particularly in preserving fine-grained textures and geometric structures under large-scale degradation. Based on these findings, we outline future research directions, highlighting the need for domain-specific architectures and robust evaluation protocols to bridge the gap between synthetic and real-world RSISR scenarios.","['eess.IV', 'cs.CV']",http://arxiv.org/abs/2505.23248v3,https://arxiv.org/pdf/2505.23248v3,29/05/2025-08:55:14,"['Yunliang Qi', 'Meng Lou', 'Yimin Liu', 'Lu Li', 'Zhen Yang', 'Wen Nie']",eess.IV
Integrating BIM and UAV-based photogrammetry for Automated 3D Structure Model Segmentation,"The advancement of UAV technology has enabled efficient, non-contact structural health monitoring. Combined with photogrammetry, UAVs can capture high-resolution scans and reconstruct detailed 3D models of infrastructure. However, a key challenge remains in segmenting specific structural components from these models-a process traditionally reliant on time-consuming and error-prone manual labeling. To address this issue, we propose a machine learning-based framework for automated segmentation of 3D point clouds. Our approach uses the complementary strengths of real-world UAV-scanned point clouds and synthetic data generated from Building Information Modeling (BIM) to overcome the limitations associated with manual labeling. Validation on a railroad track dataset demonstrated high accuracy in identifying and segmenting major components such as rails and crossties. Moreover, by using smaller-scale datasets supplemented with BIM data, the framework significantly reduced training time while maintaining reasonable segmentation accuracy. This automated approach improves the precision and efficiency of 3D infrastructure model segmentation and advances the integration of UAV and BIM technologies in structural health monitoring and infrastructure management.",['cs.CV'],http://arxiv.org/abs/2510.17609v1,https://arxiv.org/pdf/2510.17609v1,20/10/2025-14:54:54,"['Siqi Chen', 'Shanyue Guan']",cs.CV
Cutting-edge 3D reconstruction solutions for underwater coral reef images: A review and comparison,"Corals serve as the foundational habitat-building organisms within reef ecosystems, constructing extensive structures that extend over vast distances. However, their inherent fragility and vulnerability to various threats render them susceptible to significant damage and destruction. The application of advanced 3D reconstruction technologies for high-quality modeling is crucial for preserving them. These technologies help scientists to accurately document and monitor the state of coral reefs, including their structure, species distribution and changes over time. Photogrammetry-based approaches stand out among existing solutions, especially with recent advancements in underwater videography, photogrammetric computer vision, and machine learning. Despite continuous progress in image-based 3D reconstruction techniques, there remains a lack of systematic reviews and comprehensive evaluations of cutting-edge solutions specifically applied to underwater coral reef images. The emerging advanced methods may have difficulty coping with underwater imaging environments, complex coral structures, and computational resource constraints. They need to be reviewed and evaluated to bridge the gap between many cutting-edge technical studies and practical applications. This paper focuses on the two critical stages of these approaches: camera pose estimation and dense surface reconstruction. We systematically review and summarize classical and emerging methods, conducting comprehensive evaluations through real-world and simulated datasets. Based on our findings, we offer reference recommendations and discuss the development potential and challenges of existing approaches in depth. This work equips scientists and managers with a technical foundation and practical guidance for processing underwater coral reef images for 3D reconstruction....",['cs.CV'],http://arxiv.org/abs/2502.20154v2,https://arxiv.org/pdf/2502.20154v2,27/02/2025-14:53:15,"['Jiageng Zhong', 'Ming Li', 'Armin Gruen', 'Konrad Schindler', 'Xuan Liao', 'Qinghua Guo']",cs.CV
A discussion about violin reduction: geometric analysis of contour lines and channel of minima,"Some early violins have been reduced during their history to fit imposed morphological standards, while more recent ones have been built directly to these standards. We can observe differences between reduced and unreduced instruments, particularly in their contour lines and channel of minima. In a recent preliminary work, we computed and highlighted those two features for two instruments using triangular 3D meshes acquired by photogrammetry, whose fidelity has been assessed and validated with sub-millimetre accuracy. We propose here an extension to a corpus of 38 violins, violas and cellos, and introduce improved procedures, leading to a stronger discussion of the geometric analysis. We first recall the material we are working with. We then discuss how to derive the best reference plane for the violin alignment, which is crucial for the computation of contour lines and channel of minima. Finally, we show how to compute efficiently both characteristics and we illustrate our results with a few examples.",['cs.CV'],http://arxiv.org/abs/2404.01995v2,https://arxiv.org/pdf/2404.01995v2,02/04/2024-14:40:11,"['Philémon Beghin', 'Anne-Emmanuelle Ceulemans', 'François Glineur']",cs.CV
Enhancing Photogrammetry Reconstruction For HRTF Synthesis Via A Graph Neural Network,"Traditional Head-Related Transfer Functions (HRTFs) acquisition methods rely on specialised equipment and acoustic expertise, posing accessibility challenges. Alternatively, high-resolution 3D modelling offers a pathway to numerically synthesise HRTFs using Boundary Elements Methods and others. However, the high cost and limited availability of advanced 3D scanners restrict their applicability. Photogrammetry has been proposed as a solution for generating 3D head meshes, though its resolution limitations restrict its application for HRTF synthesis. To address these limitations, this study investigates the feasibility of using Graph Neural Networks (GNN) using neural subdivision techniques for upsampling low-resolution Photogrammetry-Reconstructed (PR) meshes into high-resolution meshes, which can then be employed to synthesise individual HRTFs. Photogrammetry data from the SONICOM dataset are processed using Apple Photogrammetry API to reconstruct low-resolution head meshes. The dataset of paired low- and high-resolution meshes is then used to train a GNN to upscale low-resolution inputs to high-resolution outputs, using a Hausdorff Distance-based loss function. The GNN's performance on unseen photogrammetry data is validated geometrically and through synthesised HRTFs generated via Mesh2HRTF. Synthesised HRTFs are evaluated against those computed from high-resolution 3D scans, to acoustically measured HRTFs, and to the KEMAR HRTF using perceptually-relevant numerical analyses as well as behavioural experiments, including localisation and Spatial Release from Masking (SRM) tasks.",['eess.AS'],http://arxiv.org/abs/2510.02813v1,https://arxiv.org/pdf/2510.02813v1,03/10/2025-08:43:59,"['Ludovic Pirard', 'Katarina C. Poole', 'Lorenzo Picinali']",eess.AS
OmniPlantSeg: Species Agnostic 3D Point Cloud Organ Segmentation for High-Resolution Plant Phenotyping Across Modalities,"Accurate point cloud segmentation for plant organs is crucial for 3D plant phenotyping. Existing solutions are designed problem-specific with a focus on certain plant species or specified sensor-modalities for data acquisition. Furthermore, it is common to use extensive pre-processing and down-sample the plant point clouds to meet hardware or neural network input size requirements. We propose a simple, yet effective algorithm KDSS for sub-sampling of biological point clouds that is agnostic to sensor data and plant species. The main benefit of this approach is that we do not need to down-sample our input data and thus, enable segmentation of the full-resolution point cloud. Combining KD-SS with current state-of-the-art segmentation models shows satisfying results evaluated on different modalities such as photogrammetry, laser triangulation and LiDAR for various plant species. We propose KD-SS as lightweight resolution-retaining alternative to intensive pre-processing and down-sampling methods for plant organ segmentation regardless of used species and sensor modality.",['cs.CV'],http://arxiv.org/abs/2509.21038v1,https://arxiv.org/pdf/2509.21038v1,25/09/2025-11:45:14,"['Andreas Gilson', 'Lukas Meyer', 'Oliver Scholz', 'Ute Schmid']",cs.CV
WHU-STree: A Multi-modal Benchmark Dataset for Street Tree Inventory,"Street trees are vital to urban livability, providing ecological and social benefits. Establishing a detailed, accurate, and dynamically updated street tree inventory has become essential for optimizing these multifunctional assets within space-constrained urban environments. Given that traditional field surveys are time-consuming and labor-intensive, automated surveys utilizing Mobile Mapping Systems (MMS) offer a more efficient solution. However, existing MMS-acquired tree datasets are limited by small-scale scene, limited annotation, or single modality, restricting their utility for comprehensive analysis. To address these limitations, we introduce WHU-STree, a cross-city, richly annotated, and multi-modal urban street tree dataset. Collected across two distinct cities, WHU-STree integrates synchronized point clouds and high-resolution images, encompassing 21,007 annotated tree instances across 50 species and 2 morphological parameters. Leveraging the unique characteristics, WHU-STree concurrently supports over 10 tasks related to street tree inventory. We benchmark representative baselines for two key tasks--tree species classification and individual tree segmentation. Extensive experiments and in-depth analysis demonstrate the significant potential of multi-modal data fusion and underscore cross-domain applicability as a critical prerequisite for practical algorithm deployment. In particular, we identify key challenges and outline potential future works for fully exploiting WHU-STree, encompassing multi-modal fusion, multi-task collaboration, cross-domain generalization, spatial pattern learning, and Multi-modal Large Language Model for street tree asset management. The WHU-STree dataset is accessible at: https://github.com/WHU-USI3DV/WHU-STree.",['cs.CV'],http://arxiv.org/abs/2509.13172v1,https://arxiv.org/pdf/2509.13172v1,16/09/2025-15:23:40,"['Ruifei Ding', 'Zhe Chen', 'Wen Fan', 'Chen Long', 'Huijuan Xiao', 'Yelu Zeng', 'Zhen Dong', 'Bisheng Yang']",cs.CV
Real World Robotic Exploration using Deep Neural Networks Trained in Photorealistic Reconstructed Environments,"In this work, an existing deep neural network approach for determining a robot's pose from visual information (RGB images) is modified, improving its localization performance without impacting its ease of training. Explicitly, the network's loss function is extended in a manner which intuitively combines the positional and rotational error in order to increase robustness to perceptual aliasing. An improvement in the localization accuracy for indoor scenes is observed: with decreases of up to 9.64% and 2.99% in the median positional and rotational error respectively, when compared to the unmodified network.
  Additionally, photogrammetry data is used to produce a pose-labelled dataset which allows the above model to be trained on a local environment, resulting in localization accuracies of 0.11m & 0.89 degrees. This trained model forms the basis of a navigation algorithm, which is tested in real-time on a TurtleBot (a wheeled robotic device). As such, this work introduces a full pipeline for creating a robust navigational algorithm for any given real world indoor scene; the only requirement being a collection of images from the scene, which can be captured in as little as 330 seconds of","['cs.RO', 'cs.AI']",http://arxiv.org/abs/2509.13342v1,https://arxiv.org/pdf/2509.13342v1,12/09/2025-00:03:04,['Isaac Ronald Ward'],cs.RO
"Aerial-ground Cross-modal Localization: Dataset, Ground-truth, and Benchmark","Accurate visual localization in dense urban environments poses a fundamental task in photogrammetry, geospatial information science, and robotics. While imagery is a low-cost and widely accessible sensing modality, its effectiveness on visual odometry is often limited by textureless surfaces, severe viewpoint changes, and long-term drift. The growing public availability of airborne laser scanning (ALS) data opens new avenues for scalable and precise visual localization by leveraging ALS as a prior map. However, the potential of ALS-based localization remains underexplored due to three key limitations: (1) the lack of platform-diverse datasets, (2) the absence of reliable ground-truth generation methods applicable to large-scale urban environments, and (3) limited validation of existing Image-to-Point Cloud (I2P) algorithms under aerial-ground cross-platform settings. To overcome these challenges, we introduce a new large-scale dataset that integrates ground-level imagery from mobile mapping systems with ALS point clouds collected in Wuhan, Hong Kong, and San Francisco.",['cs.RO'],http://arxiv.org/abs/2509.07362v1,https://arxiv.org/pdf/2509.07362v1,09/09/2025-03:17:04,"['Yandi Yang', 'Jianping Li', 'Youqi Liao', 'Yuhao Li', 'Yizhe Zhang', 'Zhen Dong', 'Bisheng Yang', 'Naser El-Sheimy']",cs.RO
FlyMeThrough: Human-AI Collaborative 3D Indoor Mapping with Commodity Drones,"Indoor mapping data is crucial for routing, navigation, and building management, yet such data are widely lacking due to the manual labor and expense of data collection, especially for larger indoor spaces. Leveraging recent advancements in commodity drones and photogrammetry, we introduce FlyMeThrough -- a drone-based indoor scanning system that efficiently produces 3D reconstructions of indoor spaces with human-AI collaborative annotations for key indoor points-of-interest (POI) such as entrances, restrooms, stairs, and elevators. We evaluated FlyMeThrough in 12 indoor spaces with varying sizes and functionality. To investigate use cases and solicit feedback from target stakeholders, we also conducted a qualitative user study with five building managers and five occupants. Our findings indicate that FlyMeThrough can efficiently and precisely create indoor 3D maps for strategic space planning, resource management, and navigation.",['cs.HC'],http://arxiv.org/abs/2508.20034v1,https://arxiv.org/pdf/2508.20034v1,27/08/2025-16:36:47,"['Xia Su', 'Ruiqi Chen', 'Jingwei Ma', 'Chu Li', 'Jon E. Froehlich']",cs.HC
In situ calibration of camera-refraction interface based on analytical refractive imaging equation,"Camera calibration is an essential process in photogrammetry, serving as a crucial link between the 2D image coordinate system and the 3D world coordinate system. However, when observations are conducted through refractive interfaces, the refraction effects at these interfaces render traditional calibration methods ineffective, significantly compromising measurement accuracy. To address this challenge, we propose a novel camera calibration method based on the analytical refractive imaging (ARI) equation. The ARI method facilitates accurate estimation of camera parameters from distorted images and enables in-situ joint calibration of both the camera and the refractive interface. The experimental results indicate that the proposed method reduces the error to only 10% of that produced by conventional ray-tracing (RT) method. Moreover, while maintaining comparable computational accuracy and efficiency, it effectively mitigates the local convergence issues that may arise in the polynomial fitting (PF) approach. Finally, reconstruction experiments further confirm the accuracy of the proposed method. Experimental results demonstrate that the proposed method outperforms existing refractive calibration techniques in terms of accuracy while maintaining high precision in 3D reconstruction tasks.",['physics.optics'],http://arxiv.org/abs/2508.11329v1,https://arxiv.org/pdf/2508.11329v1,15/08/2025-08:57:07,"['Hongzhe Wang', 'Yang Song', 'Huajun Cai', 'Lin Bo', 'Boyan Zhang', 'Yunjing Ji', 'Jiancheng Lai', 'Zhenhua Li']",physics.optics
Novel View Synthesis with Gaussian Splatting: Impact on Photogrammetry Model Accuracy and Resolution,"In this paper, I present a comprehensive study comparing Photogrammetry and Gaussian Splatting techniques for 3D model reconstruction and view synthesis. I created a dataset of images from a real-world scene and constructed 3D models using both methods. To evaluate the performance, I compared the models using structural similarity index (SSIM), peak signal-to-noise ratio (PSNR), learned perceptual image patch similarity (LPIPS), and lp/mm resolution based on the USAF resolution chart. A significant contribution of this work is the development of a modified Gaussian Splatting repository, which I forked and enhanced to enable rendering images from novel camera poses generated in the Blender environment. This innovation allows for the synthesis of high-quality novel views, showcasing the flexibility and potential of Gaussian Splatting. My investigation extends to an augmented dataset that includes both original ground images and novel views synthesized via Gaussian Splatting. This augmented dataset was employed to generate a new photogrammetry model, which was then compared against the original photogrammetry model created using only the original images. The results demonstrate the efficacy of using Gaussian Splatting to generate novel high-quality views and its potential to improve photogrammetry-based 3D reconstructions. The comparative analysis highlights the strengths and limitations of both approaches, providing valuable information for applications in extended reality (XR), photogrammetry, and autonomous vehicle simulations. Code is available at https://github.com/pranavc2255/gaussian-splatting-novel-view-render.git.","['cs.CV', 'eess.IV']",http://arxiv.org/abs/2508.07483v1,https://arxiv.org/pdf/2508.07483v1,10/08/2025-20:57:36,['Pranav Chougule'],cs.CV
GS4Buildings: Prior-Guided Gaussian Splatting for 3D Building Reconstruction,"Recent advances in Gaussian Splatting (GS) have demonstrated its effectiveness in photo-realistic rendering and 3D reconstruction. Among these, 2D Gaussian Splatting (2DGS) is particularly suitable for surface reconstruction due to its flattened Gaussian representation and integrated normal regularization. However, its performance often degrades in large-scale and complex urban scenes with frequent occlusions, leading to incomplete building reconstructions. We propose GS4Buildings, a novel prior-guided Gaussian Splatting method leveraging the ubiquity of semantic 3D building models for robust and scalable building surface reconstruction. Instead of relying on traditional Structure-from-Motion (SfM) pipelines, GS4Buildings initializes Gaussians directly from low-level Level of Detail (LoD)2 semantic 3D building models. Moreover, we generate prior depth and normal maps from the planar building geometry and incorporate them into the optimization process, providing strong geometric guidance for surface consistency and structural accuracy. We also introduce an optional building-focused mode that limits reconstruction to building regions, achieving a 71.8% reduction in Gaussian primitives and enabling a more efficient and compact representation. Experiments on urban datasets demonstrate that GS4Buildings improves reconstruction completeness by 20.5% and geometric accuracy by 32.8%. These results highlight the potential of semantic building model integration to advance GS-based reconstruction toward real-world urban applications such as smart cities and digital twins. Our project is available: https://github.com/zqlin0521/GS4Buildings.",['cs.CV'],http://arxiv.org/abs/2508.07355v1,https://arxiv.org/pdf/2508.07355v1,10/08/2025-14:13:31,"['Qilin Zhang', 'Olaf Wysocki', 'Boris Jutzi']",cs.CV
Can Multitask Learning Enhance Model Explainability?,"Remote sensing provides satellite data in diverse types and formats. The usage of multimodal learning networks exploits this diversity to improve model performance, except that the complexity of such networks comes at the expense of their interpretability. In this study, we explore how modalities can be leveraged through multitask learning to intrinsically explain model behavior. In particular, instead of additional inputs, we use certain modalities as additional targets to be predicted along with the main task. The success of this approach relies on the rich information content of satellite data, which remains as input modalities. We show how this modeling context provides numerous benefits: (1) in case of data scarcity, the additional modalities do not need to be collected for model inference at deployment, (2) the model performance remains comparable to the multimodal baseline performance, and in some cases achieves better scores, (3) prediction errors in the main task can be explained via the model behavior in the auxiliary task(s). We demonstrate the efficiency of our approach on three datasets, including segmentation, classification, and regression tasks. Code available at git.opendfki.de/hiba.najjar/mtl_explainability/.","['cs.LG', 'cs.AI']",http://arxiv.org/abs/2508.06966v1,https://arxiv.org/pdf/2508.06966v1,09/08/2025-12:24:48,"['Hiba Najjar', 'Bushra Alshbib', 'Andreas Dengel']",cs.LG
Very High-Resolution Bridge Deformation Monitoring Using UAV-based Photogrammetry,"Accurate and efficient structural health monitoring of infrastructure objects such as bridges is a vital task, as many existing constructions have already reached or are approaching their planned service life. In this contribution, we address the question of the suitability of UAV-based monitoring for SHM, in particular focusing on the geometric deformation under load. Such an advanced technology is becoming increasingly popular due to its ability to decrease the cost and risk of tedious traditional inspection methods. To this end, we performed extensive tests employing a research reinforced concrete bridge that can be exposed to a predefined load via ground anchors. Very high-resolution image blocks have been captured before, during, and after the application of controlled loads. From those images, the motion of distinct points on the bridge has been monitored, and in addition, dense image point clouds were computed to evaluate the performance of surface-based data acquisition. Moreover, a geodetic control network in stable regions is used as control information for bundle adjustment. We applied different sensing technologies in order to be able to judge the image-based deformation results: displacement transducers, tachymetry, and laser profiling. As a platform for the photogrammetric measurements, a multi-rotor UAV DJI Matrice 600 Pro was employed, equipped with two RTK-GNSS receivers. The mounted camera was a PhaseOne iXM-100 (100MP) with an 80 mm lens. With a flying height of 30 m above the terrain, this resulted in a GSD of 1.3 mm while a forward and sideward overlap of 80% was maintained. The comparison with reference data (displacement transducers) reveals a difference of less than 1 mm. We show that by employing the introduced UAV-based monitoring approach, a full area-wide quantification of deformation is possible in contrast to classical point or profile measurements.","['cs.CV', 'eess.IV']",http://arxiv.org/abs/2410.18984v2,https://arxiv.org/pdf/2410.18984v2,09/10/2024-08:17:03,"['Mehdi Maboudi', 'Jan Backhaus', 'Inka Mai', 'Yahya Ghassoun', 'Yogesh Khedar', 'Dirk Lowke', 'Bjoern Riedel', 'Ulf Bestmann', 'Markus Gerke']",cs.CV
Large-Scale LiDAR-Inertial Dataset for Degradation-Robust High-Precision Mapping,"This paper introduces a large-scale, high-precision LiDAR-Inertial Odometry (LIO) dataset, aiming to address the insufficient validation of LIO systems in complex real-world scenarios in existing research. The dataset covers four diverse real-world environments spanning 60,000 to 750,000 square meters, collected using a custom backpack-mounted platform equipped with multi-beam LiDAR, an industrial-grade IMU, and RTK-GNSS modules. The dataset includes long trajectories, complex scenes, and high-precision ground truth, generated by fusing SLAM-based optimization with RTK-GNSS anchoring, and validated for trajectory accuracy through the integration of oblique photogrammetry and RTK-GNSS. This dataset provides a comprehensive benchmark for evaluating the generalization ability of LIO systems in practical high-precision mapping scenarios.",['cs.RO'],http://arxiv.org/abs/2507.20516v1,https://arxiv.org/pdf/2507.20516v1,28/07/2025-04:38:37,"['Xiaofeng Jin', 'Ningbo Bu', 'Shijie Wang', 'Jianfei Ge', 'Jiangjian Xiao', 'Matteo Matteucci']",cs.RO
Archiverse: an Approach for Immersive Cultural Heritage,"Digital technologies and tools have transformed the way we can study cultural heritage and the way we can recreate it digitally. Techniques such as laser scanning, photogrammetry, and a variety of Mixed Reality solutions have enabled researchers to examine cultural objects and artifacts more precisely and from new perspectives. In this part of the panel, we explore how Virtual Reality (VR) and eXtended Reality (XR) can serve as tools to recreate and visualize the remains of historical cultural heritage and experience it in simulations of its original complexity, which means immersive and interactive. Visualization of material culture exemplified by archaeological sites and architecture can be particularly useful when only ruins or archaeological remains survive. However, these advancements also bring significant challenges, especially in the area of transdisciplinary cooperation between specialists from many, often distant, fields, and the dissemination of virtual immersive environments among both professionals and the general public.","['cs.HC', 'cs.CY']",http://arxiv.org/abs/2507.19376v1,https://arxiv.org/pdf/2507.19376v1,25/07/2025-15:26:18,"['Wieslaw Kopeć', 'Anna Jaskulska', 'Władysław Fuchs', 'Wiktor Stawski', 'Stanisław Knapiński', 'Barbara Karpowicz', 'Rafał Masłyk']",cs.HC
Mind the Modality Gap: Towards a Remote Sensing Vision-Language Model via Cross-modal Alignment,"Deep Learning (DL) is undergoing a paradigm shift with the emergence of foundation models. In this work, we focus on Contrastive Language-Image Pre-training (CLIP), a Vision-Language foundation model that achieves high accuracy across various image classification tasks and often rivals fully supervised baselines, despite not being explicitly trained for those tasks. Nevertheless, there are still domains where zero-shot CLIP performance is far from optimal, such as Remote Sensing (RS) and medical imagery. These domains do not only exhibit fundamentally different distributions compared to natural images, but also commonly rely on complementary modalities, beyond RGB, to derive meaningful insights. To this end, we propose a methodology to align distinct RS image modalities with the visual and textual modalities of CLIP. Our two-stage procedure addresses the aforementioned distribution shift, extends the zero-shot capabilities of CLIP and enriches CLIP's shared embedding space with domain-specific knowledge. Initially, we robustly fine-tune CLIP according to the PAINT (Ilharco et al., 2022) patching protocol, in order to deal with the distribution shift. Building upon this foundation, we facilitate the cross-modal alignment of a RS modality encoder by distilling knowledge from the CLIP visual and textual encoders. We empirically show that both patching and cross-modal alignment translate to significant performance gains, across several RS imagery classification and cross-modal retrieval benchmark datasets. Notably, these enhancements are achieved without the reliance on textual descriptions, without introducing any task-specific parameters, without training from scratch and without catastrophic forgetting. We make our code implementation and weights for all experiments publicly available at https://github.com/Orion-AI-Lab/MindTheModalityGap.",['cs.CV'],http://arxiv.org/abs/2402.09816v2,https://arxiv.org/pdf/2402.09816v2,15/02/2024-09:31:07,"['Angelos Zavras', 'Dimitrios Michail', 'Begüm Demir', 'Ioannis Papoutsis']",cs.CV
Uncertainty Quantification Framework for Aerial and UAV Photogrammetry through Error Propagation,"Uncertainty quantification of the photogrammetry process is essential for providing per-point accuracy credentials of the point clouds. Unlike airborne LiDAR, which typically delivers consistent accuracy across various scenes, the accuracy of photogrammetric point clouds is highly scene-dependent, since it relies on algorithm-generated measurements (i.e., stereo or multi-view stereo). Generally, errors of the photogrammetric point clouds propagate through a two-step process: Structure-from-Motion (SfM) with Bundle adjustment (BA), followed by Multi-view Stereo (MVS). While uncertainty estimation in the SfM stage has been well studied using the first-order statistics of the reprojection error function, that in the MVS stage remains largely unsolved and non-standardized, primarily due to its non-differentiable and multi-modal nature (i.e., from pixel values to geometry). In this paper, we present an uncertainty quantification framework closing this gap by associating an error covariance matrix per point accounting for this two-step photogrammetry process. Specifically, to estimate the uncertainty in the MVS stage, we propose a novel, self-calibrating method by taking reliable n-view points (n>=6) per-view to regress the disparity uncertainty using highly relevant cues (such as matching cost values) from the MVS stage. Compared to existing approaches, our method uses self-contained, reliable 3D points extracted directly from the MVS process, with the benefit of being self-supervised and naturally adhering to error propagation path of the photogrammetry process, thereby providing a robust and certifiable uncertainty quantification across diverse scenes. We evaluate the framework using a variety of publicly available airborne and UAV imagery datasets. Results demonstrate that our method outperforms existing approaches by achieving high bounding rates without overestimating uncertainty.",['cs.CV'],http://arxiv.org/abs/2507.13486v1,https://arxiv.org/pdf/2507.13486v1,17/07/2025-18:50:01,"['Debao Huang', 'Rongjun Qin']",cs.CV
Evaluating the Role of Training Data Origin for Country-Scale Cropland Mapping in Data-Scarce Regions: A Case Study of Nigeria,"Cropland maps are essential for remote sensing-based agricultural monitoring, providing timely insights without extensive field surveys. Machine learning enables large-scale mapping but depends on geo-referenced ground-truth data, which is costly to collect, motivating the use of global datasets in data-scarce regions. A key challenge is understanding how the quantity, quality, and proximity of the training data to the target region influences model performance. We evaluate this in Nigeria, using 1,827 manually labelled samples covering the whole country, and subsets of the Geowiki dataset: Nigeria-only, regional (Nigeria and neighbouring countries), and global. We extract pixel-wise multi-source time series arrays from Sentinel-1, Sentinel-2, ERA5 climate, and a digital elevation model using Google Earth Engine, comparing Random Forests with LSTMs, including a lightweight multi-headed LSTM variant. Results show local data significantly boosts performance, with accuracy gains up to 0.246 (RF) and 0.178 (LSTM). Nigeria-only or regional data outperformed global data despite the lower amount of labels, with the exception of the multi-headed LSTM, which benefited from global data when local samples were absent. Sentinel-1, climate, and topographic data are critical data sources, with their removal reducing F1-score by up to 0.593. Addressing class imbalance also improved LSTM accuracy by up to 0.071. Our top-performing model (Nigeria-only LSTM) achieved an F1-score of 0.814 and accuracy of 0.842, matching the best global land cover product while offering stronger recall, critical for food security. We release code, data, maps, and an interactive web app to support future work.",['cs.CV'],http://arxiv.org/abs/2312.10872v2,https://arxiv.org/pdf/2312.10872v2,18/12/2023-01:23:22,"['Joaquin Gajardo', 'Michele Volpi', 'Daniel Onwude', 'Thijs Defraeye']",cs.CV
Open-source automatic pipeline for efficient conversion of large-scale point clouds to IFC format,"Building Information Modeling (BIM) is an essential component in the sustainable reconstruction and revitalization of ageing structures. However, model creation usually relies on laborious manual transformation of the unstructured point cloud data provided by laser scans or photogrammetry. This paper presents Cloud2BIM, an open-source software tool designed to automate the conversion of point clouds into BIM models compliant with the Industry Foundation Classes (IFC) standard. Cloud2BIM integrates advanced algorithms for wall and slab segmentation, opening detection, and room zoning based on real wall surfaces, resulting in a comprehensive and fully automated workflow. Unlike existing tools, it avoids computationally- and calibration-intensive techniques such as RANSAC, supports non-orthogonal geometries, and provides unprecedented processing speed-achieving results up to seven times faster than fastest competing solutions. Systematic validation using benchmark datasets confirms that Cloud2BIM is an easy-to-use, efficient, and scalable solution for generating accurate BIM models, capable of converting extensive point cloud datasets for entire buildings into IFC format with minimal user input.","['cs.CV', 'cs.SE']",http://arxiv.org/abs/2503.11498v3,https://arxiv.org/pdf/2503.11498v3,14/03/2025-15:26:02,"['Slávek Zbirovský', 'Václav Nežerka']",cs.CV
Identification of Violin Reduction via Contour Lines Classification,"The first violins appeared in late 16th-century Italy. Over the next 200 years, they spread across Europe and luthiers of various royal courts, eager to experiment with new techniques, created a highly diverse family of instruments. Around 1750, size standards were introduced to unify violin making for orchestras and conservatories. Instruments that fell between two standards were then reduced to a smaller size by luthiers. These reductions have an impact on several characteristics of violins, in particular on the contour lines, i.e. lines of constant altitude, which look more like a U for non reduced instruments and a V for reduced ones. While such differences are observed by experts, they have not been studied quantitatively.
  This paper presents a method for classifying violins as reduced or non-reduced based on their contour lines. We study a corpus of 25 instruments whose 3D geometric meshes were acquired via photogrammetry. For each instrument, we extract 10-20 contour lines regularly spaced every millimetre. Each line is fitted with a parabola-like curve (with an equation of the type y = alpha*abs(x)**beta) depending on two parameters, describing how open (beta) and how vertically stretched (alpha) the curve is. We compute additional features from those parameters, using regressions and counting how many values fall under some threshold. We also deal with outliers and non equal numbers of levels, and eventually obtain a numerical profile for each instrument.
  We then apply classification methods to assess whether geometry alone can predict size reduction. We find that distinguishing between reduced and non reduced instruments is feasible to some degree, taking into account that a whole spectrum of more or less transformed violins exists, for which it is more difficult to quantify the reduction. We also find the opening parameter beta to be the most predictive.",['cs.AI'],http://arxiv.org/abs/2507.07743v1,https://arxiv.org/pdf/2507.07743v1,10/07/2025-13:23:15,"['Philémon Beghin', 'Anne-Emmanuelle Ceulemans', 'François Glineur']",cs.AI
SDRNET: Stacked Deep Residual Network for Accurate Semantic Segmentation of Fine-Resolution Remotely Sensed Images,"Land cover maps generated from semantic segmentation of high-resolution remotely sensed images have drawn mucon in the photogrammetry and remote sensing research community. Currently, massive fine-resolution remotely sensed (FRRS) images acquired by improving sensing and imaging technologies become available. However, accurate semantic segmentation of such FRRS images is greatly affected by substantial class disparities, the invisibility of key ground objects due to occlusion, and object size variation. Despite the extraordinary potential in deep convolutional neural networks (DCNNs) in image feature learning and representation, extracting sufficient features from FRRS images for accurate semantic segmentation is still challenging. These challenges demand the deep learning models to learn robust features and generate sufficient feature descriptors. Specifically, learning multi-contextual features to guarantee adequate coverage of varied object sizes from the ground scene and harnessing global-local contexts to overcome class disparities challenge even profound networks. Deeper networks significantly lose spatial details due to gradual downsampling processes resulting in poor segmentation results and coarse boundaries. This article presents a stacked deep residual network (SDRNet) for semantic segmentation from FRRS images. The proposed framework utilizes two stacked encoder-decoder networks to harness long-range semantics yet preserve spatial information and dilated residual blocks (DRB) between each encoder and decoder network to capture sufficient global dependencies thus improving segmentation performance. Our experimental results obtained using the ISPRS Vaihingen and Potsdam datasets demonstrate that the SDRNet performs effectively and competitively against current DCNNs in semantic segmentation.","['cs.CV', 'cs.AI']",http://arxiv.org/abs/2506.21945v1,https://arxiv.org/pdf/2506.21945v1,27/06/2025-06:40:30,"['Naftaly Wambugu', 'Ruisheng Wang', 'Bo Guo', 'Tianshu Yu', 'Sheng Xu', 'Mohammed Elhassan']",cs.CV
ULSR-GS: Ultra Large-scale Surface Reconstruction Gaussian Splatting with Multi-View Geometric Consistency,"While Gaussian Splatting (GS) demonstrates efficient and high-quality scene rendering and small area surface extraction ability, it falls short in handling large-scale aerial image surface extraction tasks. To overcome this, we present ULSR-GS, a framework dedicated to high-fidelity surface extraction in ultra-large-scale scenes, addressing the limitations of existing GS-based mesh extraction methods. Specifically, we propose a point-to-photo partitioning approach combined with a multi-view optimal view matching principle to select the best training images for each sub-region. Additionally, during training, ULSR-GS employs a densification strategy based on multi-view geometric consistency to enhance surface extraction details. Experimental results demonstrate that ULSR-GS outperforms other state-of-the-art GS-based works on large-scale aerial photogrammetry benchmark datasets, significantly improving surface extraction accuracy in complex urban environments. Project page: https://ulsrgs.github.io.",['cs.CV'],http://arxiv.org/abs/2412.01402v3,https://arxiv.org/pdf/2412.01402v3,02/12/2024-11:42:35,"['Zhuoxiao Li', 'Shanliang Yao', 'Taoyu Wu', 'Yong Yue', 'Wufan Zhao', 'Rongjun Qin', 'Angel F. Garcia-Fernandez', 'Andrew Levers', 'Xiaohui Zhu']",cs.CV
Teaching in adverse scenes: a statistically feedback-driven threshold and mask adjustment teacher-student framework for object detection in UAV images under adverse scenes,"Unsupervised Domain Adaptation (UDA) has shown promise in effectively alleviating the performance degradation caused by domain gaps between source and target domains, and it can potentially be generalized to UAV object detection in adverse scenes. However, existing UDA studies are based on natural images or clear UAV imagery, and research focused on UAV imagery in adverse conditions is still in its infancy. Moreover, due to the unique perspective of UAVs and the interference from adverse conditions, these methods often fail to accurately align features and are influenced by limited or noisy pseudo-labels. To address this, we propose the first benchmark for UAV object detection in adverse scenes, the Statistical Feedback-Driven Threshold and Mask Adjustment Teacher-Student Framework (SF-TMAT). Specifically, SF-TMAT introduces a design called Dynamic Step Feedback Mask Adjustment Autoencoder (DSFMA), which dynamically adjusts the mask ratio and reconstructs feature maps by integrating training progress and loss feedback. This approach dynamically adjusts the learning focus at different training stages to meet the model's needs for learning features at varying levels of granularity. Additionally, we propose a unique Variance Feedback Smoothing Threshold (VFST) strategy, which statistically computes the mean confidence of each class and dynamically adjusts the selection threshold by incorporating a variance penalty term. This strategy improves the quality of pseudo-labels and uncovers potentially valid labels, thus mitigating domain bias. Extensive experiments demonstrate the superiority and generalization capability of the proposed SF-TMAT in UAV object detection under adverse scene conditions. The Code is released at https://github.com/ChenHuyoo .",['cs.CV'],http://arxiv.org/abs/2506.11175v1,https://arxiv.org/pdf/2506.11175v1,12/06/2025-09:21:58,"['Hongyu Chen', 'Jiping Liu', 'Yong Wang', 'Jun Zhu', 'Dejun Feng', 'Yakun Xie']",cs.CV
Leveraging 6DoF Pose Foundation Models For Mapping Marine Sediment Burial,"The burial state of anthropogenic objects on the seafloor provides insight into localized sedimentation dynamics and is also critical for assessing ecological risks, potential pollutant transport, and the viability of recovery or mitigation strategies for hazardous materials such as munitions. Accurate burial depth estimation from remote imagery remains difficult due to partial occlusion, poor visibility, and object degradation. This work introduces a computer vision pipeline, called PoseIDON, which combines deep foundation model features with multiview photogrammetry to estimate six degrees of freedom object pose and the orientation of the surrounding seafloor from ROV video. Burial depth is inferred by aligning CAD models of the objects with observed imagery and fitting a local planar approximation of the seafloor. The method is validated using footage of 54 objects, including barrels and munitions, recorded at a historic ocean dumpsite in the San Pedro Basin. The model achieves a mean burial depth error of approximately 10 centimeters and resolves spatial burial patterns that reflect underlying sediment transport processes. This approach enables scalable, non-invasive mapping of seafloor burial and supports environmental assessment at contaminated sites.",['cs.CV'],http://arxiv.org/abs/2506.10386v1,https://arxiv.org/pdf/2506.10386v1,12/06/2025-06:21:00,"['Jerry Yan', 'Chinmay Talegaonkar', 'Nicholas Antipa', 'Eric Terrill', 'Sophia Merrifield']",cs.CV
SALVE: A 3D Reconstruction Benchmark of Wounds from Consumer-grade Videos,"Managing chronic wounds is a global challenge that can be alleviated by the adoption of automatic systems for clinical wound assessment from consumer-grade videos. While 2D image analysis approaches are insufficient for handling the 3D features of wounds, existing approaches utilizing 3D reconstruction methods have not been thoroughly evaluated. To address this gap, this paper presents a comprehensive study on 3D wound reconstruction from consumer-grade videos. Specifically, we introduce the SALVE dataset, comprising video recordings of realistic wound phantoms captured with different cameras. Using this dataset, we assess the accuracy and precision of state-of-the-art methods for 3D reconstruction, ranging from traditional photogrammetry pipelines to advanced neural rendering approaches. In our experiments, we observe that photogrammetry approaches do not provide smooth surfaces suitable for precise clinical measurements of wounds. Neural rendering approaches show promise in addressing this issue, advancing the use of this technology in wound care practices. We encourage the readers to visit the project page: https://remichierchia.github.io/SALVE/.",['cs.CV'],http://arxiv.org/abs/2407.19652v3,https://arxiv.org/pdf/2407.19652v3,29/07/2024-02:34:51,"['Remi Chierchia', 'Leo Lebrat', 'David Ahmedt-Aristizabal', 'Olivier Salvado', 'Clinton Fookes', 'Rodrigo Santa Cruz']",cs.CV
Modelling benthic animals in space and time using Bayesian Point Process with cross validation: the case of Holoturians,"Understanding the spatial distribution of Holothurians is an essential task for ecosystem monitoring and sustainable management, particularly in the Mediterranean habitats. However, species distribution modeling is often complicated by the presence-only nature of the data and heterogeneous sampling designs. This study develops a spatio-temporal framework based on Log-Gaussian Cox Processes to analyze Holothurians' positions collected across nine survey campaigns conducted from 2022 to 2024 near Giglio Island, Italy. The surveys combined high-resolution photogrammetry with diver-based visual censuses, leading to varying detection probabilities across habitats, especially within Posidonia oceanica meadows. We adopt a model with a shared spatial Gaussian process component to accommodate this complexity, accounting for habitat structure, environmental covariates, and temporal variability. Model estimation is performed using Integrated Nested Laplace Approximation. We evaluate the predictive performances of alternative model specifications through a novel k-fold cross-validation strategy for point processes, using the Continuous Ranked Probability Score. Our approach provides a flexible and computationally efficient framework for integrating heterogeneous presence-only data in marine ecology and comparing the predictive ability of alternative models.","['stat.AP', 'stat.OT']",http://arxiv.org/abs/2506.01763v2,https://arxiv.org/pdf/2506.01763v2,02/06/2025-15:11:52,"['Daniele Poggio', 'Gian Mario Sangiovanni', 'Gianluca Mastrantonio', 'Giovanna Jona Lasinio', 'Edoardo Casoli', 'Stefano Moro', 'Daniele Ventura']",stat.AP
"Event-based multi-view photogrammetry for high-dynamic, high-velocity target measurement","The characterization of mechanical properties for high-dynamic, high-velocity target motion is essential in industries. It provides crucial data for validating weapon systems and precision manufacturing processes etc. However, existing measurement methods face challenges such as limited dynamic range, discontinuous observations, and high costs. This paper presents a new approach leveraging an event-based multi-view photogrammetric system, which aims to address the aforementioned challenges. First, the monotonicity in the spatiotemporal distribution of events is leveraged to extract the target's leading-edge features, eliminating the tailing effect that complicates motion measurements. Then, reprojection error is used to associate events with the target's trajectory, providing more data than traditional intersection methods. Finally, a target velocity decay model is employed to fit the data, enabling accurate motion measurements via ours multi-view data joint computation. In a light gas gun fragment test, the proposed method showed a measurement deviation of 4.47% compared to the electromagnetic speedometer.",['cs.CV'],http://arxiv.org/abs/2506.00578v1,https://arxiv.org/pdf/2506.00578v1,31/05/2025-14:23:39,"['Taihang Lei', 'Banglei Guan', 'Minzu Liang', 'Xiangyu Li', 'Jianbing Liu', 'Jing Tao', 'Yang Shang', 'Qifeng Yu']",cs.CV
HyperPointFormer: Multimodal Fusion in 3D Space with Dual-Branch Cross-Attention Transformers,"Multimodal remote sensing data, including spectral and lidar or photogrammetry, is crucial for achieving satisfactory land-use / land-cover classification results in urban scenes. So far, most studies have been conducted in a 2D context. When 3D information is available in the dataset, it is typically integrated with the 2D data by rasterizing the 3D data into 2D formats. Although this method yields satisfactory classification results, it falls short in fully exploiting the potential of 3D data by restricting the model's ability to learn 3D spatial features directly from raw point clouds. Additionally, it limits the generation of 3D predictions, as the dimensionality of the input data has been reduced. In this study, we propose a fully 3D-based method that fuses all modalities within the 3D point cloud and employs a dedicated dual-branch Transformer model to simultaneously learn geometric and spectral features. To enhance the fusion process, we introduce a cross-attention-based mechanism that fully operates on 3D points, effectively integrating features from various modalities across multiple scales. The purpose of cross-attention is to allow one modality to assess the importance of another by weighing the relevant features. We evaluated our method by comparing it against both 3D and 2D methods using the 2018 IEEE GRSS Data Fusion Contest (DFC2018) dataset. Our findings indicate that 3D fusion delivers competitive results compared to 2D methods and offers more flexibility by providing 3D predictions. These predictions can be projected onto 2D maps, a capability that is not feasible in reverse. Additionally, we evaluated our method on different datasets, specifically the ISPRS Vaihingen 3D and the IEEE 2019 Data Fusion Contest. Our code will be published here: https://github.com/aldinorizaldy/hyperpointformer.",['cs.CV'],http://arxiv.org/abs/2505.23206v1,https://arxiv.org/pdf/2505.23206v1,29/05/2025-07:45:19,"['Aldino Rizaldy', 'Richard Gloaguen', 'Fabian Ewald Fassnacht', 'Pedram Ghamisi']",cs.CV
Triangle Splatting for Real-Time Radiance Field Rendering,"The field of computer graphics was revolutionized by models such as Neural Radiance Fields and 3D Gaussian Splatting, displacing triangles as the dominant representation for photogrammetry. In this paper, we argue for a triangle comeback. We develop a differentiable renderer that directly optimizes triangles via end-to-end gradients. We achieve this by rendering each triangle as differentiable splats, combining the efficiency of triangles with the adaptive density of representations based on independent primitives. Compared to popular 2D and 3D Gaussian Splatting methods, our approach achieves higher visual fidelity, faster convergence, and increased rendering throughput. On the Mip-NeRF360 dataset, our method outperforms concurrent non-volumetric primitives in visual fidelity and achieves higher perceptual quality than the state-of-the-art Zip-NeRF on indoor scenes. Triangles are simple, compatible with standard graphics stacks and GPU hardware, and highly efficient: for the \textit{Garden} scene, we achieve over 2,400 FPS at 1280x720 resolution using an off-the-shelf mesh renderer. These results highlight the efficiency and effectiveness of triangle-based representations for high-quality novel view synthesis. Triangles bring us closer to mesh-based optimization by combining classical computer graphics with modern differentiable rendering frameworks. The project page is https://trianglesplatting.github.io/",['cs.CV'],http://arxiv.org/abs/2505.19175v1,https://arxiv.org/pdf/2505.19175v1,25/05/2025-14:47:10,"['Jan Held', 'Renaud Vandeghen', 'Adrien Deliege', 'Abdullah Hamdi', 'Silvio Giancola', 'Anthony Cioppa', 'Andrea Vedaldi', 'Bernard Ghanem', 'Andrea Tagliasacchi', 'Marc Van Droogenbroeck']",cs.CV
To Glue or Not to Glue? Classical vs Learned Image Matching for Mobile Mapping Cameras to Textured Semantic 3D Building Models,"Feature matching is a necessary step for many computer vision and photogrammetry applications such as image registration, structure-from-motion, and visual localization. Classical handcrafted methods such as SIFT feature detection and description combined with nearest neighbour matching and RANSAC outlier removal have been state-of-the-art for mobile mapping cameras. With recent advances in deep learning, learnable methods have been introduced and proven to have better robustness and performance under complex conditions. Despite their growing adoption, a comprehensive comparison between classical and learnable feature matching methods for the specific task of semantic 3D building camera-to-model matching is still missing. This submission systematically evaluates the effectiveness of different feature-matching techniques in visual localization using textured CityGML LoD2 models. We use standard benchmark datasets (HPatches, MegaDepth-1500) and custom datasets consisting of facade textures and corresponding camera images (terrestrial and drone). For the latter, we evaluate the achievable accuracy of the absolute pose estimated using a Perspective-n-Point (PnP) algorithm, with geometric ground truth derived from geo-referenced trajectory data. The results indicate that the learnable feature matching methods vastly outperform traditional approaches regarding accuracy and robustness on our challenging custom datasets with zero to 12 RANSAC-inliers and zero to 0.16 area under the curve. We believe that this work will foster the development of model-based visual localization methods. Link to the code: https://github.com/simBauer/To\_Glue\_or\_not\_to\_Glue","['cs.CV', 'cs.LG']",http://arxiv.org/abs/2505.17973v1,https://arxiv.org/pdf/2505.17973v1,23/05/2025-14:41:41,"['Simone Gaisbauer', 'Prabin Gyawali', 'Qilin Zhang', 'Olaf Wysocki', 'Boris Jutzi']",cs.CV
Mind the Domain Gap: Measuring the Domain Gap Between Real-World and Synthetic Point Clouds for Automated Driving Development,"Owing to the typical long-tail data distribution issues, simulating domain-gap-free synthetic data is crucial in robotics, photogrammetry, and computer vision research. The fundamental challenge pertains to credibly measuring the difference between real and simulated data. Such a measure is vital for safety-critical applications, such as automated driving, where out-of-domain samples may impact a car's perception and cause fatal accidents. Previous work has commonly focused on simulating data on one scene and analyzing performance on a different, real-world scene, hampering the disjoint analysis of domain gap coming from networks' deficiencies, class definitions, and object representation. In this paper, we propose a novel approach to measuring the domain gap between the real world sensor observations and simulated data representing the same location, enabling comprehensive domain gap analysis. To measure such a domain gap, we introduce a novel metric DoGSS-PCL and evaluation assessing the geometric and semantic quality of the simulated point cloud. Our experiments corroborate that the introduced approach can be used to measure the domain gap. The tests also reveal that synthetic semantic point clouds may be used for training deep neural networks, maintaining the performance at the 50/50 real-to-synthetic ratio. We strongly believe that this work will facilitate research on credible data simulation and allow for at-scale deployment in automated driving testing and digital twinning.","['cs.CV', 'cs.LG']",http://arxiv.org/abs/2505.17959v1,https://arxiv.org/pdf/2505.17959v1,23/05/2025-14:31:36,"['Nguyen Duc', 'Yan-Ling Lai', 'Patrick Madlindl', 'Xinyuan Zhu', 'Benedikt Schwab', 'Olaf Wysocki', 'Ludwig Hoegner', 'Thomas H. Kolbe']",cs.CV
From Flight to Insight: Semantic 3D Reconstruction for Aerial Inspection via Gaussian Splatting and Language-Guided Segmentation,"High-fidelity 3D reconstruction is critical for aerial inspection tasks such as infrastructure monitoring, structural assessment, and environmental surveying. While traditional photogrammetry techniques enable geometric modeling, they lack semantic interpretability, limiting their effectiveness for automated inspection workflows. Recent advances in neural rendering and 3D Gaussian Splatting (3DGS) offer efficient, photorealistic reconstructions but similarly lack scene-level understanding.
  In this work, we present a UAV-based pipeline that extends Feature-3DGS for language-guided 3D segmentation. We leverage LSeg-based feature fields with CLIP embeddings to generate heatmaps in response to language prompts. These are thresholded to produce rough segmentations, and the highest-scoring point is then used as a prompt to SAM or SAM2 for refined 2D segmentation on novel view renderings. Our results highlight the strengths and limitations of various feature field backbones (CLIP-LSeg, SAM, SAM2) in capturing meaningful structure in large-scale outdoor environments. We demonstrate that this hybrid approach enables flexible, language-driven interaction with photorealistic 3D reconstructions, opening new possibilities for semantic aerial inspection and scene understanding.","['cs.GR', 'cs.CV', 'eess.IV']",http://arxiv.org/abs/2505.17402v1,https://arxiv.org/pdf/2505.17402v1,23/05/2025-02:35:46,"['Mahmoud Chick Zaouali', 'Todd Charter', 'Homayoun Najjaran']",cs.GR
From Reality to Virtual Worlds: The Role of Photogrammetry in Game Development,"Photogrammetry is transforming digital content creation by enabling the rapid conversion of real-world objects into highly detailed 3D models. This paper evaluates the role of RealityCapture, a GPU-accelerated photogrammetry tool, in game development of Virtual Reality (VR). We assess its efficiency, reconstruction accuracy, and integration with Unreal Engine, comparing its advantages and limitations against traditional modeling workflows. Additionally, we examined user preferences between designed 3D assets and photogrammetry-generated models. The results revealed that while photogrammetry enhances realism and interactivity, users slightly preferred manually designed models for small, manipulable elements because of the level of detail. However, from a developer perspective, RealityCapture significantly reduces development time while maintaining geometric precision and photorealistic textures. Despite its reliance on high-performance hardware, its automation, scalability, and seamless integration with real-time rendering engines make it a valuable tool for game developers and VR creators. Future improvements in AI-driven optimization and cloud-based processing could enhance accessibility, broadening its applications in gaming, cultural heritage preservation, and simulation.",['cs.GR'],http://arxiv.org/abs/2505.16951v1,https://arxiv.org/pdf/2505.16951v1,22/05/2025-17:33:54,"['Santiago Berrezueta-Guzman', 'Andrei Koshelev', 'Stefan Wagner']",cs.GR
Building LOD Representation for 3D Urban Scenes,"The advances in 3D reconstruction technology, such as photogrammetry and LiDAR scanning, have made it easier to reconstruct accurate and detailed 3D models for urban scenes. Nevertheless, these reconstructed models often contain a large number of geometry primitives, making interactive manipulation and rendering challenging, especially on resource-constrained devices like virtual reality platforms. Therefore, the generation of appropriate levels-of-detail (LOD) representations for these models is crucial. Additionally, automatically reconstructed 3D models tend to suffer from noise and lack semantic information. Dealing with these issues and creating LOD representations that are robust against noise while capturing the semantic meaning present significant challenges. In this paper, we propose a novel algorithm to address these challenges. We begin by analysing the properties of planar primitives detected from the input and group these primitives into multiple level sets by forming meaningful 3D structures. These level sets form the nodes of our innovative LOD-Tree. By selecting nodes at appropriate depths within the LOD-Tree, different LOD representations can be generated. Experimental results on real and complex urban scenes demonstrate the merits of our approach in generating clean, accurate, and semantically meaningful LOD representations.",['cs.GR'],http://arxiv.org/abs/2505.15190v1,https://arxiv.org/pdf/2505.15190v1,21/05/2025-07:13:01,"['Shanshan Pan', 'Runze Zhang', 'Yilin Liu', 'Minglun Gong', 'Hui Huang']",cs.GR
Cross-modal feature fusion for robust point cloud registration with ambiguous geometry,"Point cloud registration has seen significant advancements with the application of deep learning techniques. However, existing approaches often overlook the potential of integrating radiometric information from RGB images. This limitation reduces their effectiveness in aligning point clouds pairs, especially in regions where geometric data alone is insufficient. When used effectively, radiometric information can enhance the registration process by providing context that is missing from purely geometric data. In this paper, we propose CoFF, a novel Cross-modal Feature Fusion method that utilizes both point cloud geometry and RGB images for pairwise point cloud registration. Assuming that the co-registration between point clouds and RGB images is available, CoFF explicitly addresses the challenges where geometric information alone is unclear, such as in regions with symmetric similarity or planar structures, through a two-stage fusion of 3D point cloud features and 2D image features. It incorporates a cross-modal feature fusion module that assigns pixel-wise image features to 3D input point clouds to enhance learned 3D point features, and integrates patch-wise image features with superpoint features to improve the quality of coarse matching. This is followed by a coarse-to-fine matching module that accurately establishes correspondences using the fused features. We extensively evaluate CoFF on four common datasets: 3DMatch, 3DLoMatch, IndoorLRS, and the recently released ScanNet++ datasets. In addition, we assess CoFF on specific subset datasets containing geometrically ambiguous cases. Our experimental results demonstrate that CoFF achieves state-of-the-art registration performance across all benchmarks, including remarkable registration recalls of 95.9% and 81.6% on the widely-used 3DMatch and 3DLoMatch datasets, respectively...(Truncated to fit arXiv abstract length)","['cs.CV', 'cs.LG']",http://arxiv.org/abs/2505.13088v1,https://arxiv.org/pdf/2505.13088v1,19/05/2025-13:22:46,"['Zhaoyi Wang', 'Shengyu Huang', 'Jemil Avers Butt', 'Yuanzhou Cai', 'Matej Varga', 'Andreas Wieser']",cs.CV
Urban Representation Learning for Fine-grained Economic Mapping: A Semi-supervised Graph-based Approach,"Fine-grained economic mapping through urban representation learning has emerged as a crucial tool for evidence-based economic decisions. While existing methods primarily rely on supervised or unsupervised approaches, they often overlook semi-supervised learning in data-scarce scenarios and lack unified multi-task frameworks for comprehensive sectoral economic analysis. To address these gaps, we propose SemiGTX, an explainable semi-supervised graph learning framework for sectoral economic mapping. The framework is designed with dedicated fusion encoding modules for various geospatial data modalities, seamlessly integrating them into a cohesive graph structure. It introduces a semi-information loss function that combines spatial self-supervision with locally masked supervised regression, enabling more informative and effective region representations. Through multi-task learning, SemiGTX concurrently maps GDP across primary, secondary, and tertiary sectors within a unified model. Extensive experiments conducted in the Pearl River Delta region of China demonstrate the model's superior performance compared to existing methods, achieving R2 scores of 0.93, 0.96, and 0.94 for the primary, secondary and tertiary sectors, respectively. Cross-regional experiments in Beijing and Chengdu further illustrate its generality. Systematic analysis reveals how different data modalities influence model predictions, enhancing explainability while providing valuable insights for regional development planning. This representation learning framework advances regional economic monitoring through diverse urban data integration, providing a robust foundation for precise economic forecasting.","['cs.LG', 'cs.CV']",http://arxiv.org/abs/2505.11645v1,https://arxiv.org/pdf/2505.11645v1,16/05/2025-19:12:08,"['Jinzhou Cao', 'Xiangxu Wang', 'Jiashi Chen', 'Wei Tu', 'Zhenhui Li', 'Xindong Yang', 'Tianhong Zhao', 'Qingquan Li']",cs.LG
EA-3DGS: Efficient and Adaptive 3D Gaussians with Highly Enhanced Quality for outdoor scenes,"Efficient scene representations are essential for many real-world applications, especially those involving spatial measurement. Although current NeRF-based methods have achieved impressive results in reconstructing building-scale scenes, they still suffer from slow training and inference speeds due to time-consuming stochastic sampling. Recently, 3D Gaussian Splatting (3DGS) has demonstrated excellent performance with its high-quality rendering and real-time speed, especially for objects and small-scale scenes. However, in outdoor scenes, its point-based explicit representation lacks an effective adjustment mechanism, and the millions of Gaussian points required often lead to memory constraints during training. To address these challenges, we propose EA-3DGS, a high-quality real-time rendering method designed for outdoor scenes. First, we introduce a mesh structure to regulate the initialization of Gaussian components by leveraging an adaptive tetrahedral mesh that partitions the grid and initializes Gaussian components on each face, effectively capturing geometric structures in low-texture regions. Second, we propose an efficient Gaussian pruning strategy that evaluates each 3D Gaussian's contribution to the view and prunes accordingly. To retain geometry-critical Gaussian points, we also present a structure-aware densification strategy that densifies Gaussian points in low-curvature regions. Additionally, we employ vector quantization for parameter quantization of Gaussian components, significantly reducing disk space requirements with only a minimal impact on rendering quality. Extensive experiments on 13 scenes, including eight from four public datasets (MatrixCity-Aerial, Mill-19, Tanks \& Temples, WHU) and five self-collected scenes acquired through UAV photogrammetry measurement from SCUT-CA and plateau regions, further demonstrate the superiority of our method.",['cs.CV'],http://arxiv.org/abs/2505.10787v1,https://arxiv.org/pdf/2505.10787v1,16/05/2025-02:00:13,"['Jianlin Guo', 'Haihong Xiao', 'Wenxiong Kang']",cs.CV
TUM2TWIN: Introducing the Large-Scale Multimodal Urban Digital Twin Benchmark Dataset,"Urban Digital Twins (UDTs) have become essential for managing cities and integrating complex, heterogeneous data from diverse sources. Creating UDTs involves challenges at multiple process stages, including acquiring accurate 3D source data, reconstructing high-fidelity 3D models, maintaining models' updates, and ensuring seamless interoperability to downstream tasks. Current datasets are usually limited to one part of the processing chain, hampering comprehensive UDTs validation. To address these challenges, we introduce the first comprehensive multimodal Urban Digital Twin benchmark dataset: TUM2TWIN. This dataset includes georeferenced, semantically aligned 3D models and networks along with various terrestrial, mobile, aerial, and satellite observations boasting 32 data subsets over roughly 100,000 $m^2$ and currently 767 GB of data. By ensuring georeferenced indoor-outdoor acquisition, high accuracy, and multimodal data integration, the benchmark supports robust analysis of sensors and the development of advanced reconstruction methods. Additionally, we explore downstream tasks demonstrating the potential of TUM2TWIN, including novel view synthesis of NeRF and Gaussian Splatting, solar potential analysis, point cloud semantic segmentation, and LoD3 building reconstruction. We are convinced this contribution lays a foundation for overcoming current limitations in UDT creation, fostering new research directions and practical solutions for smarter, data-driven urban environments. The project is available under: https://tum2t.win","['cs.CV', 'cs.LG']",http://arxiv.org/abs/2505.07396v2,https://arxiv.org/pdf/2505.07396v2,12/05/2025-09:48:32,"['Olaf Wysocki', 'Benedikt Schwab', 'Manoj Kumar Biswanath', 'Michael Greza', 'Qilin Zhang', 'Jingwei Zhu', 'Thomas Froech', 'Medhini Heeramaglore', 'Ihab Hijazi', 'Khaoula Kanna', 'Mathias Pechinger', 'Zhaiyu Chen', 'Yao Sun', 'Alejandro Rueda Segura', 'Ziyang Xu', 'Omar AbdelGafar', 'Mansour Mehranfar', 'Chandan Yeshwanth', 'Yueh-Cheng Liu', 'Hadi Yazdi', 'Jiapan Wang', 'Stefan Auer', 'Katharina Anders', 'Klaus Bogenberger', 'Andre Borrmann', 'Angela Dai', 'Ludwig Hoegner', 'Christoph Holst', 'Thomas H. Kolbe', 'Ferdinand Ludwig', 'Matthias Nießner', 'Frank Petzold', 'Xiao Xiang Zhu', 'Boris Jutzi']",cs.CV
