titles,abstracts,categories,entry_ids,pdf_url,published,authors,primary_category
Global Offshore Wind Infrastructure: Deployment and Operational Dynamics from Dense Sentinel-1 Time Series,"The offshore wind energy sector is expanding rapidly, increasing the need for independent, high-temporal-resolution monitoring of infrastructure deployment and operation at global scale. While Earth Observation based offshore wind infrastructure mapping has matured for spatial localization, existing open datasets lack temporally dense and semantically fine-grained information on construction and operational dynamics. We introduce a global Sentinel-1 synthetic aperture radar (SAR) time series data corpus that resolves deployment and operational phases of offshore wind infrastructure from 2016Q1 to 2025Q1. Building on an updated object detection workflow, we compile 15,606 time series at detected infrastructure locations, with overall 14,840,637 events as analysis-ready 1D SAR backscatter profiles, one profile per Sentinel-1 acquisition and location. To enable direct use and benchmarking, we release (i) the analysis ready 1D SAR profiles, (ii) event-level baseline semantic labels generated by a rule-based classifier, and (iii) an expert-annotated benchmark dataset of 553 time series with 328,657 event labels. The baseline classifier achieves a macro F1 score of 0.84 in event-wise evaluation and an area under the collapsed edit similarity-quality threshold curve (AUC) of 0.785, indicating temporal coherence. We demonstrate that the resulting corpus supports global-scale analyses of deployment dynamics, the identification of differences in regional deployment patterns, vessel interactions, and operational events, and provides a reference for developing and comparing time series classification methods for offshore wind infrastructure monitoring.","['cs.CV', 'cs.LG']",http://arxiv.org/abs/2604.20822v1,https://arxiv.org/pdf/2604.20822v1,22/04/2026-17:47:33,"['Thorsten Hoeser', 'Felix Bachofer', 'Claudia Kuenzer']",cs.CV
Magnetic uncertainty in variable geometry,"In this paper, we study Hardy-type uncertainty principles and unique continuation properties for linear covariant Schrodinger equations with variable coefficients in the presence of bounded electric and magnetic potentials. Under suitable smallness assumptions on the leading coefficients, we prove that any solution exhibiting super-quadratic exponential decay at two distinct times must vanish identically. Under an additional structural assumption on the coefficient matrix $G$, we further establish a Hardy-type result at the quadratic exponential scale. We also obtain an analogous uniqueness result for the heat equation with variable-coefficient magnetic perturbations.
  Our results unify and extend previous works in two directions: they recover the constant-coefficient covariant case treated by Barcelo-Fanelli-Gutierrez-Ruiz-Vilela when $G=I$, and the variable-coefficient non-magnetic case considered by Federico-Li-Yu when $A=0$. The proofs combine logarithmic convexity arguments with Carleman estimates adapted to variable-coefficient covariant Schrödinger and parabolic flows. Although our approach follows the general strategy introduced by Escauriaza-Kenig-Ponce-Vega, substantial new difficulties arise from the interaction between the variable metric and the magnetic structure, which requires new weight functions and refined commutator estimates.",['math.AP'],http://arxiv.org/abs/2604.20794v1,https://arxiv.org/pdf/2604.20794v1,22/04/2026-17:19:38,"['Luca Fanelli', 'Yilin Song', 'Ying Wang', 'Jiqiang Zheng', 'Ruihan Zhou']",math.AP
Physics-Conditioned Synthesis of Internal Ice-Layer Thickness for Incomplete Layer Traces,"Internal ice layers imaged by radar provide key evidence of snow accumulation and ice dynamics, but radar-derived layer boundary observations are often incomplete, with discontinuous traces and sometimes entirely missing layers, due to limited resolution, sensor noise, and signal loss. Existing graph-based models for ice stratigraphy generally assume sufficiently complete layer profiles and focus on predicting deeper-layer thickness from reliably traced shallow layers. In this work, we address the layer-completion problem itself by synthesizing complete ice-layer thickness annotations from incomplete radar-derived layer traces by conditioning on colocated physical features synchronized from physical climate models. The proposed network combines geometric learning to aggregate within-layer spatial context with a transformer-based temporal module that propagates information across layers to encourage coherent stratigraphy and consistent thickness evolution. To learn from incomplete supervision, we optimize a mask-aware robust regression objective that evaluates errors only at observed thickness values and normalizes by the number of valid entries, enabling stable training under varying sparsity without imputation and steering completions toward physically plausible values. The model preserves observed thickness where available and infers only missing regions, recovering fragmented segments and even fully absent layers while remaining consistent with measured traces. As an additional benefit, the synthesized thickness stacks provide effective pretraining supervision for a downstream deep-layer predictor, improving fine-tuned accuracy over training from scratch on the same fully traced data.",['cs.LG'],http://arxiv.org/abs/2604.20783v1,https://arxiv.org/pdf/2604.20783v1,22/04/2026-17:10:48,"['Zesheng Liu', 'Maryam Rahnemoonfar']",cs.LG
CVEs With a CVSS Score Greater Than or Equal to 9,"Critical vulnerabilities with Common Vulnerability Scoring System scores of 9.0 or higher pose severe risks to organisations' information systems. Timely detection and remediation are essential to minimise economic and reputational damage from cyberattacks. This paper provides a thorough analysis of the identification and resolution timelines of such critical vulnerabilities. A mixed-methods approach is employed, integrating quantitative data from global vulnerability databases analysing 245,456 Common Vulnerabilities and Exposures records spanning from 2009 to 2024, of which 12.8 % were critical, with qualitative case studies of notable incidents. This methodical combination of quantitative and qualitative data sources enables the identification of patterns and delay factors in vulnerability management. The findings indicate significant delays in public disclosure and patch deployment, influenced by industry-specific factors, resource availability and organisational processes. The paper concludes with a series of actionable recommendations to improve the efficiency of vulnerability responses. Despite faster disclosure, the remediation gap for critical vulnerabilities remains a systemic risk, driven by organisational inertia and system complexity.",['cs.CR'],http://arxiv.org/abs/2604.20765v1,https://arxiv.org/pdf/2604.20765v1,22/04/2026-16:50:25,"['Lena Sinterhauf', 'Andreas Aßmuth', 'Roland Kaltefleiter']",cs.CR
The Be star omicron Cas is indeed the primary of a triple system,"Analysis of radial velocities of two narrow absorption components in the Mg II 4481 A line demonstrated that the secondary of the Be star omicron Cas is indeed a close binary system composed of two B7 stars orbiting each other with a period of 11.6604 days. Orbital solutions and spectral disentangling lead to consistent system properties. The system is extremely important for the research of Be stars since its future interferometric observations with a~high spatial resolution could allow the mass and perhaps even the radius of a Be star to be derived without too many model assumptions, mainly on the dynamical grounds.",['astro-ph.SR'],http://arxiv.org/abs/2604.20747v1,https://arxiv.org/pdf/2604.20747v1,22/04/2026-16:38:57,"['Petr Harmanec', 'Stephenson Yang', 'Miroslav Slechta', 'Erika D. Grundstrom', 'Jose Ribeiro', 'Adam Harmanec']",astro-ph.SR
A direct algebraic proof for the non-positivity of Liouvillian spectral values in Markovian quantum dynamics,"Markovian open quantum systems are described by the Lindblad master equation $\partial_tρ=\mathcal{L}(ρ)$, where $ρ$ denotes the system's density operator and $\mathcal{L}$ the Liouville super-operator, which is also known as the Liouvillian. For systems with a finite-dimensional Hilbert space, it is a fundamental property of the Liouvillian that the real parts of all its eigenvalues are non-positive. Analogously, for infinite-dimensional Hilbert spaces, the Liouvillian as a map on trace-class operators only has spectral values with non-positive real parts. The usual arguments for these properties are indirect, using that $\mathcal{L}$ generates a quantum channel and that quantum channels are contractive. We provide a direct algebraic proof based on the Lindblad form of Liouvillians.","['quant-ph', 'cond-mat.stat-mech', 'math-ph']",http://arxiv.org/abs/2504.02256v2,https://arxiv.org/pdf/2504.02256v2,03/04/2025-03:54:25,"['Yikang Zhang', 'Thomas Barthel']",quant-ph
Kardashev's Conundrum: Statistical Falsification of the Standard Kardashev Model and the Kardashev--Sagan--Nakamoto Resolution,"We test the standard Kardashev one-percent exponential conjecture against six decades of global primary-energy production data (1965-2024; Our World in Data). Markov Chain Monte Carlo inference yields a posterior growth rate of r = 2.01 +/- 0.03% per year (95% credible interval [1.94%, 2.08%]), placing the Kardashev 1% value well outside the credible interval. A linear OLS model fits the data with remarkably low dispersion (R^2 = 0.987) and is preferred over the free-rate exponential by the Widely Applicable Information Criterion (ΔWAIC = 5.5). Year-over-year increments are non-Gaussian (Shapiro-Wilk W = 0.925, p = 0.0014; skewness = -0.664) with identifiable crisis outliers (2008, 2020), rejecting the independent-increment multiplicative structure with positive drift required by Kardashev's (1+x)^t geometric series. Extrapolation of the linear model to the solar luminosity yields a Type II civilisational timescale of approximately 1.6E15 years -- approximately 1E5 times both the age of the Universe and the main-sequence lifetime of the Sun -- a physical reductio we term Kardashev's Conundrum. No functional form fitted to P(t) alone can simultaneously satisfy statistical adequacy and physical coherence: the Kardashev variable is dimensionally incomplete. We propose the Kardashev-Sagan-Nakamoto (KSN) renormalisation B(t) = P(t)/H(t) [J/Hash, the KarNak unit], where H(t) is the annual Bitcoin hashrate. The renormalisation adds no free parameters, is motivated by the Landauer limit, and fulfils Sagan's information-richness requirement. Over 2009-2024, B(t) spans 14 orders of magnitude.","['astro-ph.IM', 'astro-ph.GA']",http://arxiv.org/abs/2604.17516v2,https://arxiv.org/pdf/2604.17516v2,19/04/2026-16:19:28,['Sebastian Gurovich'],astro-ph.IM
Photometric Identification of Unresolved Binary Stars in Nearby Open Star Clusters,"This paper introduces a new method to search for unresolved binary stars in open star clusters. The work aims at improving the approach introduced previously, which employs the (H-W2)-W1 versus W2-(BP-K) photometric diagram. This diagram, in tandem with the Gaia Color Magnitude Diagram (CMD) and using theoretical isochrones as reference sequences, is used to estimate the binary star fraction and the distribution of the component mass ratio $q$ in eight nearby open star clusters, including Pleiades, Alpha Per, and Praesepe, which we investigated in previous studies. In this study, to alleviate the uncertainties associated with the use of theoretical isochrones, we propose an empirical isochrones approach. We show that this is an effective approach to exploring a wider primary-mass interval, in particular for the region of low-mass sources.
  Box-and-whisker plots are used to present the distribution of the component mass ratio $q$. The mode of distribution turns out to be in the range $0.43-0.83$ and $0.38-0.63$ for Gaia and infrared-visible photometry, respectively. In addition, we update the algorithm to obtain the binary fraction, whose estimate lies in the range $0.16 - 0.36$ and $0.21 - 0.44$, depending on the adopted method, and show that in previous studies the binary fraction was overestimated. We do not find evidence that the variable spatial resolution of the employed catalogs (Gaia, 2MASS, and WISE) affects the precision of the binary fraction estimate.","['astro-ph.GA', 'astro-ph.SR']",http://arxiv.org/abs/2604.20722v1,https://arxiv.org/pdf/2604.20722v1,22/04/2026-16:07:28,"['Varvara O. Mikhnevich', 'Anastasiia Plotnikova', 'Giovanni Carraro', 'Anton F. Seleznev']",astro-ph.GA
Compact sub-10 ps Resolution Radio Frequency Photomultiplier Tube,"Experimental measurements of the radial spreading of photoelectrons emitted from a multi-alkali photocathode in a MCP-based photomultiplier tube have shown that, for photon wavelengths of 455 nm, 515 nm and 625 nm, the maximum initial energies of the emitted photoelectrons are approximately 0.3 eV, 0.2 eV and 0.1 eV respectively. Combining these experimental results with simulations performed using the SIMION simulation package, a compact radio-frequency photoelectron multiplier tube with a temporal resolution better than 10 ps is proposed. The device would be suitable for applications in several fields, particularly in medical optical instruments employing time-correlated single-photon counting.",['physics.ins-det'],http://arxiv.org/abs/2603.11887v3,https://arxiv.org/pdf/2603.11887v3,12/03/2026-13:01:43,"['Sergey Abrahamyan', 'Simon Zhamkochyan', 'Hasmik Rostomyan', 'Amur Margaryan', 'Hayk Elbakyan', 'Aram Kakoyan', 'Artashes Papyan', 'Anna Safaryan', 'John Annand', 'Kenneth Livingston', 'Rachel Montgomery', 'Patrick Achenbach', 'Josef Pochodzalla', 'Dimiter Balabanski', 'Satoshi Nakamura', 'Viatcheslav Sharyy', 'Dominique Yvon', 'Ani Aprahamian', 'Vanik Kakoyan']",physics.ins-det
Role of prompt cusps in driving the core collapse of SIDM halos,"Prompt cusps (PCs) form from the direct collapse of overdensities in the early Universe, reside at the center of every dark matter halo, and have density profiles steeper than $r^{-1}$ NFW cusps. Using a suite of high-resolution N-body simulations, we study the evolution of isolated halos in self-interacting dark matter (SIDM) with massive PCs embedded at their centers, a scenario that could be realized in certain SIDM models with light mediators that predict a small-scale suppression of the linear matter power spectrum. We track the evolution of three equally concentrated $10^7\,{\rm{M}}_\odot$ halos, hosting PCs of various total masses, and quantify how the presence of a PC affects the processes of core formation and collapse. Early in the core-formation phase, halos with more prominent PCs exhibit a delayed evolution by a factor of $\sim 2$ due to smaller velocity dispersion gradients in the inner region. During most of the core-collapse phase, the halo evolution becomes closely aligned in physical time, with appropriate rescaling of densities, radii, and velocity dispersions. The scale densities and radii preserve the virial mass of the original halos, but with increased concentration. Deviations occur at the late phase of core-collapse at the level of $\sim 5\%$ relative to the reference collapse track of an NFW halo. These deviations depend non-trivially on both the increased concentration incurred by the PCs, as well as the velocity dispersion (temperature) of the outer halo regions, which can inhibit or enhance the heat transfer process. Our simulations illustrate the complex interplay between the inner and outer halo profiles in determining the onset of core collapse and motivate future studies in the full cosmological context.","['astro-ph.GA', 'astro-ph.CO']",http://arxiv.org/abs/2512.00145v3,https://arxiv.org/pdf/2512.00145v3,28/11/2025-19:00:00,"['Vinh Tran', 'Daniel Gilman', 'M. Sten Delos', 'Xuejian Shen', 'Oliver Zier', 'Mark Vogelsberger', 'David Xu']",astro-ph.GA
Uniqueness results for positive harmonic functions on manifolds with nonnegative Ricci curvature and strictly convex boundary,"We prove some Liouville-type theorems for positive harmonic functions on compact Riemannian manifolds with nonnegative Ricci curvature and strictly convex boundary, thereby confirming some cases of Wang's conjecture (J. Geom. Anal. 31, 2021).
  We further investigate Wang's conjecture on warped product manifolds and provide a partial verification of this conjecture, which also yields an alternative proof of Gu-Li's resolution of the conjecture in the $\mathbb{B}^n$ case (Math. Ann. 391, 2025). Our approach is based on a general principle of employing the P-function method to such Liouville-type results, with particular emphasis on the role of a closed conformal vector field inherent to such manifolds.","['math.AP', 'math.DG']",http://arxiv.org/abs/2511.09994v3,https://arxiv.org/pdf/2511.09994v3,13/11/2025-05:58:25,['Xiaohan Cai'],math.AP
Wall-crossing of Instantons on the Blow-up,"We study the instanton counting in four dimensional $\mathcal{N}=2$ supersymmetric gauge theories on the blow-up of $\mathbb{C}^2$: we start by formulating the instanton moduli space as a quiver variety, which we regularise by introducing two stability parameters, thus endowing it with a structure of infinitely many chambers separated by walls. Within a given chamber, we formulate the instanton partition function as a contour integral, which can be evaluated using the Jeffrey-Kirwan residue prescription. We characterise the physically relevant contributions in terms of bipartite oriented graphs and show that they can more efficiently be classified in terms of combinatorial objects called super-partitions. Within a given chamber, only certain types of super-partitions contribute and we show that the corresponding selection criteria are equivalent to stability conditions that have previously been proposed in the literature. We use this formalism to compare how the instanton counting changes when moving across walls between neighbouring chambers and provide explicit expressions for the corresponding partition functions. In a limiting chamber and using our approach, we show how to reproduce the Nakajima-Yoshioka blow-up formula.","['hep-th', 'math-ph', 'math.AG']",http://arxiv.org/abs/2604.20674v1,https://arxiv.org/pdf/2604.20674v1,22/04/2026-15:23:58,"['Baptiste Filoche', 'Stefan Hohenegger', 'Taro Kimura']",hep-th
Emergent time and more from wavefunction collapse in general relativity,"In this paper, we further develop a recently proposed theory of time based on wavefunction collapse in general relativity. It is based on the postulations that quantum states, which violate the momentum and Hamiltonian constraints, represent instances of time, and stochastic fluctuations of the lapse and shift generate the time evolution under which an initial state gradually collapses toward a diffeomorphism-invariant state. Under the wavefunction collapse, the scale factor monotonically increases, thus acting as a clock. The scalar, vector, and tensor gravitons arise as physical excitations, and the arrow of time for their evolution is set by the initial state. In the long-time limit, the tensor gravitons exhibit emergent unitary dynamics. However, the extra modes are strongly damped due to the non-unitary dynamics that suppress the constraint-violating excitations. The vector mode is uniformly suppressed over all length scales, but the decay rate of the scalar is proportional to its wave vector. This makes the latter a viable candidate for dark matter; excitations with large wavelengths survive over long periods, contributing to long-range interactions, while the fast decay of short-wavelength modes renders them undetectable without sufficient temporal resolution. These are demonstrated for the cosmological constant-dominated universe through semi-classical and adiabatic approximations, which are controlled in the limit of large space dimension.","['gr-qc', 'hep-th', 'quant-ph']",http://arxiv.org/abs/2510.20207v2,https://arxiv.org/pdf/2510.20207v2,23/10/2025-04:48:28,['Sung-Sik Lee'],gr-qc
Interacting Multi-Node Conifold Light Sectors,"We study finite-node conifold degenerations of Calabi--Yau threefolds from the point of view of interacting light sectors. Although each ordinary double point contributes a rank-one local vanishing sector, the corrected global object need not assemble as a freely independent sum of nodewise pieces. Using the corrected perverse and mixed-Hodge-module degeneration package, the global gluing law for corrected extension classes, and the rigid-flexible atom decomposition on the \(F\)-bundle side, we define an interacting multi-node light-sector package and prove a block-reduced structure theorem. In the block-separated cycle family, the finite-node package separates into two logically distinct layers: relation collapse, controlled by a common relation lattice on the corrected-extension, smoothing, and resolution sides, and residual interaction among the surviving global sectors, controlled by a reduced block interaction matrix on the transport and atom sides. The result isolates the geometric and Hodge-theoretic precursor of coupled conifold light states and provides the mathematical input for a later multi-node reformulation of Strominger's conifold mechanism.","['math.AG', 'hep-th']",http://arxiv.org/abs/2604.20637v1,https://arxiv.org/pdf/2604.20637v1,22/04/2026-14:48:10,['Abdul Rahman'],math.AG
RSRCC: A Remote Sensing Regional Change Comprehension Benchmark Constructed via Retrieval-Augmented Best-of-N Ranking,"Traditional change detection identifies where changes occur, but does not explain what changed in natural language. Existing remote sensing change captioning datasets typically describe overall image-level differences, leaving fine-grained localized semantic reasoning largely unexplored. To close this gap, we present RSRCC, a new benchmark for remote sensing change question-answering containing 126k questions, split into 87k training, 17.1k validation, and 22k test instances. Unlike prior datasets, RSRCC is built around localized, change-specific questions that require reasoning about a particular semantic change. To the best of our knowledge, this is the first remote sensing change question-answering benchmark designed explicitly for such fine-grained reasoning-based supervision. To construct RSRCC, we introduce a hierarchical semi-supervised curation pipeline that uses Best-of-N ranking as a critical final ambiguity-resolution stage. First, candidate change regions are extracted from semantic segmentation masks, then initially screened using an image-text embedding model, and finally validated through retrieval-augmented vision-language curation with Best-of-N ranking. This process enables scalable filtering of noisy and ambiguous candidates while preserving semantically meaningful changes. The dataset is available at https://huggingface.co/datasets/google/RSRCC.","['cs.CV', 'cs.AI']",http://arxiv.org/abs/2604.20623v1,https://arxiv.org/pdf/2604.20623v1,22/04/2026-14:38:41,"['Roie Kazoom', 'Yotam Gigi', 'George Leifman', 'Tomer Shekel', 'Genady Beryozkin']",cs.CV
Efficiently Closing Loops in LiDAR-Based SLAM Using Point Cloud Density Maps,"Consistent maps are key for most autonomous mobile robots, and they often use SLAM approaches to build such maps. Loop closures via place recognition help to maintain accurate pose estimates by mitigating global drift, and are thus key for realizing an effective SLAM system. This paper presents a robust loop closure detection pipeline for outdoor SLAM with LiDAR-equipped robots. Our method handles various LiDAR sensors with different scanning patterns, fields of view, and resolutions. It generates local maps from LiDAR scans and aligns them using a ground alignment module to handle both planar and non-planar motion of the LiDAR, ensuring applicability across platforms. The method uses density-preserving bird's-eye-view projections of these local maps and extracts ORB feature descriptors for place recognition. It stores the feature descriptors in a binary search tree for efficient retrieval, and self-similarity pruning addresses perceptual aliasing in repetitive environments. Extensive experiments on public and self-recorded datasets demonstrate accurate loop closure detection, long-term localization, and cross-platform multi-map alignment, agnostic to the LiDAR scanning patterns, fields of view, and motion profiles. We provide the code for our pipeline as open-source software at https://github.com/PRBonn/MapClosures.",['cs.RO'],http://arxiv.org/abs/2501.07399v2,https://arxiv.org/pdf/2501.07399v2,13/01/2025-15:17:10,"['Saurabh Gupta', 'Tiziano Guadagnino', 'Benedikt Mersch', 'Niklas Trekel', 'Meher V. R. Malladi', 'Cyrill Stachniss']",cs.RO
Admissible Lax-Wendroff Flux Reconstruction Method with Automatic Differentiation on Adaptive Curved Meshes for Relativistic Hydrodynamics,"The relativistic hydrodynamics (RHD) equations can give rise to solutions which have shocks, contact discontinuities, and other sharp structures, which interact and evolve over time. Capturing these sharp waves effectively requires a mesh with high resolution, making the scheme computationally expensive. In this work, adaptive mesh refinement is used with the high-order Lax-Wendroff flux reconstruction (LWFR) method to solve the system of RHD equations, which is closed with general equations of state. To make the scheme Jacobian-free, the idea of automatic differentiation is incorporated for computing the temporal derivatives in the time average flux approximations. The high-order method is blended with an admissible low-order method at the subcell level to control the Gibbs oscillations and maintain the physical admissibility of the solution. Finally, several test cases involving high Lorentz factors, low densities, low pressures, strong shock waves, and other discontinuities are used to demonstrate the robustness, accuracy, and effectiveness of the proposed method. These simulations are performed with AMR using various linear and curved meshes to show the scheme's efficiency and ability to handle complex geometries.",['math.NA'],http://arxiv.org/abs/2604.20608v1,https://arxiv.org/pdf/2604.20608v1,22/04/2026-14:22:57,"['Sujoy Basak', 'Arpit Babbar', 'Harish Kumar', 'Praveen Chandrashekar']",math.NA
Widely degenerate anisotropic diffusion: local boundedness and semicontinuity,"We investigate the regularity of local weak solutions to evolution equations of the form \[ \partial_{t}u\,=\,\sum_{i=1}^{n}\,\partial_{x_{i}}\left[a_{i}(x,t)\,(\vert\partial_{x_{i}}u\vert-δ_{i})_{+}^{p_{i}-1}\,\frac{\partial_{x_{i}}u}{\vert\partial_{x_{i}}u\vert}\right]\,\,\,\,\,\,\,\,\,\,\mathrm{in}\,\,\,Ω_{T}\,=\,Ω\times(0,T)\,, \] where $Ω$ is a bounded domain in $\mathbb{R}^{n}$ with $n\geq2$, the coefficients $a_{i}$ are measurable and bounded, $p_{i}>1$ and $δ_{i}\geq0$ are fixed parameters. Under suitable assumptions on the exponents $p_{i}$, we first show that the local boundedness of weak solutions follows from their membership in an appropriate non-homogeneous parabolic De Giorgi class. We then establish the existence of semicontinuous representatives for local weak sub(super)-solutions. Our analysis extends analogous results available for less degenerate operators and generalizes the local boundedness results obtained in [7] to fully anisotropic, widely degenerate parabolic PDEs with non-smooth coefficients depending additionally on the space-time variables $(x,t)$, whose growth is governed by a family of exponents $p_{i}$ rather than by a single exponent.",['math.AP'],http://arxiv.org/abs/2604.20597v1,https://arxiv.org/pdf/2604.20597v1,22/04/2026-14:12:29,"['Pasquale Ambrosio', 'Simone Ciani', 'Giovanni Cupini']",math.AP
Physics-Informed Conditional Diffusion for Motion-Robust Retinal Temporal Laser Speckle Contrast Imaging,"Retinal laser speckle contrast imaging (LSCI) is a noninvasive optical modality for monitoring retinal blood flow dynamics. However, conventional temporal LSCI (tLSCI) reconstruction relies on sufficiently long speckle sequences to obtain stable temporal statistics, which makes it vulnerable to acquisition disturbances and limits effective temporal resolution. A physically informed reconstruction framework, termed RetinaDiff (Retinal Diffusion Model), is proposed for retinal tLSCI that is robust to motion and requires only a few frames. In RetinaDiff, registration based on phase correlation is first applied to stabilize the raw speckle sequence before contrast computation, reducing interframe misalignment so that fluctuations at each pixel primarily reflect true flow dynamics. This step provides a physics prior corrected for motion and a high quality multiframe tLSCI reference. Next, guided by the physics prior, a conditional diffusion model performs inverse reconstruction by jointly conditioning on the registered speckle sequence and the corrected prior. Experiments on data acquired with a retinal LSCI system developed in house show improved structural continuity and statistical stability compared with direct reconstruction from few frames and representative baselines. The framework also remains effective in a small number of extremely challenging cases, where both the direct 5-frame input and the conventional multiframe reconstruction are severely degraded. Overall, this work provides a practical and physically grounded route for reliable retinal tLSCI reconstruction from extremely limited frames. The source code and model weights will be publicly available at https://github.com/QianChen113/RetinaDiff.",['cs.CV'],http://arxiv.org/abs/2604.20594v1,https://arxiv.org/pdf/2604.20594v1,22/04/2026-14:11:27,"['Qian Chen', 'Yuehao Chen', 'Qiang Wang', 'Lei Zhu', 'Yanye Lu', 'Qiushi Ren']",cs.CV
"A resolution of Erdős Problem #190 via Erdős-Lovász, BCT, and Baker-Harman-Pintz","Let H(k) be the smallest N such that every finite coloring of [N] contains a monochromatic or rainbow k-term arithmetic progression. Erdős and Graham asked whether $H(k)^{1/k}/k \to \infty$ (Problem #190 of the Erdős Problems database). We prove that there is an absolute constant $k_0 \ge 2$ such that for all $k \ge k_0$, \[ H(k)^{1/k}/k \ge (1/e - \varepsilon(k)) \cdot k/\log k, \qquad \varepsilon(k) = O(k^{-0.475} \log k) \to 0 \text{ as } k \to \infty; \] in particular $H(k)^{1/k}/k = Ω(k/\log k)$ and $\lim_{k\to\infty} H(k)^{1/k}/k = \infty$, resolving the positive direction of the Erdős-Graham question. The argument combines three standard ingredients -- the symmetric Lovász Local Lemma applied to the k-AP hypergraph on $[N]$, the restricted form of the Blankenship-Cummings-Taranchuk recurrence, and the Baker-Harman-Pintz prime-gap theorem -- together with the pigeonhole reduction $H(k) \ge W(k-1,k)$, and uses BHP as the only analytic black box. Previous applications of Erdős-Lovász had fixed $r$; the improvement here is that the $r^{k-1}$ base dominates once one allows the color count $r_0 = \lfloor k / \log k \rfloor$ to grow with $k$. No matching upper bound on $H(k)^{1/k}/k$ is known.",['math.CO'],http://arxiv.org/abs/2604.20588v1,https://arxiv.org/pdf/2604.20588v1,22/04/2026-14:07:51,['Ji Ho Bae'],math.CO
Predictive drift compensation of multi-frame STEM via live scan modification,"Scanning transmission electron microscopy (STEM) is widely used tool for materials characterisation. However, being a scanned technique, STEM is susceptible to sample, stage or beam drift, manifesting as distortions within images or movement in the field-of-view during multi-frame imaging. Often this is corrected post-acquisition using image registration of multiple frames, but drift reduces the usable area common to all frames. Here we present a method to mitigate sample drift by analysing past frames to predict the sampling-grid points for the immediately future frame. We present this correction across two time-scales and two lengthscales. By offsetting the scan-grid framewise we remove long-range drift, and offsetting pixelwise we minimise intra-image warping. Examples are presented for both atomic-resolution imaging and lower-magnification in-situ video capture. The framework is general to raster, serpentine, interlaced and other scan patterns, as well as sequential or scan-rotation series STEM.","['physics.ins-det', 'cond-mat.mtrl-sci']",http://arxiv.org/abs/2604.20558v1,https://arxiv.org/pdf/2604.20558v1,22/04/2026-13:40:29,"['Matthew Mosse', 'Jonathan J. P. Peters', 'Eoin Moynihan', 'James A. Gott', 'Ana M. Sanchez', 'Michele Conroy', 'Lewys Jones']",physics.ins-det
"Observation of intrastate and interstate facilitation between Rydberg S, P and D levels","We report experimental results on Rydberg facilitation, whereby Rydberg levels can be excited off-resonantly in the presence of a nearby Rydberg atom because of Rydberg-Rydberg interactions, for high-lying $S$, $P$ and $D$ levels in rubidium. Facilitation is detected both through an enhancement of the number of excited atoms for off-resonant excitation (either blue or red detuning) and a positive Mandel $Q$ parameter indicating correlated excitation events (super-Poissonian counting statistics). We also calculate the pair-state potentials for the Rydberg states involved and find that our experimental results agree with the expected facilitation conditions for repulsive potentials (blue detuning) and attractive potentials (red detuning), with $P$ and $D$ states exhibiting facilitation on both sides of the resonance. Finally, we investigate inter-state facilitation between two different Rydberg levels (70 $S$ and 70 $P$).",['physics.atom-ph'],http://arxiv.org/abs/2604.17404v2,https://arxiv.org/pdf/2604.17404v2,19/04/2026-12:19:13,"['Bleuenn Bégoc', 'Sukhjit P. Singh', 'Giovanni Cichelli', 'Roberto Franco', 'Oliver Morsch']",physics.atom-ph
Using Graph Neural Networks for hadronic clustering and to reduce beam background in the Belle~II electromagnetic calorimeter,"The Belle~II electromagnetic calorimeter consists of 8376 CsI(Tl) scintillation crystals and is not only used for measuring electromagnetic particles but also for identifying and determining the position of hadrons, particularly neutral\textbf{} hadrons. Recent data-taking periods have presented challenges for the current clustering method: Firstly, the record-breaking luminosities achieved by the SuperKEKB accelerator have increased background rates, leading to a higher number of crystals with energy depositions, and an overall increase in the total energy measured in the calorimeter. This resulted in poorer photon energy resolution and the reconstruction of more fake photon clusters. Secondly, challenges arise from the nature of hadronic interactions. In contrast to $γ$ and $e^{\pm}$, hadrons interacting in the calorimeter result in irregular, sometimes even disconnected energy depositions. These clusters can be misinterpreted as photon clusters, thereby reducing the position resolution of neutral hadrons or causing a complete misidentification of the hadron. Graph neural networks offer a promising solution to both challenges. By representing only crystals with an energy measurement as nodes, graphs capture the sparsity of the input. Using message-passing layers that learn the graph edges also helps to address the asymmetric sensor layout of Belle~II's ECL. In these proceedings, we will present a novel approach to identify the challenges in the detector simulation. Using this information, we train a Graph Neural Network to identify and remove unwanted depositions abefore clustering.",['hep-ex'],http://arxiv.org/abs/2604.20518v1,https://arxiv.org/pdf/2604.20518v1,22/04/2026-12:59:47,"['Jonas Eppelt', 'Torben Ferber']",hep-ex
Mid-infrared JWST spectra of carbon stars in the Large Magellanic Cloud,"Mid-infrared spectra from the Medium Resolution Spectrometer on the James Webb Space Telescope have revealed the molecular chemistry of carbon stars in the Large Magellanic Cloud with better resolution and sensitivity than previously possible. Our sample spans a range of dust-production rates and includes three relatively dust-free semiregular variables and six dustier Mira variables. All were observed 15-20 yr earlier with the Infrared Spectrograph on the Spitzer Space Telescope at lower spectral resolution. The new spectra show that the C3 molecule is responsible for a strong absorption band centered at 5.2 um. CS is clearly present in some of the sample, especially the stars with less dust. HCN also appears to be present. Some of the spectra have changed significantly between the Spitzer epoch and the MRS observations in 2023 and 2024, and in most cases these changes can be attributed to the stellar pulsation cycle. One exception is the disappearance of a dust emission feature at ~18 um in one of the Miras. The new spectra reveal a dip centered at ~10 um, which could arise either from an unknown carrier or from variable molecular emission to the red and blue. The presence of this spectral structure on the short-wavelength side of the SiC dust emission feature at ~11.3 um along with the broad C2H2 band centered at 14 um raise the possibility that some previously reported detections of weak SiC dust emission in other carbon stars may not be real.","['astro-ph.SR', 'astro-ph.GA']",http://arxiv.org/abs/2604.20478v1,https://arxiv.org/pdf/2604.20478v1,22/04/2026-12:05:31,"['G. C. Sloan', 'B. Aringer', 'Kathleen E. Kraemer', 'J. Cami', 'K. Eriksson', 'S. Hoefner', 'K. Justtanont', 'E. Lagadec', 'Paola Marigo', 'M. Matsuura', 'I. McDonald', 'E. J. Montiel', 'R. Sahai', 'A. A. Zijlstra']",astro-ph.SR
Imaging the transverse component of optical near-fields in resonant photonic structures,"We report on imaging the optical near-fields in resonant periodic photonic structures with nanometer resolution using ultrafast 4D scanning transmission electron microscopy (U4DSTEM). In particular, U4DSTEM is applied to visualize the transverse component of the Lorentz force of a synchronous near-field mode excited by an infrared femtosecond pulse in a periodic silicon nanostructure designed for photonic acceleration of electrons. Our results show that in addition to the accelerating/decelerating force acting on the electrons in the longitudinal direction along the electron propagation, the structures can be efficiently used for transverse electron streaking at optical frequencies when excited by light with polarization perpendicular to the electron trajectory. The measured spatial profile of the excited near-field mode intensity is consistent with the numerical simulations performed using finite-difference time domain technique.",['physics.optics'],http://arxiv.org/abs/2604.20463v1,https://arxiv.org/pdf/2604.20463v1,22/04/2026-11:46:03,"['Petr Koutenský', 'Neli Laštovičková Streshkova', 'Stefanie Kraus', 'Peter Hommelhoff', 'Martin Kozák']",physics.optics
Unlocking the Forecasting Economy: A Suite of Datasets for the Full Lifecycle of Prediction Market: [Experiments \& Analysis],"Prediction markets are markets for trading claims on future events, such as presidential elections, and their prices provide continuously updated signals of collective beliefs. In decentralized platforms such as Polymarket, the market lifecycle spans market creation, token registration, trading, oracle interaction, dispute, and final settlement, yet the corresponding data are fragmented across heterogeneous off-chain and on-chain sources. We present the first continuously maintained dataset suite for the full lifecycle of decentralized prediction markets, built on Polymarket. To address the challenges of large-scale cross-source integration, incomplete linkage, and continuous synchronization, we build a unified relational data system that integrates three canonical layers: market metadata, fill-level trading records, and oracle-resolution events, through identifier resolution, on-chain recovery, and incremental updates. The resulting dataset spans October 2020 to March 2026 and comprises more than 770 thousand market records, over 943 million fill records, and nearly 2 million oracle events. We describe the data model, collection pipeline, and consistency mechanisms that make the dataset reproducible and extensible, and we demonstrate its utility through descriptive analyses of market activity and two downstream case studies: NBA outcome calibration and CPI expectation reconstruction.",['cs.LG'],http://arxiv.org/abs/2604.20421v1,https://arxiv.org/pdf/2604.20421v1,22/04/2026-10:39:47,"['Huaiyu Jia', 'Luofeng Zhou', 'Wentao Zhang', 'Lin William Cong', 'Siguang Li', 'Shuo Sun']",cs.LG
Self-Awareness before Action: Mitigating Logical Inertia via Proactive Cognitive Awareness,"Large language models perform well on many reasoning tasks, yet they often lack awareness of whether their current knowledge or reasoning state is complete. In non-interactive puzzle settings, the narrative is fixed and the underlying structure is hidden; once a model forms an early hypothesis under incomplete premises, it can propagate that error throughout the reasoning process, leading to unstable conclusions. To address this issue, we propose SABA, a reasoning framework that explicitly introduces self-awareness of missing premises before making the final decision. SABA formulates reasoning as a recursive process that alternates between structured state construction and obstacle resolution: it first applies Information Fusion to consolidate the narrative into a verifiable base state, and then uses Query-driven Structured Reasoning to identify and resolve missing or underspecified premises by turning them into queries and progressively completing the reasoning state through hypothesis construction and state refinement. Across multiple evaluation metrics, SABA achieves the best performance on all three difficulty splits of the non-interactive Detective Puzzle benchmark, and it also maintains leading results on multiple public benchmarks.",['cs.AI'],http://arxiv.org/abs/2604.20413v1,https://arxiv.org/pdf/2604.20413v1,22/04/2026-10:33:24,"['Fulong Fan', 'Peilin Liu', 'Fengzhe Liu', 'Shuyan Yang', 'Gang Yan']",cs.AI
Lower Bounds for Subset Sum in Resolution with Modular Counting,"In this paper we prove lower bounds for sizes of refutations of unsatisfiable vector Subset Sum instances $\overrightarrow{a}_1 x_1 + \dots + \overrightarrow{a}_n x_n = \overrightarrow{b}$ in the proof system Res(lin$_{\mathbb{F}_q}$) where $char(\mathbb{F}_{q})\geq 5$. As a basis for the hardness criterion for such instances we choose the property of the matrix $A$ with columns $(\overrightarrow{a}_1, \ldots, \overrightarrow{a}_n)$ to be (the transpose of) the generating matrix for a good error-correcting code $C_{A} := \{x\cdot A\, |\, x \in \mathbb{F}_{q}^k\}\subset \mathbb{F}_{q}^n$ and prove the following lower bounds:
  1) For a dag-like fragment of Res(lin$_{\mathbb{F}_q}$). We introduce the notion of $(s,r)$-robustness for Subset Sum instances, which in particular implies that $A$ defines an error-correcting code with the minimal distance $s\geq r$. For $(s,r)$-robust instances we prove $2^{Ω(r)}$ lower bound for sizes of refutations in a dag-like fragment of Res(lin$_{\mathbb{F}_q}$). We show that random instances are $(n / 3, Ω\left((n/(q + 1)\ln q))^{1/3}\right))$-robust and that specific examples achieving these bounds can be constructed using algebraic geometry codes.
  2) For tree-like Res(lin$_{\mathbb{F}_q}$) refutations we show the size lower bound $2^{Ω({((q+1)\ln q)^{-1/3}}d^{1/5})}$ for any Subset Sum instance where $d$ is the minimal distance of $C_{A}$.",['cs.CC'],http://arxiv.org/abs/2202.08214v3,https://arxiv.org/pdf/2202.08214v3,16/02/2022-17:51:17,['Fedor Part'],cs.CC
Evidence for BSM spin 0 and spin 2 resonances at LHC Possible Interpretations,"Nine statistically significant decay channels are observed in LHC data around a mass of 650 GeV. We interpret three of them as coming from a 20 GeV wide resonance observed in $e^+e^-$ , 2 photons and ZZ which could be a $J=2$ Kaluza Klein graviton resonance called T690 (T for tensor with J=2). This hypothesis is reinforced by noting that this signal is produced by VBF and it disappears in ZZ when treated as a scalar. Given that the six other excesses have poor mass resolution, one cannot exclude the presence of an additional wide scalar resonance called H650. Assuming a Randall Sundrum RS model, we conclude that LHC observes the predicted sequence T376, T690 and T1000. At variance with the RS model, T690 weakly couples to gluon pairs, suggesting a composite model interpretation. It does significantly couple to $e^+e^-$ which has implications for $e^+e^-$  colliders. Perturbative unitarity requirements predict $T^{++} \to W^+W^+$ and $T^+\to ZW$ resonances, again indicated by LHC data. Assuming BR($e^+e^-$ )$\sim$0.25%, deduced from ATLAS and CMS, this scenario offers excellent prospects for abundantly (Gigafactory) producing a sequence of narrow resonances at future $e^+e^-$ colliders. For heavy scalars, the situation is less clear. Following ATLAS and CMS, we expect that the top loop contribution to the gluon-gluon fusion mechanism ggF could produce a deficit rather than an excess in the mass distribution of top pairs, which prevents a standard estimate of the statistical significance for heavy resonances. It seems that the pseudo-scalar and scalar resonances A490 and H650, indicated by other channels, create observable deviations in the t t analyses presented by ATLAS and CMS. The scalar resonances seem to form the triple Higgs doublet structure predicted by Weinberg. The present note summarises these arguments and collects available indications in view of electing a future collider.","['hep-ph', 'hep-ex']",http://arxiv.org/abs/2506.09490v6,https://arxiv.org/pdf/2506.09490v6,11/06/2025-08:03:21,"['Alain Le Yaouanc', 'François Richard']",hep-ph
MLG-Stereo: ViT Based Stereo Matching with Multi-Stage Local-Global Enhancement,"With the development of deep learning, ViT-based stereo matching methods have made significant progress due to their remarkable robustness and zero-shot ability. However, due to the limitations of ViTs in handling resolution sensitivity and their relative neglect of local information, the ability of ViT-based methods to predict details and handle arbitrary-resolution images is still weaker than that of CNN-based methods. To address these shortcomings, we propose MLG-Stereo, a systematic pipeline-level design that extends global modeling beyond the encoder stage. First, we propose a Multi-Granularity Feature Network to effectively balance global context and local geometric information, enabling comprehensive feature extraction from images of arbitrary resolution and bridging the gap between training and inference scales. Then, a Local-Global Cost Volume is constructed to capture both locally-correlated and global-aware matching information. Finally, a Local-Global Guided Recurrent Unit is introduced to iteratively optimize the disparity locally under the guidance of global information. Extensive experiments are conducted on multiple benchmark datasets, demonstrating that our MLG-Stereo exhibits highly competitive performance on the Middlebury and KITTI-2015 benchmarks compared to contemporaneous leading methods, and achieves outstanding results in the KITTI-2012 dataset.",['cs.CV'],http://arxiv.org/abs/2604.20393v1,https://arxiv.org/pdf/2604.20393v1,22/04/2026-09:56:36,"['Haoyu Zhang', 'Jingyi Zhou', 'Peng Ye', 'Jiakang Yuan', 'Lin Zhang', 'Feng Xu', 'Tao Chen']",cs.CV
Self-supervised pretraining for an iterative image size agnostic vision transformer,"Vision Transformers (ViTs) dominate self-supervised learning (SSL). While they have proven highly effective for large-scale pretraining, they are computationally inefficient and scale poorly with image size. Consequently, foundational models like DINO are constrained to low-resolution processing. A recent foveal-inspired transformer achieves resolution agnosticism by iteratively processing a fixed-size context of multi-zoom patches. This model demonstrated promising results via supervised learning, utilizing a sequential, recurrent-like process without backpropagation through time. To unlock its potential as a foundational backbone, we introduce a novel sequential-to-global SSL framework based on DINO's self-distillation objective. Supported by an efficient integral-image patch extraction method, our approach enables large-scale pretraining for image-size agnostic vision encoders. We achieve competitive performance on ImageNet-1K and downstream classification tasks, maintaining a constant computational budget regardless of input resolution.",['cs.CV'],http://arxiv.org/abs/2604.20392v1,https://arxiv.org/pdf/2604.20392v1,22/04/2026-09:53:28,"['Nedyalko Prisadnikov', 'Danda Pani Paudel', 'Yuqian Fu', 'Luc Van Gool']",cs.CV
Optical transients from non-explosive double white-dwarf mergers: the case of a central neutron star remnant,"Discoveries of ultra-massive magnetic white dwarfs (WDs) and peculiar pulsars have been proposed to originate in double white dwarf (DWD) mergers. There are three possible post-merger central remnants of non-explosive mergers: 1) a stable sub-Chandrasekhar WD; 2) a rapidly rotating super-Chandrasekhar WD; 3) a neutron star (NS). In this work, we explore the thermal transient arising from non-explosive DWD mergers that leave an NS remnant from the prompt collapse of the merged core. The transient is powered by the cooling of the expanding dynamical ejecta, with energy injection from magnetic dipole radiation, which depends on the dipole factor $D = B_d^2/P_0^4$, with $B_d$ and $P_0$ being the surface magnetic field strength and initial rotation period of the newborn NS. We simulate lightcurves in the Legacy Survey of Space and Time (LSST) bands and estimate the horizon and detection rates for these transients across a range of model parameters. We find LSST detection horizons upper limits ranging $30$--$820$ Mpc and corresponding detection rates $10^2$--$10^6$ yr$^{-1}$ for $\log D = 24$--$40$. Accounting for the survey cadence, we find that only configurations with $\log D = 36$--$40$ are detectable within $240$--$760$ Mpc, with detection rates $10^4$--$10^5$ yr$^{-1}$. Combined searches across surveys can compensate for the low cadence and improve the detection rates of fast and less energetic sources. Multi-wavelength campaigns can aid in detecting the spindown radiation at higher energies observable after the optical transient. Observations of these transients will provide direct evidence of the non-explosive DWD mergers, characterise the remnants and progenitor parameters, and the fraction of explosive and non-explosive mergers.",['astro-ph.HE'],http://arxiv.org/abs/2603.17505v3,https://arxiv.org/pdf/2603.17505v3,18/03/2026-09:07:53,"['M. M. Ridha Fathima', 'Alexandre M. R. Almeida', 'Mattia Bulla', 'Jaziel G. Coelho', 'Cristiano Guidorzi', 'Jorge A. Rueda']",astro-ph.HE
MSLAU-Net: A Hybrid CNN-Transformer Network for Medical Image Segmentation,"Accurate medical image segmentation allows for the precise delineation of anatomical structures and pathological regions, which is essential for treatment planning, surgical navigation, and disease monitoring. Both CNN-based and Transformer-based methods have achieved remarkable success in medical image segmentation tasks. However, CNN-based methods struggle to effectively capture global contextual information due to the inherent limitations of convolution operations. Meanwhile, Transformer-based methods suffer from insufficient local feature modeling and face challenges related to the high computational complexity caused by the self-attention mechanism. To address these limitations, we propose a novel hybrid CNN-Transformer architecture, named MSLAU-Net, which integrates the strengths of both paradigms. The proposed MSLAU-Net incorporates two key ideas. First, it introduces Multi-Scale Linear Attention, designed to efficiently extract multi-scale features from medical images while modeling long-range dependencies with low computational complexity. Second, it adopts a top-down feature aggregation mechanism, which performs multi-level feature aggregation and restores spatial resolution using a lightweight structure. Extensive experiments conducted on benchmark datasets covering three imaging modalities demonstrate that the proposed MSLAU-Net outperforms other state-of-the-art methods on nearly all evaluation metrics, validating the superiority, effectiveness, and robustness of our approach.Our code is available at https://github.com/Monsoon49/MSLAU-Net.",['cs.CV'],http://arxiv.org/abs/2505.18823v2,https://arxiv.org/pdf/2505.18823v2,24/05/2025-18:48:29,"['Libin Lan', 'Yanxin Li', 'Xiaojuan Liu', 'Juan Zhou', 'Jianxun Zhang', 'Nannan Huang', 'Yudong Zhang']",cs.CV
Structure-Semantic Decoupled Modulation of Global Geospatial Embeddings for High-Resolution Remote Sensing Mapping,"Fine-grained high-resolution remote sensing mapping typically relies on localized visual features, which restricts cross-domain generalizability and often leads to fragmented predictions of large-scale land covers. While global geospatial foundation models offer powerful, generalizable representations, directly fusing their high-dimensional implicit embeddings with high-resolution visual features frequently triggers feature interference and spatial structure degradation due to a severe semantic-spatial gap. To overcome these limitations, we propose a Structure-Semantic Decoupled Modulation (SSDM) framework, which decouples global geospatial representations into two complementary cross-modal injection pathways. First, the structural prior modulation branch introduces the macroscopic receptive field priors from global representations into the self-attention modules of the high-resolution encoder. By guiding local feature extraction with holistic structural constraints, it effectively suppresses prediction fragmentation caused by high-frequency detail noise and excessive intra-class variance. Second, the global semantic injection branch explicitly aligns holistic context with the deep high-resolution feature space and directly supplements global semantics via cross-modal integration, thereby significantly enhancing the semantic consistency and category-level discrimination of complex land covers. Extensive experiments demonstrate that our method achieves state-of-the-art performance compared to existing cross-modal fusion approaches. By unleashing the potential of global embeddings, SSDM consistently improves high-resolution mapping accuracy across diverse scenarios, providing a universal and effective paradigm for integrating geospatial foundation models into high-resolution vision tasks.",['cs.CV'],http://arxiv.org/abs/2604.19591v2,https://arxiv.org/pdf/2604.19591v2,21/04/2026-15:42:34,"['Jienan Lyu', 'Miao Yang', 'Jinchen Cai', 'Yiwen Hu', 'Guanyi Lu', 'Junhao Qiu', 'Runmin Dong']",cs.CV
Scaling In-Context Segmentation with Hierarchical Supervision,"In-context learning (ICL) enables medical image segmentation models to adapt to new anatomical structures from limited examples, reducing the clinical annotation burden. However, standard ICL methods typically rely on dense, global cross-attention, which scales poorly with image resolution. While recent approaches have introduced localized attention mechanisms, they often lack explicit supervision on the selection process, leading to redundant computation in non-informative regions. We propose PatchICL, a hierarchical framework that combines selective image patching with multi-level supervision. Our approach learns to actively identify and attend only to the most informative anatomical regions. Compared to UniverSeg, a strong global-attention baseline, PatchICL achieves competitive in-domain CT segmentation accuracy while reducing compute by 44\% at $512\times512$ resolution. On 35 out-of-domain datasets spanning diverse imaging modalities, PatchICL outperforms the baseline on 6 of 13 modality categories, with particular strength on modalities dominated by localized pathology such as OCT and dermoscopy. Training and evaluation code are available at https://github.com/tidiane-camaret/ic_segmentation",['cs.CV'],http://arxiv.org/abs/2604.12752v2,https://arxiv.org/pdf/2604.12752v2,14/04/2026-14:00:03,"['T. Camaret Ndir', 'Marco Reisert', 'Robin T. Schirrmeister']",cs.CV
"Same Content, Different Answers: Cross-Modal Inconsistency in MLLMs","We introduce two new benchmarks REST and REST+ (Render-Equivalence Stress Tests) to enable systematic evaluation of cross-modal inconsistency in multimodal large language models (MLLMs). MLLMs are trained to represent vision and language in the same embedding space, yet they cannot perform the same tasks in both modalities. Our benchmarks contain samples with the same semantic information in three modalities (image, text, mixed) and we show that state-of-the-art MLLMs cannot consistently reason over these different modalities. We evaluate 15 MLLMs and find that the degree of modality inconsistency varies substantially, even when accounting for problems with text recognition (OCR). Neither rendering text as image nor rendering an image as text solves the inconsistency. Even if OCR is correct, we find that visual characteristics (text colour and resolution, but not font) and the number of vision tokens have an impact on model performance. Finally, we find that our consistency score correlates with the modality gap between text and images, highlighting a mechanistic interpretation of cross-modal inconsistent MLLMs.",['cs.AI'],http://arxiv.org/abs/2512.08923v2,https://arxiv.org/pdf/2512.08923v2,09/12/2025-18:57:07,"['Angela van Sprang', 'Laurens Samson', 'Ana Lucic', 'Erman Acar', 'Sennay Ghebreab', 'Yuki M. Asano']",cs.AI
Complete Resolution of the Butler-Costello-Graham Conjecture on Monochromatic Constellations,"A constellation is a subset of $[n]=\{1,2, \ldots, n\}$ formed by scaling and translating a rational pattern $Q=\left[0, q_1, \ldots, q_{k-1}, 1\right]$, with key examples including arithmetic progressions. In 2010, Butler, Costello, and Graham proposed a conjecture, that is, for any constellation pattern $Q$ there is a coloring pattern of $[n]$ that has $γn^2+o\left(n^2\right)$ monochromatic constellations, where $γ$ is smaller than the coefficient for a random coloring. In this paper, we confirm this conjecture.",['math.CO'],http://arxiv.org/abs/2604.02115v2,https://arxiv.org/pdf/2604.02115v2,02/04/2026-14:50:17,"['Gang Yang', 'Yaping Mao']",math.CO
OnSiteVRU: A High-Resolution Trajectory Dataset for High-Density Vulnerable Road Users,"With the acceleration of urbanization and the growth of transportation demands, the safety of vulnerable road users (VRUs, such as pedestrians and cyclists) in mixed traffic flows has become increasingly prominent, necessitating high-precision and diverse trajectory data to support the development and optimization of autonomous driving systems. However, existing datasets fall short in capturing the diversity and dynamics of VRU behaviors, making it difficult to meet the research demands of complex traffic environments. To address this gap, this study developed the OnSiteVRU datasets, which cover a variety of scenarios, including intersections, road segments, and urban villages. These datasets provide trajectory data for motor vehicles, electric bicycles, and human-powered bicycles, totaling approximately 17,429 trajectories with a precision of 0.04 seconds. The datasets integrate both aerial-view natural driving data and onboard real-time dynamic detection data, along with environmental information such as traffic signals, obstacles, and real-time maps, enabling a comprehensive reconstruction of interaction events. The results demonstrate that VRU\_Data outperforms traditional datasets in terms of VRU density and scene coverage, offering a more comprehensive representation of VRU behavioral characteristics. This provides critical support for traffic flow modeling, trajectory prediction, and autonomous driving virtual testing. The dataset is publicly available for download at:
  https://www.kaggle.com/datasets/zcyan2/mixed-traffic-trajectory-dataset-in-from-shanghai.","['cs.CV', 'cs.RO']",http://arxiv.org/abs/2503.23365v2,https://arxiv.org/pdf/2503.23365v2,30/03/2025-08:44:55,"['Zhangcun Yan', 'Jianqing Li', 'Peng Hang', 'Jian Sun']",cs.CV
LaplacianFormer:Rethinking Linear Attention with Laplacian Kernel,"The quadratic complexity of softmax attention presents a major obstacle for scaling Transformers to high-resolution vision tasks. Existing linear attention variants often replace the softmax with Gaussian kernels to reduce complexity, but such approximations lack theoretical grounding and tend to oversuppress mid-range token interactions. We propose LaplacianFormer, a Transformer variant that employs a Laplacian kernel as a principled alternative to softmax, motivated by empirical observations and theoretical analysis. To address expressiveness degradation under low-rank approximations, we introduce a provably injective feature map that retains fine-grained token information. For efficient computation, we adopt a Nyström approximation of the kernel matrix and solve the resulting system using Newton--Schulz iteration, avoiding costly matrix inversion and SVD. We further develop custom CUDA implementations for both the kernel and solver, enabling high-throughput forward and backward passes suitable for edge deployment. Experiments on ImageNet show that LaplacianFormer achieves strong performance-efficiency trade-offs while improving attention expressiveness.","['cs.CV', 'cs.AI']",http://arxiv.org/abs/2604.20368v1,https://arxiv.org/pdf/2604.20368v1,22/04/2026-09:04:54,"['Zhe Feng', 'Sen Lian', 'Changwei Wang', 'Muyang Zhang', 'Tianlong Tan', 'Rongtao Xu', 'Weiliang Meng', 'Xiaopeng Zhang']",cs.CV
Atmospheric characterization of HIP 67522 b with VLT/CRIRES+. VLT/CRIRES+ suggests a heavier planet and hints at deuterium fractionation,"Young transiting exoplanets provide unique opportunities to probe planetary atmospheres during the critical early phases of evolution. HIP 67522 b, a 17 Myr old hot Jupiter with an extraordinarily low bulk density, represents an ideal target for high-resolution transmission spectroscopy. We aim to characterize the atmospheric composition, thermal structure, and dynamics of HIP 67522 b using ground-based high-resolution near-infrared spectroscopy. We obtained high-resolution spectra with VLT/CRIRES+ in the K2166 band during a transit on 30 January 2025. We applied cross-correlation techniques and Bayesian nested sampling retrievals to constrain molecular abundances, temperature structure, and atmospheric dynamics. We detect H$_2$O at 20$σ$ and CO at 5$σ$, confirming the extremely extended atmosphere of this low-mass giant. A velocity offset of $-2.9 \pm 0.2$ km s$^{-1}$ indicates day-to-night winds. The rotation velocity is constrained to <1.8 km s$^{-1}$ at 3$σ$, consistent with tidal locking. Retrieval analysis suggests a planetary mass of 29.8 $\pm$ 3 Earth masses and a vertically isothermal atmosphere. This mass is two times larger than the mass estimated from JWST atmospheric observations and inconsistent at 3$σ$ hence leaving a doubt on the actual planetary density of the planet. Using the mass derived from the CRIRES+ data, we derive a C/O ratio of $0.83 \pm 0.09$, about 1.5 times solar, and a subsolar metallicity [C+O/H] $= -0.8 \pm 0.4$ which can be increased if the atmosphere is cloudy, a degeneracy our data alone cannot resolve. We report a tentative 2$σ$ detection of HDO with an extreme enrichment factor of $\sim$1000 relative to the protosolar D/H ratio. If confirmed, this would be the first detection of deuterium in an exoplanet atmosphere and would require intense escape rate to be explained.",['astro-ph.EP'],http://arxiv.org/abs/2602.03498v2,https://arxiv.org/pdf/2602.03498v2,03/02/2026-13:17:56,"['A. Lavail', 'F. Debras', 'B. Klein', 'E. Chabrol', 'S. Vinatier', 'T. Hood', 'A. Masson', 'J. V. Seidel', 'C. Moutou', 'S. Aigrain', 'A. Meech', 'O. Barragán']",astro-ph.EP
Spatio-temporal modeling of urban extreme rainfall events at high resolution,"Modeling precipitation and its accumulation over time and space is essential for flood risk assessment. In this paper, we analyze rainfall data collected over several years through a micro-scale precipitation sensor network in Montpellier, France. A novel spatio-temporal stochastic model is proposed for high-resolution urban extreme rainfall and combines realistic marginal behaviour and flexible dependence structure. Marginally, rainfall intensities are described by the Extended Generalized Pareto Distribution (EGPD), capturing both moderate and extreme events without threshold selection. Based on peaks-over-threshold theory for spatial processes, dependence during extreme episodes is modeled by an r-Pareto process with a non-separable variogram allowing for episode-specific advection, such that the displacement of rainfall cells is represented explicitly. Based on a catalog of extreme space-time episodes extracted from observations, parameters are estimated by a new composite likelihood based on joint exceedance indicators. Empirical advection velocities are derived beforehand from a radar reanalysis dataset. We show that the model accurately reproduces the spatio-temporal structure of extreme rainfall observed in the Montpellier OMSEV network and enables realistic stochastic scenario generation for flood risk assessment.",['stat.AP'],http://arxiv.org/abs/2602.19774v2,https://arxiv.org/pdf/2602.19774v2,23/02/2026-12:28:42,"['Chloé Serre-Combe', 'Nicolas Meyer', 'Thomas Opitz', 'Gwladys Toulemonde']",stat.AP
Comparison principles and long time behavior for a diffusive Energy Balance Model with vertical resolution,"We study a two-layer one-dimensional energy balance model, which allows for vertical energy exchanges between a surface layer and the atmosphere, as well as meridional energy transport across latitudes via a diffusion law. The evolution equations of the surface temperature and the atmospheric temperature are coupled by exchange of infrared radiation as well as other non-radiative energy exchanges. The energy enters the system as solar radiation, which is partially absorbed and partially reflected by the two layers. The system is then composed of two degenerate parabolic equations coupled by nonlinear terms, the growth of these terms being crucial for the choice of the functional setting.
  An essential parameter is the absorptivity of the atmosphere, denoted $\varepsilon _a$, whose value depends critically on greenhouse gases. We prove that blow up in finite time occurs if $\varepsilon _a >2$, while global existence of solutions and the existence of a global attractor hold when $\varepsilon _a \in (0,2)$.
  Proofs are based on comparison principles that derive from the cooperative structure of the problem, and that provide invariant rectangles for smooth initial conditions, and on regularity properties.",['math.AP'],http://arxiv.org/abs/2604.20339v1,https://arxiv.org/pdf/2604.20339v1,22/04/2026-08:33:50,"['Piermarco Cannarsa', 'Valerio Lucarini', 'Patrick Martinez', 'Cristina Urbani', 'Judith Vancostenoble']",math.AP
Multilayer Laue Lenses for Enhanced Spatial Resolution in Dark-Field X-ray Microscopy,"We introduce the use of a crossed pair of Multilayer Laue Lenses (MLLs) as an objective in Dark-Field X-ray Microscopy (DFXM). In a demonstration experiment at the ID03 beamline at ESRF, two flat Mo-Si MLLs were used, with a physical aperture of 50 x 50 $\mathrm{μm^2}$ and a focal length of 14.25 mm at 19 keV. Applying a 10 % criterion to the Modulation Transfer Functions (MTFs) acquired, a spatial resolution of 56 nm is obtained in bright-field mode -- more than three times better than with a compound refractive lens (CRL) objective. The dark-field resolution is similar. With an efficiency of 26.7 % the MLL objective expands the science domain of DFXM significantly, both for bulk and near-surface studies. Similar to the CRL case, the reciprocal space resolution is dominated by the numerical aperture (NA) of the objective, with the NA being three times larger in the MLL case. This enables faster orientation mapping and implies improved options for the use of tomographic reconstruction algorithms. Although the MLL objective pupil varies with energy and position, secondary peaks are suppressed, simplifying both interpretation and forward simulations. We present an example DFXM application using the MLL as an objective, imaging a through-silicon via Kelvin device.",['cond-mat.mtrl-sci'],http://arxiv.org/abs/2604.20309v1,https://arxiv.org/pdf/2604.20309v1,22/04/2026-08:09:08,"['Steffen Staeck', 'Can Yildirim', 'Raquel Rodriguez-Lamas', 'Thomas Dufrane', 'Carsten Detlefs', 'Nis Gellert', 'Antonella Gayoso Padula', 'Henning Friis Poulsen']",cond-mat.mtrl-sci
AstroSat UV Deep Field IV. An Extended UV disk around a massive spiral galaxy at z=0.67,"Extended ultraviolet (XUV) emission in nearby disk galaxies supports the inside-out growth scenario through low-efficiency star formation in their outer regions. However, such detections have largely been limited to the local Universe ($z \sim 0$) due to the need for deep, high-resolution UV imaging. We report the detection of a clumpy XUV disk in a massive, isolated spiral galaxy ($\log(M_*/M_\odot) \approx 11.04$) at $z=0.67$, observed with AstroSat/UVIT. The intrinsic rest frame FUV surface brightness profile, corrected for the instrument PSF, shows a more extended disk than its optical and IR counterparts. The XUV disk reaches nearly twice the optical radius and includes a large UV-bright low surface brightness (LSB) region ($S_{LSB}/S_{K80}\approx15,\ μ_{FUV}-μ_K\approx0.8$), consistent with the Type II XUV definition. Additionally, the detection of UV clumps without optical counterparts supports a Type I classification, suggesting gravitational instabilities and recent star formation. These features point to recent cold gas accretion onto the outer disk. From the asymmetric light profile, we estimate a gas accretion rate of $\sim11\ M_\odot$ yr$^{-1}$, providing evidence of active disk growth at intermediate redshift.",['astro-ph.GA'],http://arxiv.org/abs/2601.06581v2,https://arxiv.org/pdf/2601.06581v2,10/01/2026-14:38:55,"['Pushpak Pandey', 'Kanak Saha', 'Sanchayeeta Borthakur']",astro-ph.GA
Efficient INT8 Single-Image Super-Resolution via Deployment-Aware Quantization and Teacher-Guided Training,"Efficient single-image super-resolution (SISR) requires balancing reconstruction fidelity, model compactness, and robustness under low-bit deployment, which is especially challenging for x3 SR. We present a deployment-oriented quantized SISR framework based on an extract-refine-upsample design. The student performs most computation in the low-resolution space and uses a lightweight re-parameterizable backbone with PixelShuffle reconstruction, yielding a compact inference graph. To improve quality without significantly increasing complexity, we adopt a three-stage training pipeline: Stage 1 learns a basic reconstruction mapping with spatial supervision; Stage 2 refines fidelity using Charbonnier loss, DCT-domain supervision, and confidence-weighted output-level distillation from a Mamba-based teacher; and Stage 3 applies quantization-aware training directly on the fused deploy graph. We further use weight clipping and BatchNorm recalibration to improve quantization stability. On the MAI 2026 Quantized 4K Image Super-Resolution Challenge test set, our final AIO MAI submission achieves 29.79 dB PSNR and 0.8634 SSIM, obtaining a final score of 1.8 under the target mobile INT8 deployment setting. Ablation on Stage 3 optimization shows that teacher-guided supervision improves the dynamic INT8 TFLite reconstruction from 29.91 dB/0.853 to 30.0003 dB/0.856, while the fixed-shape deployable INT8 TFLite artifact attains 30.006 dB/0.857.",['cs.CV'],http://arxiv.org/abs/2604.20291v1,https://arxiv.org/pdf/2604.20291v1,22/04/2026-07:39:32,"['Pham Phuong Nam Nguyen', 'Nam Tien Le', 'Thi Kim Trang Vo', 'Nhu Tinh Anh Nguyen']",cs.CV
Source localization realizes single frame super-resolution for fluorescence imaging,"Existing super-resolution microscopy is often constrained by inherent trade-offs between resolution, acquisition speed, phototoxicity, and hardware complexity. Computational post-processing approaches offer a promising alternative, but they typically suffer from linearity distortion, high computational cost, reliance on pre-training data, or reconstruction artifacts. Here, we present Source Localization (SoLo), a novel single-frame super-resolution algorithm for fluorescence imaging without these limitations. Built on the principle of inferring fluorescent source positions via sampling-detection strategy, SoLo achieves non-iterative, parallelizable computation, enabling real-time live-cell imaging with high spatiotemporal resolution. The intensity linearity preservation of SoLo makes it compatible with quantitative analysis such as calcium imaging and fluorescence resonance energy transfer. We further extended this framework to 3D-SoLo for volumetric imaging and nonlinear SoLo (NL-SoLo) for high-density fluorescence fluctuation imaging. With its ease of parameter tuning and compatibility with existing imaging systems, SoLo offers an accessible solution for ordinary labs, enabling diverse biomedical imaging applications.",['physics.optics'],http://arxiv.org/abs/2604.20248v1,https://arxiv.org/pdf/2604.20248v1,22/04/2026-06:55:05,"['Mengrui Wang', 'Shouwen Ma', 'Zewei Luo', 'Wei Shi', 'Yiming Li', 'Yuwei Huang', 'Hu Zhao', 'Chang Liu', 'Manming Shu', 'Jingxiang Zhang', 'Yansheng Liang', 'Tianyu Zhao', 'Shaowei Wang', 'Tongsheng Chen', 'Chenguang Wang', 'Ming Lei']",physics.optics
Quantum Super Littlewood Correspondences,"In this paper, we study the Littlewood theory associated with the quantum super immanants and supersymmetric polynomials, including both the super case and the quantum generalization. In the setting of quantum super Schur-Weyl duality between the quantum superalgebra $U_q(\mathfrak{gl}_{m|n})$ and the Iwahori-Hecke algebra $\mathcal{H}_r$ of type A, we explicitly construct basis vectors of the $(U_q(\mathfrak{gl}_{m|n}), \mathcal{H}_r)$-bimodule on the tensor product space $(\mathbb{C}^{m|n})^{\otimes r}$. Using this construction, we interpret the quantum super immanants via weight spaces of covariant tensor representations of $U_q(\mathfrak{gl}_{m|n})$.","['math.QA', 'math.CO', 'math.RT']",http://arxiv.org/abs/2604.20212v1,https://arxiv.org/pdf/2604.20212v1,22/04/2026-05:57:09,"['Naihuan Jing', 'Yinlong Liu', 'Jian Zhang']",math.QA
Sub-Neptunes Show a Stronger Correlation with Cold Jupiters than Super-Earths Especially in Metal-rich Systems,"Correlations between the inner small planets and cold giants encodes the formation and evolution of planetary systems. It remains unclear if the correlation differs on the two sides of the radius valley. In this work, we compute the conditional frequency of cold Jupiters in systems with only inner sub-Neptunes $P(\rm CJ|SN)$ and those with only inner super-Earths $P(\rm CJ|SE)$. We find that, around transiting sample around metal-rich stars, $P(\rm CJ|SN, [Fe/H]>0)$ and $P(\rm CJ|SE, [Fe/H]>0)$ are $42.6^{+10.6}_{-9.9}\%$ and $14.5^{+12.7}_{-6.9}\%$. Comparing with the field giant frequency ($14.3^{+2.0}_{-1.8}\%$), we show that inner sub-Neptunes and cold Jupiters exhibit a significant positive correlation for metal-rich systems with a confidence level of 99.95\%, whereas this correlation is absent for systems with super-Earths. We also consider a homogeneous Kepler-Keck subsample and derive similar results, with $P(\rm CJ|SN, [Fe/H]>0)$ of $45.8^{+18.6}_{-16.3}\%$ and $P(\rm CJ|SE, [Fe/H]>0)$ of $13.3^{+17.0}_{-6.8}\%$. Radial velocity sample shows consistent results, with metal-rich systems hosting massive inner planets exhibiting a strong positive correlation (confidence level of 99.11\%) with outer cold Jupiters ($P(\rm CJ|M_{p}>10M_\oplus, [Fe/H]>0) = 34.6^{+11.0}_{-9.1}\%$). These results can be naturally understood since metal-rich disks are expected to more efficiently produce both outer cold Jupiters and inner planets with larger radii and masses. Our findings highlight the critical role of stellar metallicity in shaping planetary architectures, particularly for large/massive planets.",['astro-ph.EP'],http://arxiv.org/abs/2604.20203v1,https://arxiv.org/pdf/2604.20203v1,22/04/2026-05:38:45,"['Di-Chang Chen', 'Fei Dai', 'Bo Ma', 'Shang-Fei Liu', 'Cong Yu']",astro-ph.EP
Photometric Super-Resolution for Improving Galaxy Morphological Measurements using Conditional Generative Adversarial Networks,"The measurement of galaxy morphological parameters from astronomical images features in a wide range of modern analyses, including galaxy evolution and cosmological weak lensing studies. The precision and accuracy of morphological parameter estimation can be influenced by several key factors. The effective seeing of the image, summarized by the point spread function (PSF), limits how galaxy features or light profiles are resolved. The pixel scale of the detector also influences the resolution and the amount of statistical information available for a given object. The depth of the observations determines the signal-to-noise ratio of the image. Improving each of these factors is very costly, either in terms of detector upgrades, observatory design, or observing time. Here, we develop a conditional generative adversarial network, called Neo, trained to transform existing ground-based images into sharper, finer-scale images comparable to space-based image quality. We demonstrate that Neo improves the accuracy of measured morphological parameters by factors of $2$-$10$ when trained to translate Subaru Hyper Suprime-Camera (HSC) images to approximate Hubble Space Telescope (HST) data. Neo is designed for applicability to ongoing, large-scale surveys such as the Legacy Survey of Space and Time (LSST) conducted by Vera C. Rubin Observatory in combination with space telescopes such as HST, James Webb Space Telescope, and Nancy Grace Roman Space Telescope. These results suggest that Neo could be used to improve both cosmological and galaxy evolution analyses based on massive, ground-based survey datasets like LSST. The model code is open source and available at https://purl.archive.org/neo/code.","['astro-ph.IM', 'astro-ph.GA']",http://arxiv.org/abs/2604.20195v1,https://arxiv.org/pdf/2604.20195v1,22/04/2026-05:23:02,"['Samuel Kahn', 'Ryan Hausen', 'Hubert Bretonnière', 'Nicole Drakos', 'Brant Robertson']",astro-ph.IM
Stability of Charge Collection Efficiency and Time Resolution in a Novel Ultra-fast Graphene-Optimized Silicon Carbide Detector Under X-ray Irradiation,"A graphene-optimized silicon carbide PIN detector was fabricated and its radiation tolerance under X-ray irradiation of 160 keV was evaluated. Its electrical properties, charge collection performance and time resolution of beta-particles (90Sr) are reported. After 1 MGy irradiation, the detector maintains an ultralow leakage current of approximately 2.2e-10 A @ 300 V and the C-V characteristics are basically consistent with full depletion at 120V. The time resolution of the graphene-optimized silicon carbide detector is 58.0 ps. The time resolution is comparable to that of state-of-the-art 4H-SiC low-gain avalanche detectors (LGADs). The G/RE 4H-SiC PIN detector exhibits outstanding time resolution performance. Compared with the time resolution of the RE 4H-SiC PIN detector, the time resolution of the G/RE 4H-SiC PIN detector has decreased by 39.6%. This demonstrates the significance of the graphene electrode design. The graphene detector exhibits a charge collection efficiency (CCE) of 99.24% after X-ray irradiation, along with excellent stability. The graphene-optimized silicon carbide detector maintains good timing resolution: 58.0ps before and 64.0ps after X-ray irradiation. Experimental results indicate that the CCE and time resolution performance exhibit good stability before and after irradiation. These results demonstrate stable performance under extreme X-ray exposure, highlighting the detectors potential for radiation-hard applications in high-energy physics, space missions, and nuclear reactor monitoring.",['physics.ins-det'],http://arxiv.org/abs/2604.20194v1,https://arxiv.org/pdf/2604.20194v1,22/04/2026-05:22:42,"['Zhenyu Jiang', 'Congcong Wang', 'Jingxuan He', 'Yi Zhan', 'Yingjie Huang', 'Xiyuan Zhang', 'Xin Shi']",physics.ins-det
FA-Seg: A Fast and Accurate Diffusion-Based Method for Open-Vocabulary Segmentation,"Open-vocabulary semantic segmentation (OVSS) aims to segment objects from arbitrary text categories without requiring densely annotated datasets. Although contrastive learning based models enable zero-shot segmentation, they often lose fine spatial precision at pixel level, due to global representation bias. In contrast, diffusion-based models naturally encode fine-grained spatial features via attention mechanisms that capture both global context and local details. However, they often face challenges in balancing the computation costs and the quality of the segmentation mask. In this work, we present FA-Seg, a Fast and Accurate training-free framework for open-vocabulary segmentation based on diffusion models. FA-Seg performs segmentation using only a (1+1)-step from a pretrained diffusion model. Moreover, instead of running multiple times for different classes, FA-Seg performs segmentation for all classes at once. To further enhance the segmentation quality, FA-Seg introduces three key components: (i) a dual-prompt mechanism for discriminative, class-aware attention extraction, (ii) a Hierarchical Attention Refinement Method (HARD) that enhances semantic precision via multi-resolution attention fusion, and (iii) a Test-Time Flipping (TTF) scheme designed to improve spatial consistency. Extensive experiments show that FA-Seg achieves state-of-the-art training-free performance, obtaining 43.8% average mIoU across PASCAL VOC, PASCAL Context, and COCO Object benchmarks while maintaining superior inference efficiency. Our results demonstrate that FA-Seg provides a strong foundation for extendability, bridging the gap between segmentation quality and inference efficiency. The source code is available at https://github.com/chequanghuy/FA-Seg.",['cs.CV'],http://arxiv.org/abs/2506.23323v5,https://arxiv.org/pdf/2506.23323v5,29/06/2025-16:41:41,"['Huy Che', 'Vinh-Tiep Nguyen']",cs.CV
Science from the In Situ Exploration of the Proxima Centauri System,"In the future interstellar exploration at near-relativistic speeds will be possible using beamed energy laser propulsion. With this, spacecraft as small as gm mass picospacecraft become candidates for the exploration of deep space, with a trade space of velocity and mission duration versus mass. Here, we examine the potential science return from interstellar expeditions with Coracle laser-sail picospacecraft swarms and show how even with fast flybys at near relativistic velocities, a picospacecraft swarm could deliver gigapixel resolution of the target exoplanets. Our mission target is the planet Proxima b in the habitable zone (HZ) of the red dwarf Proxima Centauri, the tertiary (and nearest) component of the nearest star system, α Centauri. We explore science returns from such an expedition, both en route to Proxima and at the Proxima system, and conclude that initial small spacecraft expeditions would provide a substantial science return, including the ability to detect surface biology or a technological civilization, should either or both be established on the target planet.","['astro-ph.IM', 'astro-ph.EP']",http://arxiv.org/abs/2604.20182v1,https://arxiv.org/pdf/2604.20182v1,22/04/2026-04:54:49,"['T. Marshall Eubanks', 'Jean Schneider', 'Bruce Bills', 'W. Paul Blase', 'Andreas M. Hein', 'Pierre Kervella', 'Adam Hibberd', 'Robert G. Kennedy', 'Manasvi Lingam', 'Philip Lubin', 'Philip D. Mauskopf', 'Thomas J. Mozdzen', 'Richard M. Scott', 'Slava G. Turyshev']",astro-ph.IM
Design Space Exploration for ReRAM-based Architectures to Address Scaling Non-idealities,"ReRAM-based in-memory computing (IMC) architectures are promising candidates for energy-efficient matrix-vector multiplication. While scaling the size of ReRAM arrays allows for the amortization of power-hungry peripheral circuits like DACs and ADCs, it simultaneously introduces more parasitic along the signal path. Because of these challenges, current design methodologies often lack practical guidelines to balance these effects at early design stage, forcing designers to rely on time-consuming, iterative transistor-level simulations.
  In this work, we propose a comprehensive framework for design space exploration that enables the selection of optimal array size, ADC resolution, and system frequency without requiring exhaustive simulations. The framework utilizes a specialized testbench to extract parameters from a limited set of representative transistor-level simulations. These parameters are then used to accurately predict the performance of arbitrary architectures. We demonstrate the effectiveness of this framework through two realistic design cases aimed at maximizing energy efficiency (TOPs/s/W). The results show that the framework successfully identifies optimal architectural configurations under strict power and error constraints, providing an efficient path for high-performance IMC design.",['eess.SY'],http://arxiv.org/abs/2604.20178v1,https://arxiv.org/pdf/2604.20178v1,22/04/2026-04:49:56,"['Ching-Yi Lin', 'Sahil Shah']",eess.SY
Entropy bound and the non-universality of entanglement islands,"Entanglement islands resolve the AMPS firewall paradox in a region-dependent manner by modifying the entanglement wedge of Hawking radiation. We investigate whether this resolution can be made universal, in the sense that a single compact island serves as a common interior support for all AMPS-relevant radiation regions. We show that such a construction is obstructed under reasonable assumptions. Universality forces an accumulation of interior partner entropy within a fixed compact region, which at late times exceeds the Bekenstein--Hawking bound set by its boundary area. However, a valid island realization for at least one radiation region requires compatibility with semiclassical entropy bounds. This leads to a contradiction, yielding a conditional no-go result for universal compact islands. Our result implies that interior reconstruction in the island framework must remain intrinsically region-dependent.","['hep-th', 'gr-qc']",http://arxiv.org/abs/2604.20165v1,https://arxiv.org/pdf/2604.20165v1,22/04/2026-04:10:59,['Naman Kumar'],hep-th
Hadamard-Based Recursive Aperture Decoded Ultrasound Imaging (READI) With Estimated Motion-Compensated Compounding (EMC2) Using Top-Orthogonal to Bottom Electrode (TOBE) Arrays,"Hadamard matrix-based aperture encoding is a method for producing synthetic aperture datasets with high Signal-to-Noise Ratios. Recently, the pulse inversion capabilities of bias-sensitive Top-Orthogonal to Bottom Electrode (TOBE) arrays have driven the development of multiple Hadamard-based sequences. These sequences produce high-quality static images but are sensitive to motion. This work introduces Recursive Aperture Decoded Imaging (READI) and Estimated Motion-Compensated Compounding (EMC2), which look to reduce this sensitivity. READI is a novel decoding and beamforming technique for Hadamard aperture-encoded sequences that produces multiple low-resolution images from subsets of the full sequence. These READI images are less affected by motion and sum to form the complete high-resolution image. EMC2 describes the process of comparing these low-resolution images to estimate the underlying motion, then warping them to align before compounding. This produces a high-resolution image that is resiliant to motion. READI with EMC2 applied to the TOBE-based Fast Orthogonal Row-Column Electronic Scanning (FORCES) sequence. It is shown to fully restore images corrupted by probe motion and to recover tissue speckle and boundaries in images of a beating heart phantom. READI low-resolution images by themselves are demonstrated to be a marked improvement over a sparse Hadamard scheme with the same transmit count, and are able to recover blood speckle at a flow rate of 42 cm/s.",['eess.IV'],http://arxiv.org/abs/2509.08781v3,https://arxiv.org/pdf/2509.08781v3,10/09/2025-17:08:50,"['Tyler Keith Henry', 'Darren Dahunsi', 'Randy Palamar', 'Negar Majidi', 'Ying Wan', 'Mohammad Rahim Sobhani', 'Afshin Kashani Ilkhechi', 'Roger Zemp']",eess.IV
Semi-Supervised Flow Matching for Mosaiced and Panchromatic Fusion Imaging,"Fusing a low resolution (LR) mosaiced hyperspectral image (HSI) with a high resolution (HR) panchromatic (PAN) image offers a promising avenue for video-rate HR-HSI imaging via single-shot acquisition, yet its severely ill-posed nature remains a significant challenge. In this work, we propose a novel semi-supervised flow matching framework for mosaiced and PAN image fusion. Unlike previous diffusion-based approaches constrained by specific protocols or handcrafted assumptions, our method seamlessly integrates an unsupervised scheme with flow matching, resulting in a generalizable and efficient generative framework. Specifically, our method follows a two-stage training pipeline. First, we pretrain an unsupervised prior network to produce an initial pseudo HR-HSI. Building on this, we then train a conditional flow matching model to generate the target HR-HSI, introducing a random voting mechanism that iteratively refines the initial HR-HSI estimate, enabling robust and effective fusion. During inference, we employ a conflict-free gradient guidance strategy that ensures spectrally and spatially consistent HR-HSI reconstruction. Experiments on multiple benchmark datasets demonstrate that our method achieves superior quantitative and qualitative performance by a significant margin compared to representative baselines. Beyond mosaiced and PAN fusion, our approach provides a flexible generative framework that can be readily extended to other image fusion tasks and integrated with unsupervised or blind image restoration algorithms.",['cs.CV'],http://arxiv.org/abs/2604.20128v1,https://arxiv.org/pdf/2604.20128v1,22/04/2026-02:48:48,"['Peiming Luo', 'Nan Wang', 'Litong Liu', 'Jiahan Huang', 'Chenxu Wu', 'Renwei Dian', 'Junming Hou']",cs.CV
Resonance-enhanced super-superexchange yields giant chiral magnon splitting in rutile altermagnets,"Altermagnets host momentum-selective spin splitting and chiral-split magnonic excitations despite vanishing net magnetization, enabling spin transport without ferromagnetism. In rutile structures, establishing altermagnetism spectroscopically has been challenging, motivating the search for a rutile platform with a resolvable exchange-driven chiral magnon splitting. Here we combine hybrid-functional first-principles calculations with linear spin-wave theory to show that rutile CuF$_2$ exhibits a meV-scale splitting between magnon modes of opposite chirality along momentum directions dictated by its $d$-wave altermagnetic symmetry. The splitting originates from an anomalously strong long-range super-superexchange channel Cu--F$\cdots$F--Cu, which enhances the symmetry-allowed difference between seventh-neighbour exchanges, $J_{7b} - J_{7a}$, controlling the chiral-mode splitting. We identify an orbital-resonance mechanism: energetic alignment between Cu $3d_{z^2}$ and F $2p_z$ states strengthens virtual hopping along the Cu--F$\cdots$F--Cu path and amplifies the anisotropic long-range exchange. Rutile CuF$_2$ therefore provides an ideal platform to validate rutile altermagnetism and suggests an orbital-energy description for engineering large chiral magnon splittings in insulating altermagnets.",['cond-mat.mtrl-sci'],http://arxiv.org/abs/2604.20126v1,https://arxiv.org/pdf/2604.20126v1,22/04/2026-02:46:50,"['Dai Q. Ho', 'D. Quang To', 'Byungkyun Kang', 'Matthew F. Doty', 'Garnett W. Bryant', 'Anderson Janotti']",cond-mat.mtrl-sci
Combo-Gait: Unified Transformer Framework for Multi-Modal Gait Recognition and Attribute Analysis,"Gait recognition is an important biometric for human identification at a distance, particularly under low-resolution or unconstrained environments. Current works typically focus on either 2D representations (e.g., silhouettes and skeletons) or 3D representations (e.g., meshes and SMPLs), but relying on a single modality often fails to capture the full geometric and dynamic complexity of human walking patterns. In this paper, we propose a multi-modal and multi-task framework that combines 2D temporal silhouettes with 3D SMPL features for robust gait analysis. Beyond identification, we introduce a multitask learning strategy that jointly performs gait recognition and human attribute estimation, including age, body mass index (BMI), and gender. A unified transformer is employed to effectively fuse multi-modal gait features and better learn attribute-related representations, while preserving discriminative identity cues. Extensive experiments on the large-scale BRIAR datasets, collected under challenging conditions such as long-range distances (up to 1 km) and extreme pitch angles (up to 50°), demonstrate that our approach outperforms state-of-the-art methods in gait recognition and provides accurate human attribute estimation. These results highlight the promise of multi-modal and multitask learning for advancing gait-based human understanding in real-world scenarios.","['cs.CV', 'cs.AI', 'cs.LG']",http://arxiv.org/abs/2510.10417v2,https://arxiv.org/pdf/2510.10417v2,12/10/2025-02:56:40,"['Zhao-Yang Wang', 'Zhimin Shao', 'Anirudh Nanduri', 'Basudha Pal', 'Laura McDaniel', 'Jieneng Chen', 'Rama Chellappa']",cs.CV
AnchorSeg: Language Grounded Query Banks for Reasoning Segmentation,"Reasoning segmentation requires models to ground complex, implicit textual queries into precise pixel-level masks. Existing approaches rely on a single segmentation token $\texttt{<SEG>}$, whose hidden state implicitly encodes both semantic reasoning and spatial localization, limiting the model's ability to explicitly disentangle what to segment from where to segment. We introduce AnchorSeg, which reformulates reasoning segmentation as a structured conditional generation process over image tokens, conditioned on language grounded query banks. Instead of compressing all semantic reasoning and spatial localization into a single embedding, AnchorSeg constructs an ordered sequence of query banks: latent reasoning tokens that capture intermediate semantic states, and a segmentation anchor token that provides explicit spatial grounding. We model spatial conditioning as a factorized distribution over image tokens, where the anchor query determines localization signals while contextual queries provide semantic modulation. To bridge token-level predictions and pixel-level supervision, we propose Token--Mask Cycle Consistency (TMCC), a bidirectional training objective that enforces alignment across resolutions. By explicitly decoupling spatial grounding from semantic reasoning through structured language grounded query banks, AnchorSeg achieves state-of-the-art results on ReasonSeg test set (67.7\% gIoU and 68.1\% cIoU). All code and models are publicly available at https://github.com/rui-qian/AnchorSeg.",['cs.CV'],http://arxiv.org/abs/2604.18562v3,https://arxiv.org/pdf/2604.18562v3,20/04/2026-17:49:22,"['Rui Qian', 'Chuanhang Deng', 'Qiang Huang', 'Jian Xiong', 'Mingxuan Li', 'Yingbo Zhou', 'Wei Zhai', 'Jintao Chen', 'Dejing Dou']",cs.CV
FASE : A Fairness-Aware Spatiotemporal Event Graph Framework for Predictive Policing,"Predictive policing systems that allocate patrol resources based solely on predicted crime risk can unintentionally amplify racial disparities through feedback driven data bias. We present FASE, a Fairness Aware Spatiotemporal Event Graph framework, which integrates spatiotemporal crime prediction with fairness constrained patrol allocation and a closed loop deployment feedback simulator.
  We model Baltimore as a graph of 25 ZIP Code Tabulation Areas and use 139,982 Part 1 crime incidents from 2017 to 2019 at hourly resolution, producing a sparse feature tensor. The prediction module combines a spatiotemporal graph neural network with a multivariate Hawkes process to capture spatial dependencies and self exciting temporal dynamics. Outputs are modeled using a Zero Inflated Negative Binomial distribution, suitable for overdispersed and zero heavy crime counts. The model achieves a validation loss of 0.4800 and a test loss of 0.4857.
  Patrol allocation is formulated as a fairness constrained linear optimization problem that maximizes risk weighted coverage while enforcing a Demographic Impact Ratio constraint with deviation bounded by 0.05. Across six simulated deployment cycles, fairness remains within 0.9928 to 1.0262, and coverage ranges from 0.876 to 0.936. However, a persistent detection rate gap of approximately 3.5 percentage points remains between minority and non minority areas. This result shows that allocation level fairness constraints alone do not eliminate feedback induced bias in retraining data, highlighting the need for fairness interventions across the full pipeline.","['cs.LG', 'cs.AI']",http://arxiv.org/abs/2604.18644v2,https://arxiv.org/pdf/2604.18644v2,19/04/2026-21:22:45,"['Pronob Kumar Barman', 'Pronoy Kumar Barman', 'Plaban Kumar Barman', 'Rohan Mandar Salvi']",cs.LG
Tailored Speckle Illumination Microscopy with Enhanced Sectioning and Image Quality,"Optical speckle patterns have been widely used for illumination in computational imaging, optical sectioning microscopy, and super-resolution imaging. However, commonly used speckles satisfy Rayleigh statistics, which are not ideal for diverse imaging applications. Here we tailor three-dimensional speckle intensity statistics for dynamic speckle illumination microscopy based on linear fluorescence. Optical sectioning is enhanced by axially varying speckle contrast, and image reconstruction noise is minimized with in-focus speckles of binary intensities. The customized speckle statistics are shown to tolerate sample-induced aberration and scattering. We apply tailored speckle illumination to mouse brain vascular imaging and demonstrate much improved image quality than optical-sectioning structured illumination. These results establish customization of speckle intensity statistics as a promising strategy for robust, high-throughput fluorescence imaging in thick, scattering biological specimens.",['physics.optics'],http://arxiv.org/abs/2604.20112v1,https://arxiv.org/pdf/2604.20112v1,22/04/2026-02:16:49,"['SeungYun Han', 'KyeoReh Lee', 'Young Seo Kim', 'Chuan Li', 'Nicholas Bender', 'Kabish Wisal', 'Taeyun Ku', 'Jerome Mertz', 'Hui Cao']",physics.optics
Efficient Quantum Algorithms for Higher-Order Coupled Oscillators,"Higher-order networks with multiway interactions can exhibit collective dynamical phenomena that are absent in traditional pairwise network models. However, analyzing such dynamics becomes computationally prohibitive as their state space grows combinatorially in the multiway interaction order. Here we develop quantum algorithms for two central tasks -- synchronization estimation and certification of the no-phase-locking regime -- in the simplicial Kuramoto model. This model is a higher-order generalization of the celebrated Kuramoto model for coupled oscillators on graph-based networks. Under explicit assumptions on data access and types, and simplicial structure, we derive end-to-end quantum gate complexities and identify regimes with polynomial quantum advantage for synchronization estimation and super-polynomial quantum advantage for no-phase-locking certification over classical methods. More broadly, these results extend quantum algorithms for higher-order networks from structural analysis to nonlinear dynamical diagnostics, easing a major computational bottleneck and opening a route to quantum methods for probing higher-order phenomena beyond the reach of direct classical approaches.","['quant-ph', 'math.DS', 'nlin.AO', 'physics.soc-ph']",http://arxiv.org/abs/2604.20108v1,https://arxiv.org/pdf/2604.20108v1,22/04/2026-02:12:43,"['Caesnan M. G. Leditto', 'Angus Southwell', 'Muhammad Usman', 'Kavan Modi']",quant-ph
Precision-Induced Irreversibility in non-Hermitian systems,"Non-Hermitian evolution is mathematically invertible, yet finite dynamic range imposes a sharp operational limit on reversibility. We identify Precision-Induced Irreversibility (PIR): amplification, mode mixing (as warranted by non-normality), and a finite resolution floor -- whether set by numerical precision, detector noise, or environmental fluctuations -- conspire to produce a quantitative predictability horizon $T_{\mathrm{of}}$, beyond which distinct states collapse onto identical representations. Within the effective non-Hermitian description, the mechanism requires neither environmental decoherence nor nonlinear dynamics; remove any ingredient and reversibility can be restored. Echo-fidelity tests confirm this transition across arbitrary-precision arithmetic and hardware, revealing where formal invertibility and physical reversibility diverge.","['quant-ph', 'cond-mat.stat-mech']",http://arxiv.org/abs/2603.22284v2,https://arxiv.org/pdf/2603.22284v2,23/03/2026-17:59:50,"['Luis E. F. Foa Torres', 'G. Pappas', 'V. Achilleos', 'D. Bautista Avilés']",quant-ph
Persistence and local extinction for superprocesses in random environments,"We consider a super-Brownian motion $\{X_t, t\geq 0\}$ in a random environment described by a centered Gaussian field $\{W(t,x),t\geq 0, x\in\mathbb{R}^d\}$ whose correlation function is given by $\mathcal{C} (x,y)(t \wedge s)$. The process takes values in $\mathcal{M}(\mathbb{R}^d)$, the space of Radon measures on $\mathbb{R}^d$. It can be characterized through a conditional Laplace transform by a parabolic stochastic partial differential equation driven by $W(t, x)$. Suppose that $\mathcal{C} (x, y)\leq g(x-y)$ for some bounded positive function $g$ on $\mathbb{R}^d$ and the initial distribution of process $X$ is the Lebesgue measure $m$ on $\mathbb{R}^d$. We prove that for dimension $d\geq 3$, whenever $$
  \sup_{x\in \mathbb{R}^d} \int_{\mathbb{R}^d} |x-y|^{2-d} g(y)dy< \frac{8 (d-2) π^{d/2}}{d 2^d Γ\left(d/2-1\right)}, $$ the distribution of $X_t$ converges weakly as $t \to \infty$ to a non-trivial invariant probability distribution $π^m$ on $\mathcal{M}(\mathbb{R}^d)$ with mean measure $m$. This result in particular gives an affirmative answer to Conjecture 1.4 of Mytnik and Xiong (Electron. J. Probab. 12: 1349-1378 (2007)). We further show that given $ Θ\in C^β(\mathbb{R}^d)$ $(β>1)$, when $\mathcal{C}(x,y)= a Θ(x-y)$ with $a$ being large enough, the superprocess $X$ suffers local extinction.",['math.PR'],http://arxiv.org/abs/2604.20094v1,https://arxiv.org/pdf/2604.20094v1,22/04/2026-01:27:13,"['Zhen-Qing Chen', 'Yan-Xia Ren', 'Guohuan Zhao']",math.PR
Cold molecular gas distribution and kinematics in the low-metallicity dusty starburst of Mrk 996 resolved with ALMA,"Detecting cold molecular gas in metal-poor starbursts remains a major challenge. Low carbon and oxygen abundances hinder CO formation, while low dust content reduces shielding against UV photodissociation. Consequently, CO, the main tracer of molecular gas, becomes faint or undetectable. We study the spatial distribution and kinematics of cold molecular gas in Mrk 996, a nearby low-mass Wolf-Rayet galaxy hosting a dense, low-metallicity (about 1/5 solar) and nitrogen-enriched nuclear starburst with complex ionized gas kinematics. Using ALMA observations of CO(1-0) and CO(2-1), we map the morphology and kinematics of the molecular gas and compare them with optical and UV data, tracing the ionized gas and young stellar populations. We detect compact CO clouds within 800 pc of the starburst, spatially offset from the nuclear super star cluster (SSC) and the most highly ionized regions. The CO lines are narrow and supersonic, exhibiting velocity gradients with a mild global blueshift, indicating dynamically perturbed gas without evidence for fast outflows, in contrast with the highly ionized phase. The global CO(2-1)/CO(1-0) ratio is low (R21 ~ 0.3), consistent with subthermal excitation. The millimeter continuum peaks at the SSC, while CO emission is displaced toward obscured regions, suggesting it traces dense shielded clumps. ALMA recovers about half of the single-dish flux, indicating the presence of extended, low-surface-brightness molecular gas. Using a metallicity-dependent CO-to-H2 conversion factor, we infer a molecular gas mass of a few 10^7 solar masses. The molecular gas is only weakly coupled to the stellar feedback that dominates the ionized phase. Our results support a multiphase scenario in which dense molecular clumps survive in shielded regions, while CO is photodissociated in their envelopes, leaving a significant CO-dark H2 component (Abridged).","['astro-ph.GA', 'astro-ph.CO']",http://arxiv.org/abs/2604.20080v1,https://arxiv.org/pdf/2604.20080v1,22/04/2026-00:54:21,"['R. Slater', 'R. Amorín', 'J. A. Fernández-Ontiveros', 'F. J. Sáez-Ruiz', 'M. S. Oey', 'B. L. James', 'M. Mingozzi', 'M. Llerena', 'M. G. del Valle-Espinosa', 'K. Harrington', 'N. Kumari', 'R. Sánchez-Janssen', 'J. M. Vílchez']",astro-ph.GA
DetailCLIP: Injecting Image Details into CLIP's Feature Space,"Although CLIP-like Visual Language Models provide a functional joint feature space for image and text, due to the limitation of the CILP-like model's image input size (e.g., 224), subtle details are lost in the feature representation if we input high-resolution images (e.g., 2240). Our proposed framework addresses this issue by generating a single feature representation for a high-resolution image that retains image details from different scales while sharing the same semantic space as the original CLIP. An application scenario is remote sensing text-image retrieval, where targets (e.g., vehicles and ships) often appear at tiny scales. To achieve this, we develop a feature fusion model that relies on CLIP features extracted from a carefully designed image patch method, dubbed Complete Cover. This method ensures comprehensive coverage of objects across various scales and is weakly supervised by image-agnostic class prompted queries. We evaluate our framework's performance using real-world and synthetic datasets, demonstrating significant improvements in image retrieval tasks based on class prompted queries. To further showcase our framework's capability in detail retrieval, we introduce a CLEVR-like synthetic dataset, named CLVER-DS. This fully annotated dataset offers a controllable object scale, allowing for a more thorough examination of our approach's effectiveness.Our code is publicly available at https://github.com/zilunzhang/DetailCLIP",['cs.CV'],http://arxiv.org/abs/2208.14649v7,https://arxiv.org/pdf/2208.14649v7,31/08/2022-06:18:10,"['Zilun Zhang', 'Cuifeng Shen', 'Yuan Shen', 'Xinyu Zhou', 'Huixin Xiong', 'Tiancheng Zhao', 'Jianwei Yin']",cs.CV
Normalizing Flows with Iterative Denoising,"Normalizing Flows (NFs) are a classical family of likelihood-based methods that have received revived attention. Recent efforts such as TARFlow have shown that
  NFs are capable of achieving promising performance on image modeling tasks, making them viable alternatives to other methods such as diffusion models.
  In this work, we further advance the state of Normalizing Flow generative models by introducing iterative TARFlow (iTARFlow). Unlike diffusion models, iTARFlow maintains a fully end-to-end, likelihood-based objective during training. During sampling, it performs autoregressive generation followed by an iterative denoising procedure inspired by diffusion-style methods. Through extensive experiments, we show that iTARFlow achieves competitive performance across ImageNet resolutions of 64, 128, and 256 pixels, demonstrating its potential as a strong generative model and advancing the frontier of Normalizing Flows. In addition, we analyze the characteristic artifacts produced by iTARFlow, offering insights that may shed light on future improvements. Code is available at https://github.com/apple/ml-itarflow.","['cs.CV', 'cs.AI']",http://arxiv.org/abs/2604.20041v1,https://arxiv.org/pdf/2604.20041v1,21/04/2026-22:52:26,"['Tianrong Chen', 'Jiatao Gu', 'David Berthelot', 'Joshua Susskind', 'Shuangfei Zhai']",cs.CV
The First Infrared Portrait of A Solar-Like Host Star with Debris Disk: Pioneering High-Resolution H- and K-Band Spectroscopy of HD115617 with Comparative Optical Spectrum Analysis,"We present the first high-resolution near-infrared spectroscopic analysis of the solar analog HD115617 (61 Virginis), complemented by optical spectroscopy, asteroseismology, and spectral energy distribution modeling. Using ESPRESSO and IGRINS spectra with a newly calibrated NIR line list, we derived atmospheric parameters that revealed notable differences between spectral regions: the optical analysis yielded Teff = 5500 +- 140 K, log g = 4.40 +- 0.16, and solar metallicity, whereas the NIR yielded Teff = 5750 +- 140 K. We tested this 250 K discrepancy using the independent line depth ratio (LDR) method for both spectra. When applied to the optical lines, LDR confirmed the cooler scale (5553 +- 73 K); for the NIR lines, it provided an intermediate temperature (5636 +- 15 K). Asteroseismic scaling with TESS data yielded a radius of 0.98 +- 0.09 R_sun, consistent with SED fitting and confirming the star's main-sequence solar-like status. However, the age estimates diverged between methods, with optical and NIR analyses yielding ages of 10.97 and 8.04 Gyr, respectively. Critically, a condensation temperature analysis revealed no significant trend, confirming the star's bulk solar-like composition and showing no chemical signature of planetary formation processes. Kinematic diagnostics place HD115617 in the thin Galactic disk, with a birth radius of approximately 5.7-8.0 kpc. Although the spectral differences may be linked to the star's multi-planet system or debris disk, our analysis highlights the critical challenge of distinguishing such effects from methodological systematics in multi-wavelength studies. Consequently, we propose a systematic, homogeneous optical-NIR survey of solar-type stars to resolve this ambiguity, which could ultimately inform novel indirect methods for characterizing stellar environments.","['astro-ph.SR', 'astro-ph.EP']",http://arxiv.org/abs/2604.20010v1,https://arxiv.org/pdf/2604.20010v1,21/04/2026-21:39:21,"['Sena Aleyna Şentürk', 'Timur Şahin', 'Cenk Kayhan']",astro-ph.SR
The FUor Mass Distribution Matches the Solar Neighborhood IMF: Evidence for a Universal Eruptive Phase,"Eruptive accretion events are expected to play an important role in the mass buildup stage of individual star formation. FU Ori objects (FUors) experience the most extreme eruptive outbursts, which raise the accretion rate of the disk from $10^{-9}-10^{-8} \ M_\odot \ \mathrm{yr}^{-1}$ to $10^{-5}-10^{-4} \ M_\odot \ \mathrm{yr}^{-1}$ and last for decades. During an outburst, the disk is approximately 100 times brighter than the star, making direct study of the central star impossible. However, the disk is expected to be in Keplerian rotation around the star, enabling indirect constraints on properties of the central source via observations of the disk. Using $1-2.4 \ μ$m high resolution spectra of several tens of FUors, we demonstrate the expected Keplerian rotation in their inner disks. We then adopt a Keplerian rotational broadening profile to model the line profiles of spectral lines, and focussing on the H-band region, we infer the mass distribution of FUors. We finally show that this mass distribution is consistent with inferred Solar neighborhood initial mass functions, suggesting all young stars undergo a period of FUor outbursts in their pre main-sequence evolution.","['astro-ph.SR', 'astro-ph.GA']",http://arxiv.org/abs/2604.19975v1,https://arxiv.org/pdf/2604.19975v1,21/04/2026-20:34:17,"['Adolfo S. Carvalho', 'Lynne A. Hillenbrand']",astro-ph.SR
Sub-GeV dark matter from cosmic ray bremsstrahlung in the atmosphere,"We explore the sensitivity of neutrino observatories and direct dark matter detection experiments to boosted sub-GeV dark matter produced by inelastic cosmic ray collisions in the atmosphere. We revisit earlier approaches and extend the sensitivity to higher mass by modeling the proton bremsstrahlung production mode via initial state radiation. For vector-mediated dark matter models, the peak of the cosmic ray flux allows for enhanced DM production for mediator masses near the $ρ/ω$ resonances. We determine and compare the ensuing sensitivity of direct detection experiments LZ and PandaX-4T and the neutrino detectors Borexino and Super-K.",['hep-ph'],http://arxiv.org/abs/2604.19959v1,https://arxiv.org/pdf/2604.19959v1,21/04/2026-20:11:30,"['Branden Aitken', 'Peter Reimitz', 'Adam Ritz']",hep-ph
Prevailing thermally-pulsing-asymptotic-giant branch stars in the near-infrared rest-frame spectra of distant quiescent galaxies: towards robust galaxy ages and masses,"We recently reported the discovery of prominent features from the thermally pulsing asymptotic giant branch (TP-AGB) phase in the near-IR rest-frame of a massive quiescent galaxy (QG) at z~1 observed with JWST, which set strong constraints on population synthesis models. Here we compare those results against similar measures from a much larger sample of JWST/NIRSpec PRISM spectra for 27 QGs at z>1 from programs GO-5019 and CEERS, with signal-to-noise ratios of ~100 (15/27) and ~50 (12/27), respectively. Each spectrum is modeled with three stellar population synthesis models: the latest Maraston (M13) models with a sizable TP-AGB phase, the Bruzual & Charlot 2003 (BC03) models, and the Conroy & Gunn (2009, C09) models, both of which include TP-AGB contributions of smaller magnitude. The M13 model generally provides the best fit quality. Compared to BC03 and C09, M13 yields systematically younger mass-weighted ages (by <500 Myr) hence lower stellar masses (by >0.2 dex). All models favor super-solar (Z/Z_sun > 1.5) metallicities. Signal-to-noise-weighted stacked spectra reveal that TP-AGB-related features are strongest in galaxies with mass-weighted ages of t = 0.4-1.8 Gyr, consistent with the predicted peak TP-AGB contribution in M13 models. Further sample subdivisions show that these features are most pronounced in high-mass (log M_*/M_sun > 10.445), dusty (A_v > 0.6), and metal-rich (Z/Z_sun > 0.35) systems. These results confirm the prevalence of TP-AGB stars in the NIR spectra of high-redshift, intermediate-age galaxies and pave the way towards improved spectral population synthesis modeling and robust stellar ages and masses.",['astro-ph.GA'],http://arxiv.org/abs/2604.19942v1,https://arxiv.org/pdf/2604.19942v1,21/04/2026-19:44:35,"['Shiying Lu', 'Emanuele Daddi', 'Claudia Maraston', 'Alvio Renzini', 'Mark Dickinson', 'Pablo Arrabal Haro', 'Daniel Thomas', 'Luis Gabriel Dahmer-Hahn', 'Raphael Gobat', 'Mauro Giavalisco', 'Anton M. Koekemoer', 'Ray A. Lucas', 'Fabio Pacucci', 'L. Y. Aaron Yung', 'Michaela Hirschmann', 'Benne Holwerda']",astro-ph.GA
A Conflict-Aware Resource Management Framework for the Computing Continuum,"The increasing device heterogeneity and decentralization requirements in the computing continuum (i.e., spanning edge, fog, and cloud) introduce new challenges in resource orchestration. In such environments, agents are often responsible for optimizing resource usage across deployed services. However, agent decisions can lead to persistent conflict loops, inefficient resource utilization, and degraded service performance. To overcome such challenges, we propose a novel framework for adaptive conflict resolution in resource-oriented orchestration using a Deep Reinforcement Learning (DRL) approach. The framework enables handling resource conflicts across deployments and integrates a DRL model trained to mediate such conflicts based on real-time performance feedback and historical state information. The framework has been prototyped and validated on a Kubernetes-based testbed, illustrating its methodological feasibility and architectural resilience. Preliminary results show that the framework achieves efficient resource reallocation and adaptive learning in dynamic scenarios, thus providing a scalable and resilient solution for conflict-aware orchestration in the computing continuum.",['cs.DC'],http://arxiv.org/abs/2512.12299v2,https://arxiv.org/pdf/2512.12299v2,13/12/2025-11:44:23,"['Vlad Popescu-Vifor', 'Ilir Murturi', 'Praveen Kumar Donta', 'Schahram Dustdar']",cs.DC
A Total Lagrangian Finite Element Framework for Multibody Dynamics: Part II -- GPU Implementation and Numerical Experiments,"We present the numerical methods and GPU-accelerated implementation underlying a Total Lagrangian finite element framework for finite-deformation flexible multibody dynamics, introduced in the companion paper [1]. The framework supports 10-node quadratic tetrahedral (T10) elements and ANCF beam and shell elements, with quadrature-based hyperelastic response (St. Venant-Kirchhoff and Mooney-Rivlin) and an optional Kelvin-Voigt viscous stress contribution. Time stepping employs a velocity-based implicit backward-Euler scheme, yielding a nonlinear residual in velocity that couples inertia, internal and external forces, and bilateral constraints. Constraints are enforced via an augmented Lagrangian method (ALM), structured as an outer loop alternating an inner velocity solve with a dual-ascent multiplier update. We introduce a two-stage GPU parallelization strategy for internal force and tangent stiffness evaluation, and provide two inner solvers: a first-order AdamW optimizer and a second-order Newton solver that assembles and factorizes a sparse global Hessian on the GPU using cuDSS. A fixed-sparsity matrix strategy eliminates repeated symbolic analysis and enables efficient numerical refactorization across Newton iterations. For collision detection, we present a GPU-native two-thread asynchronous algorithm operating on triangle soups, avoiding bounding-volume hierarchies entirely. Systematic scaling benchmarks across all three supported element types and six mesh resolutions show that the Newton solver achieves approximately one order of magnitude reduction in real-time factor relative to CPU baselines at the largest resolutions tested. The frictional contact model is validated against closed-form rigid-body predictions through quasi-static and dynamic impact unit tests.",['cs.CE'],http://arxiv.org/abs/2604.10357v3,https://arxiv.org/pdf/2604.10357v3,11/04/2026-21:51:37,"['Zhenhao Zhou', 'Ruochun Zhang', 'Ganesh Arivoli', 'Dan Negrut']",cs.CE
Properties of LCM Lattices of Monomial Ideals,"LCM lattices were introduced by Gasharov, Peeva, and Welker as a way to study minimal free resolutions of monomial ideals. All LCM lattices are atomic and all atomic lattices arise as the LCM lattice of some monomial ideal. We systematically study other lattice properties of LCM lattices. For lattices associated to the edge ideal of a graph, we completely characterize the many standard lattice properties in terms of the associated graphs: Boolean, modular, upper semimodular, lower semimodular, supersolvable, coatomic, and complemented; edge ideals with graded LCM lattices were previously characterized by Nevo and Peeva as those associated to gap-free graphs. For arbitrary monomial ideals, we prove the Cohen-Macaulayness of minimal monomial ideals associated to modular lattices. We also prove separate necessary and sufficient lattice conditions for when the projective dimension of a monomial ideal matches the height of its LCM lattice. Finally, we show that LCM lattices of Gorenstein edge ideals are coatomic and raise questions about the lattice properties of arbitrary Gorenstein monomial ideals.","['math.AC', 'math.CO']",http://arxiv.org/abs/2505.08722v2,https://arxiv.org/pdf/2505.08722v2,13/05/2025-16:32:37,"['Matthew Dorang', 'Jason McCullough']",math.AC
Search for Anisotropic Pair Halos Associated with Blazar Jets,"The origin of intergalactic magnetic fields (IGMFs) remains one of the key open questions in cosmology. Gamma-ray pair halos produced by electromagnetic cascades from TeV-emitting blazars provide a powerful indirect probe of these fields. In this work, we present a novel search for pair halos that explicitly exploits their expected anisotropic morphology, aligning with the projected orientation of blazar jets on the sky. Using a Monte Carlo framework to model the spatial distribution of cascade emission, we identify an optimal sample of 21 high-synchrotron-peaked BL Lac objects with well-constrained jet position angles from radio interferometry. By rotating and stacking \textit{Fermi}-LAT observations of these sources along their jet directions, we enhance sensitivity to anisotropic extended emission that would be diluted in traditional orientation-agnostic analyses.
  Applying a likelihood analysis to the combined dataset, we find evidence for a non-zero IGMF, excluding the null hypothesis at $3.8σ$ level and obtaining a best-fit field strength of $B_0 = 2.8 \times 10^{-16}\,\mathrm{G}$, with a $99\%$ confidence interval of $0.9 \times 10^{-16}\,\mathrm{G} < B_0 < 8.9 \times 10^{-16}\,\mathrm{G}$. Our result is consistent with previous constraints from spectral, spatial, and temporal studies, while demonstrating that incorporating anisotropic information provides a significant gain in sensitivity. This approach opens a new avenue for probing intergalactic magnetism and highlights the potential of future high-angular-resolution gamma-ray observations to directly image pair halos and map magnetic fields in cosmic voids.",['astro-ph.HE'],http://arxiv.org/abs/2604.19916v1,https://arxiv.org/pdf/2604.19916v1,21/04/2026-18:51:46,"['Ao Zhang', 'Wenlei Chen', 'Manel Errando']",astro-ph.HE
High-Resolution Measurements with the CTAO Southern Array: The Case for Pulsar Wind Nebulae,"The advent of the Cherenkov Telescope Array Observatory (CTAO) and recent advances in reconstruction of gamma-ray photons with Cherenkov telescopes are bound to push the limit of angular resolution to an unprecedented precision of less than one arcminute at tens of TeV. Naturally, such instrumental improvements open up possibilities for new and interesting scientific studies. We aim to show that the study of pulsar wind nebulae (PWNe) in particular is bound to profit from these high-resolution measurements. This is because PWNe are the dominant Galactic source population at TeV energies, exhibit hard spectra up to hundreds of TeV and from X-ray observations are known to possess plentiful structure on arcminute scales. Using HESS J1813-178 and MSH 15-52 as examples, we create simple leptonic models of the TeV morphology of these sources based on X-ray observations and existing gamma-ray measurements. Then, assuming different models for the exposure and point spread function of the observatory, we create mock observations with the future CTAO southern array. We use these to assess the ability of these observations to differentiate between models and study the physics of these sources, in particular to infer the structure of the magnetic field and electron distributions. We find that future observations with the CTAO southern array at multi-TeV energies - in combination with existing X-ray measurements - will likely be able to constrain the distributions of magnetic field and high-energy electrons in these sources. We demonstrate that the sensitivity of these measurements can be significantly enhanced with the improved angular resolution achievable with novel reconstruction algorithms. However, we also show that in the relevant multi-TeV regime, signal-photon statistics remain a limitation and trading event statistics for improved angular resolution is not necessarily advantageous.",['astro-ph.HE'],http://arxiv.org/abs/2512.17498v2,https://arxiv.org/pdf/2512.17498v2,19/12/2025-12:08:02,"['Georg Schwefer', 'Jim Hinton']",astro-ph.HE
The fragmentation properties of massive star-forming regions in 30Dor-10 at 2000 au resolution,"The fragmentation properties of parsec-scales clumps play a fundamental role in shaping the dense gas condensations known as cores, the immediate progenitor of stars. The distribution of core masses, the so-called core mass function, is the precursor of the stellar initial mass function, which governs the distribution of stellar masses and, consequently, the evolution of galaxies. The stellar initial mass function is often described by a typical Salpeter-like slope, although deviations toward more top-heavy distributions have been reported in extreme environments, raising questions about its universality and about the physical connection between the two mass functions. To date, there are no observational constraints on the core mass function and its link to the initial mass function beyond the Milky Way. Here we present a study of the fragmentation properties and the measurement of the core mass function in an external galaxy, focusing on the 30Dor-10 region in the Large Magellanic Cloud, using high resolution observations that probe spatial scales down to 2000 au. Robust statistical analysis demonstrates that the core mass function is consistent with a Salpeter-like slope and suggests that variations in the stellar mass distribution arise from evolutionary processes rather than from initial fragmentation.",['astro-ph.GA'],http://arxiv.org/abs/2604.19878v1,https://arxiv.org/pdf/2604.19878v1,21/04/2026-18:01:09,"['A. Traficante', 'M. J. Jimenez-Donaire', 'R. Indebetouw', 'T. Wong', 'A. Nucara', 'R. Klessen', 'P. Hennebelle', 'U. Lebreuilly', 'C. Mininni', 'S. Molinari', 'E. Sabbi', 'J. Soler']",astro-ph.GA
Atomic Decision Boundaries: A Structural Requirement for Guaranteeing Execution-Time Admissibility in Autonomous Systems,"Autonomous systems increasingly execute actions that directly modify shared state, creating an urgent need for precise control over which transitions are permitted to occur. Existing governance mechanisms evaluate policies prior to execution or reconstruct behavior post hoc, but do not enforce admissibility at the exact moment a state transition is committed. We introduce the atomic decision boundary, a structural property of admission control systems in which the decision and the resulting state transition are jointly determined as a single indivisible step in the labeled transition system (LTS) model of execution. We distinguish two classes: atomic systems, where evaluation and transition are coupled within a single LTS step, and split evaluation systems, where they are separate transitions interleaved by environmental actions. The separation introduces an architectural gap -- the decision is evaluated in one system state; the transition fires in a potentially different one -- that no policy, regardless of sophistication, can close from within a split architecture. Under realistic concurrent environments, we prove via a constructive counterexample trace that no construction can make a split system equivalent to an atomic system with respect to admissibility. Three corollaries follow: impossibility of execution-time guarantees in split systems, insufficiency of external state enrichment, and admissibility as an execution-time rather than evaluation-time property. We further formalize the Escalate outcome -- absent from classical TOCTOU analyses -- proving that it transfers rather than eliminates the atomicity requirement: resolution is safe if and only if it is itself atomic. We classify RBAC, ABAC, OPA, Cedar, and AWS IAM as split systems and ACP as atomic, providing a structural taxonomy of existing governance mechanisms. Admissibility is a property of execution, not evaluation.","['cs.LO', 'cs.AI', 'cs.CR']",http://arxiv.org/abs/2604.17511v2,https://arxiv.org/pdf/2604.17511v2,19/04/2026-16:03:47,['Marcelo Fernandez'],cs.LO
"Super Apriel: One Checkpoint, Many Speeds","We release Super Apriel, a 15B-parameter supernet in which every decoder layer provides four trained mixer choices -- Full Attention (FA), Sliding Window Attention (SWA), Kimi Delta Attention (KDA), and Gated DeltaNet (GDN). A placement selects one mixer per layer; placements can be switched between requests at serving time without reloading weights, enabling multiple speed presets from a single checkpoint. The shared checkpoint also enables speculative decoding without a separate draft model. The all-FA preset matches the Apriel 1.6 teacher on all reported benchmarks; recommended hybrid presets span $2.9\times$ to $10.7\times$ decode throughput at 96% to 77% quality retention, with throughput advantages that compound at longer context lengths. With four mixer types across 48 layers, the configuration space is vast. A surrogate that predicts placement quality from the per-layer mixer assignment makes the speed-quality landscape tractable and identifies the best tradeoffs at each speed level. We investigate whether the best configurations at each speed level can be identified early in training or only after convergence. Rankings stabilize quickly at 0.5B scale, but the most efficient configurations exhibit higher instability at 15B, cautioning against extrapolation from smaller models. Super Apriel is trained by stochastic distillation from a frozen Apriel 1.6 teacher, followed by supervised fine-tuning. We release the supernet weights, Fast-LLM training code, vLLM serving code, and a placement optimization toolkit.",['cs.LG'],http://arxiv.org/abs/2604.19877v1,https://arxiv.org/pdf/2604.19877v1,21/04/2026-18:00:25,"['SLAM Labs', ':', 'Oleksiy Ostapenko', 'Raymond Li', 'Torsten Scholak', 'Alireza Mousavi-Hosseini', 'Aman Tiwari', 'Denis Kocetkov', 'Joel Lamy Poirier', 'Kelechi Ogueji', 'Nanda H Krishna', 'Rafael Pardinas', 'Sathwik Tejaswi Madhusudhan', 'Shruthan Radhakrishna', 'Srinivas Sunkara', 'Valerie Becaert']",cs.LG
Hamilton's Object Revisited: A challenging source redshift of a strong lensing configuration,"Low-resolution spectrographs used to have difficulties to determine redshifts of galaxies at $z\approx1$ and $z\approx3$. Spectral emission and absorption lines of magnesium and iron redshifted to $z\approx1$ fall close to hydrogen, silicon, and oxygen lines at $z\approx3$. Here, we demonstrate that, even with modern, integrated field unit spectrographs, this task remains challenging. Hamilton's object, a blue star-forming galaxy, gravitationally lensed into three multiple images by the galaxy cluster SDSS J223010.47-081017.8 is such a case. Using the Blue Keck Cosmic Web Imager, its redshift was determined as $z=0.82$, while its MOIRCS spectrum hinted at $z=3.201$. To resolve the ambiguity, we completely re-analyse the Blue KCWI spectra of all three multiple images including the star-forming region in the outskirts. We employ a new data reduction pipeline, PypeIt, signal enhancement, and line fitting by Python-routines. The re-evaluation confirms the previous result based on 6 absorption features, $z=0.820 \pm 0.001$ and 4 emission features, $z=0.821 \pm 0.002$. The alternative $z=3.199\pm 0.003$, based on 6 absorption and 2 emission lines is a worse fit, also compared to other spectra. Moreover, we find the MOIRCS spectrum inconclusive: Observations cover two of three multiple images, with the slit for image C only covering its central bulge; furthermore the pixel-to-wavelength calibration requires a nightsky-emission-line calibration due to a missing calibration arc lamp. New MOIRCS observations are needed to verify that Hamilton's object has the smallest separation in angular diameter distance between lensing cluster and source galaxy among the known cluster-scale strong lenses.","['astro-ph.GA', 'astro-ph.CO']",http://arxiv.org/abs/2604.19867v1,https://arxiv.org/pdf/2604.19867v1,21/04/2026-18:00:01,"['Jenny Wagner', 'Richard E. Griffiths', 'Emilio E. Falco']",astro-ph.GA
Precision Kinematic Sunyaev--Zel'dovich Measurements Across Halo Mass and Redshift with DESI DR2 and ACT DR6: Part II. Bright Galaxy Survey and Emission-Line Galaxies,"We present the first high-significance spectroscopic stacked kinetic Sunyaev-Zel'dovich (kSZ) measurements of circumgalactic gas profiles for both Bright Galaxy Survey (BGS) and Emission Line Galaxy (ELG) tracers, combining DESI Data Release 2 with ACT Data Release 6. Using reconstructed line-of-sight velocities from the DESI galaxies and high-resolution ACT temperature maps, we detect the kSZ signal at high significance, reaching signal-to-noise ratios of up to $\sim$9 for BGS and $\sim$7.5 for ELGs in optimal stellar-mass selections. Together with the LRG measurements presented in Paper I, these constitute the most significant kSZ detections from any spectroscopic survey to date. We perform the analysis in both real and harmonic space, obtaining consistent results. By splitting both tracers into stellar-mass bins, we study the scaling of the kSZ amplitude with galaxy properties. Combining the kSZ measurements with ACT Data Release 6 (DR6) CMB lensing maps enables a joint calibration of the galaxy-halo connection and the gas fractions of host halos. For the BGS galaxies, we observe low gas fractions around the virial radius relative to standard expectations, likely attributable to active galactic nuclei (AGN) activity. We find some evidence for higher-mass halos retaining a larger fraction of their baryons, consistent with more efficient feedback in lower-mass systems. For the ELG sample, dominated by blue, star-forming galaxies, we provide the first detection of the gas distribution in ELG host halos. The ELGs appear to exhibit relatively high gas fractions, which points to the possibility of weaker feedback (due to e.g. low AGN and supernova feedback activity) at their mass scale. Finally, we present generalized Navarro-Frenk-White (GNFW) fits to the harmonic-space measurements, providing a compact parametrization of gas profiles for forward modeling in large-scale structure analyses.","['astro-ph.CO', 'astro-ph.GA']",http://arxiv.org/abs/2604.19745v1,https://arxiv.org/pdf/2604.19745v1,21/04/2026-17:59:30,"['B. Hadzhiyska', 'S. Ferraro', 'F. J. Qu', 'B. Ried Guachalla', 'E. Schaan', 'J. Aguilar', 'S. Ahlen', 'D. Bianchi', 'D. Brooks', 'F. J. Castander', 'E. Chaussidon', 'T. Claybaugh', 'A. de la Macorra', 'Arjun Dey', 'Biprateep Dey', 'P. Doel', 'J. E. Forero-Romero', 'E. Gaztañaga', 'S. Gontcho A Gontcho', 'G. Gutierrez', 'J. Guy', 'K. Honscheid', 'C. Howlett', 'D. Huterer', 'M. Ishak', 'R. Joyce', 'R. Kehoe', 'T. Kisner', 'A. Kremin', 'O. Lahav', 'M. Landriau', 'L. Le Guillou', 'A. Leauthaud', 'M. Manera', 'P. Martini', 'A. Meisner', 'R. Miquel', 'S. Nadathur', 'N. Palanque-Delabrouille', 'W. J. Percival', 'F. Prada', 'I. Pérez-Ràfols', 'G. Rossi', 'L. Samushia', 'E. Sanchez', 'E. F. Schlafly', 'D. Schlegel', 'J. Silber', 'D. Sprayberry', 'G. Tarlé', 'B. A. Weaver', 'R. Zhou', 'H. Zou']",astro-ph.CO
Tackling multiphysics problems via finite element-guided physics-informed operator learning,"This work presents a finite element-guided physics-informed operator learning framework for multiphysics problems with coupled partial differential equations (PDEs) on arbitrary domains. The proposed framework learns an operator from the input space to the solution space with a weighted residual formulation based on the finite element method, enabling discretization-independent prediction beyond the training resolution without relying on labeled simulation data. The present framework for multiphysics problems is implemented in Folax, a JAX-based operator learning platform, and is verified on nonlinear coupled thermo-mechanical problems. Two- and three-dimensional representative volume elements with varying heterogeneous microstructures, and a close-to-reality industrial casting example under varying boundary conditions are investigated as the example problems. We investigate the potential of several neural operators combined with the proposed finite element-guided approach, including Fourier neural operators (FNOs), deep operator networks (DeepONets), and a newly proposed implicit finite operator learning (iFOL) approach based on conditional neural fields. The results demonstrate that FNOs yield highly accurate solution operators on regular domains, where the global features can be efficiently learned in the spectral domain, and iFOL offers efficient parametric operator learning capabilities for complex and irregular geometries. Furthermore, studies on training strategies, network decomposition, and training sample quality reveal that a monolithic training strategy using a single network is sufficient for accurate predictions, while training sample quality strongly influences performance. Overall, the present approach highlights the potential of physics-informed operator learning with a finite element-based loss as a unified and scalable approach for coupled multiphysics simulations.",['cs.LG'],http://arxiv.org/abs/2603.01420v3,https://arxiv.org/pdf/2603.01420v3,02/03/2026-03:52:51,"['Yusuke Yamazaki', 'Reza Najian Asl', 'Markus Apel', 'Mayu Muramatsu', 'Shahed Rezaei']",cs.LG
Coherent Direct Multipath SLAM,"Challenging indoor and urban environments with severe multipath propagation and obstructed LoS (OLoS) degrade classical radio frequency (RF) positioning. Multipath-based simultaneous localization and mapping (MP-SLAM) is a promising remedy, building and exploiting a map of the propagation environment to enhance the robustness. Emerging distributed multiple-input multiple-output (D-MIMO)/extremely large-scale MIMO (XL-MIMO) infrastructures, with single XL antenna arrays or distributed subarrays, offer large spatial apertures and enable high-resolution sensing, in particular when phase coherence is maintained across base stations (BSs), subarrays, or distributed arrays. In this work, we propose a scalable Bayesian direct MP-SLAM method for coherent data fusion in D-MIMO/XL-MIMO systems that jointly infers the environment while performing robust, high-accuracy localization directly from raw RF signals. The key idea is a phase-preserving nonzero-mean Type-II likelihood function in which a complex mean is shared across BSs or subarrays and enables coherent fusion, while the variance captures noncoherent signal power. The likelihood function is combined with a surface feature vector (SFV)-based model that enables map feature fusion across the distributed infrastructure and supports near-field propagation and visibility effects. A GPU-parallel implementation enables highly scalable processing across a distributed infrastructure and particles, possibly allowing real-time calculations for large antenna arrays. Simulation results demonstrate performance gains over existing noncoherent methods and approach the corresponding posterior CRLB (PCRLB), highlighting the potential of coherent distributed arrays for high-resolution sensing and localization.",['eess.SP'],http://arxiv.org/abs/2604.19723v1,https://arxiv.org/pdf/2604.19723v1,21/04/2026-17:48:45,"['Benjamin J. B. Deutschmann', 'Klaus Witrisal', 'Erik Leitinger']",eess.SP
Adaptive MSD-Splitting: Enhancing C4.5 and Random Forests for Skewed Continuous Attributes,"The discretization of continuous numerical attributes remains a persistent computational bottleneck in the induction of decision trees, particularly as dataset dimensions scale. Building upon the recently proposed MSD-Splitting technique -- which bins continuous data using the empirical mean and standard deviation to dramatically improve the efficiency and accuracy of the C4.5 algorithm -- we introduce Adaptive MSD-Splitting (AMSD). While standard MSD-Splitting is highly effective for approximately symmetric distributions, its rigid adherence to fixed one-standard-deviation cutoffs can lead to catastrophic information loss in highly skewed data, a common artifact in real-world biomedical and financial datasets. AMSD addresses this by dynamically adjusting the standard deviation multiplier based on feature skewness, narrowing intervals in dense regions to preserve discriminative resolution. Furthermore, we integrate AMSD into ensemble methods, specifically presenting the Random Forest-AMSD (RF-AMSD) framework. Empirical evaluations on the Census Income, Heart Disease, Breast Cancer, and Forest Covertype datasets demonstrate that AMSD yields a 2-4% accuracy improvement over standard MSD-Splitting, while maintaining near-identical O(N) time complexity reductions compared to the O(N log N) exhaustive search. Our Random Forest extension achieves state-of-the-art accuracy at a fraction of standard computational costs, confirming the viability of adaptive statistical binning in large-scale ensemble learning architectures.","['cs.LG', 'cs.AI']",http://arxiv.org/abs/2604.19722v1,https://arxiv.org/pdf/2604.19722v1,21/04/2026-17:48:27,['Jake Lee'],cs.LG
Ray-tracing image simulations of transparent objects with complex shape and inhomogeneous refractive index,"Optical images of transparent three-dimensional objects can be different from a replica of the object's cross section in the image plane due to refraction at the surface or in the body of the object. Simulations of the object's image are thus needed for the visualization and validation of physical models. We report ray-tracing image simulations that achieved high physical fidelity, reproducing optical behaviors and image features not rendered in previous studies. We replicated brightfield microscopy images of drops with complex shapes and images of pressure and shock waves traveling inside them. For high physical fidelity, the simulations must replicate the spatial and angular distribution of illumination rays, and both the experiment and the simulation must be designed for accurate optical modeling. The simulations are highly sensitive to the properties of the drops and can be used to diagnose and refine fluid dynamics models. The simulated images can also be optimized to extract multiple 3D properties from experimental images. Compared to specialized single-shot 3D imaging methods, this approach has the advantage that it preserves the experimental simplicity, the high resolution, and the visual interpretability characteristic to basic optical imaging. The techniques introduced here are directly applicable to optical microscopy, so they can be used in other fields, such as microfluidics and biology, to expand the type and the accuracy of three-dimensional information that can be extracted from basic optical images.",['physics.optics'],http://arxiv.org/abs/2507.23145v2,https://arxiv.org/pdf/2507.23145v2,30/07/2025-22:47:37,"['Armin Kalita', 'Bryan Oller', 'Thomas Paula', 'Alexander Bußmann', 'Sebastian Marte', 'Gabriel Blaj', 'Raymond G. Sierra', 'Sandra Mous', 'Kirk A. Larsen', 'Xinxin Cheng', 'Matt J. Hayes', 'Kelsey Banta', 'Stella Lisova', 'Peter Nguyen', 'Serge A. H. Guillet', 'Divya Thanasekaran', 'Silke Nelson', 'Mengning Liang', 'Stefan Adami', 'Nikolaus A. Adams', 'Claudiu A. Stan']",physics.optics
Resolved UV-Optical HST Imaging and Spectral Energy Distribution Modeling of Nearby BAT Active Galactic Nuclei,"We use high-resolution UV-to-optical imaging from the Hubble Space Telescope (HST) to construct spatially resolved spectral energy distributions (SEDs) for seven nearby ($z<0.07$) hard (14--195$\,$keV) X-ray-selected broad-line active galactic nuclei (AGN) with $L_{\rm bol}=10^{43.26}-10^{45.34}\,\rm{erg\,s^{-1}}$. The high spatial resolution of HST, which physically resolves structures on the scale of $\sim$50$\,$pc at $z=0.05$, enables the separation of AGN and host-galaxy emission through morphological decomposition with GALFIT, yielding improved measurements of AGN properties compared to those obtained with lower-resolution Swift UV/Optical Telescope (UVOT) data. AGN UV magnitudes derived from HST imaging (e.g., F225W) can differ by more than a magnitude from those from Swift/UVOT UVM2 due to extended nuclear emission. Additionally, the inclusion of high-resolution data at longer wavelengths (e.g., F814W) can significantly affect the resulting SED fit. Comparing fits of accretion disk and extinction models using HST and Swift/UVOT data, we find significant differences in the resulting parameters, with average differences of 2.0$\,$eV in the maximum disk temperature and 2.2$\,$mag in the AGN host-galaxy extinction. These differences ultimately lead to significant changes in bolometric luminosities and X-ray bolometric corrections, with the HST-based fits yielding average increases of $\sim$0.57$\,$dex and $\sim$0.66$\,$dex respectively. This demonstrates host-galaxy contamination in unresolved UV--optical data can strongly bias SED-based estimates of disk temperatures, extinction, bolometric luminosities, and X-ray bolometric corrections in AGN. Large-area, high-resolution imaging surveys from Euclid and the Nancy Grace Roman Space Telescope will extend these techniques to much larger AGN samples, enabling uniform, high-precision SED measurements in the near-IR.",['astro-ph.GA'],http://arxiv.org/abs/2604.19674v1,https://arxiv.org/pdf/2604.19674v1,21/04/2026-16:54:19,"['Connor Auge', 'Michael Koss', 'Kriti K. Gupta', 'Claudio Ricci', 'Benny Trakhtenbrot', 'Franz E. Bauer', 'Ezequiel Treister', 'Alessandro Peca', 'Brad Cenko', 'Kohei Ichikawa', 'Arghajit Janna', 'Darshan Kakkad', 'Richard Mushotzky', 'Kyuseok Oh', 'Alejandra Rojas Lilayú', 'David Sanders', 'Roberto Serafinelli', 'Matilde Signorini', 'Alessia Tortosa', 'C. Megan Urry']",astro-ph.GA
Transition Dipole Rotation Beyond the Condon Approximation in Single hBN Quantum Emitters,"The design of polarization-encoded quantum interfaces relies on the assumption that solid-state emitters possess static transition dipoles defined by the host lattice symmetry. Here, we demonstrate that the transition dipole moment of single hexagonal boron nitride quantum emitters is not a static property but rotates as a function of photon energy. Through high-resolution energy-resolved spectroscopy, we reveal a continuous rotation of the emission dipole orientation reaching up to $40^{\circ}$ across the vibronic manifold at room temperature, driven by coupling to the phonon bath. This spectral rotation is effectively suppressed at cryogenic temperatures (6 K), where the acoustic phonon population is negligible, identifying thermally activated lattice vibrations as the primary driver of the reorientation. First-principles calculations on two representative defects spanning weak and strong electron-phonon coupling regimes confirm that phonon-displaced geometries produce a systematic deviation of the transition dipole orientation from the zero-phonon line, with the magnitude scaling with vibronic coupling strength. The experimental observations and calculations demonstrate that single quantum emitters can operate beyond the Condon approximation, with the transition dipole acquiring a dependence on the instantaneous nuclear configuration. Our results identify a fundamental limit for polarization fidelity in solid-state quantum networks and connect solid-state single-emitter physics to a class of effects previously accessible only in ensemble measurements in molecular and biological spectroscopy.","['quant-ph', 'cond-mat.mes-hall']",http://arxiv.org/abs/2604.07314v2,https://arxiv.org/pdf/2604.07314v2,08/04/2026-17:23:10,"['Serkan Paçal', 'Chanaprom Cholsuk', 'Mouli Hazra', 'Çağlar Samaner', 'Özgür Çakır', 'Tobias Vogl', 'Serkan Ateş']",quant-ph
Odour sensing in turbulent plumes with high-speed electronic nose and non-invasive ground truth,"Chemical sensing in real-world environments requires resolving rapidly fluctuating and spatially heterogeneous concentration fields. However, these dynamics are strongly distorted by widely used, low-cost metal-oxide (MOx) gas sensors, whose thermal and surface-kinetic response acts as a low-pass filter on the underlying concentration signal. Quantifying and compensating for these effects remains challenging, largely due to the lack of benchmark datasets that simultaneously capture the spatiotemporal structure of turbulent odour fields and the time-resolved response of point sensors. Here, we present a dataset combining planar laser-induced fluorescence (PLIF) measurements of an acetone tracer plume with synchronised recordings from a custom, kilohertz-rate microelectromechanical (MEMS) MOx electronic nose deployed in a laboratory wind tunnel. The PLIF system provides quantitative, two-dimensional concentration fields at high spatial and temporal resolution, while the co-located e-nose records film resistance, heater currents, and environmental parameters with aligned timestamps. The dataset enables quantitative assessment of sensor dynamics, development and benchmarking of reconstruction and deconvolution algorithms, and data-driven modelling of plume structure. All recordings, metadata, calibration files, and example analysis scripts are released in open, platform-independent formats. Together, these provide a valuable reference for researchers working in odour-guided robotics, environmental monitoring, computational fluid dynamics, and neuromorphic sensing, supporting the design and evaluation of high-speed odour-sensing systems.",['eess.SP'],http://arxiv.org/abs/2604.19626v1,https://arxiv.org/pdf/2604.19626v1,21/04/2026-16:15:06,"['Nik Dennler', 'Elle Stark', 'Saimon Collaku', 'Lars Larson', 'André van Schaik', 'Michael Schmuker', 'John Crimaldi', 'Andreas T. Güntner', 'Aaron True']",eess.SP
Bridging the High-Frequency Data Gap: A Millisecond-Resolution Network Dataset for Advancing Time Series Foundation Models,"Time series foundation models (TSFMs) require diverse, real-world datasets to adapt across varying domains and temporal frequencies. However, current large-scale datasets predominantly focus on low-frequency time series with sampling intervals, i.e., time resolution, in the range of seconds to years, hindering their ability to capture the nuances of high-frequency time series data. To address this limitation, we introduce a novel dataset that captures millisecond-resolution wireless and traffic conditions from an operational 5G wireless deployment, expanding the scope of TSFMs to incorporate high-frequency data for pre-training. Further, the dataset introduces a new domain, wireless networks, thus complementing existing more general domains like energy and finance. The dataset also provides use cases for short-term forecasting, with prediction horizons spanning from 1 millisecond (1 step) to 96 milliseconds (96 steps). By benchmarking traditional machine learning models and TSFMs on predictive tasks using this dataset, we demonstrate that most TSFM model configurations perform poorly on this new data distribution in both zero-shot and fine-tuned settings. Our work underscores the importance of incorporating high-frequency datasets during pre-training and forecasting to enhance architectures, fine-tuning strategies, generalization, and robustness of TSFMs in real-world applications.","['cs.LG', 'cs.AI']",http://arxiv.org/abs/2603.16497v2,https://arxiv.org/pdf/2603.16497v2,17/03/2026-13:23:37,"['Subina Khanal', 'Seshu Tirupathi', 'Merim Dzaferagic', 'Marco Ruffini', 'Torben Bach Pedersen']",cs.LG
Beyond the Virial Expansion: Microscopic Origins of Partial Molar Volumes in LiCl Solutions,"Although electrolyte density measurements have been reported for over a century, employing them to obtain accurate partial molar volume (PMV) profiles as a function of salt concentration has remained elusive. Obtaining such curves requires precise density measurements combined with a proper treatment of the associated virial expansion. In this work, we obtain PMV profiles for aqueous LiCl solutions. The resulting data enable the development of highly accurate force fields for Li$^+$ and Cl$^-$ ions, revealing a clear progression from isolated ions to ion pairs and ultimately to higher-order chain and ring structures. Because ion clustering emerges from complex, nonlocal interactions, it cannot be easily mapped onto specific virial terms. Instead, a direct structural and volumetric interpretation can be achieved by partitioning molecular dynamic (MD) simulation snapshots into three-dimensional polyhedral regions associated with individual salt ions and water molecules. The corresponding ionic and water volumes from this treatment quantitatively reproduce the experimental PMV curve. The results demonstrate that the PMV for salt increases (while that of water decreases) up to 6.7 M. Above this concentration, the direction reverses as three- and four-body interactions become prominent. Complementary multivariate curve resolution (MCR) Raman spectroscopy and density functional theory (DFT) calculations elucidate the molecular-level details of water electrostriction, which also persists up to 6.7 M. Significantly, the PMV data can be correlated with key thermodynamic properties, including the osmotic coefficient and the eutectic point. The procedures established here provide a general framework for modeling electrolyte solutions and enable the development of a new generation of accurate force fields for aqueous ions.",['physics.chem-ph'],http://arxiv.org/abs/2604.19622v1,https://arxiv.org/pdf/2604.19622v1,21/04/2026-16:10:42,"['Chun-Ting Lin', 'Diganta Dasgupta', 'Tinglu Yang', 'Cesare Malosso', 'Giulia Sormani', 'Colin Egan', 'Giovanni Bussi', 'Ali Hassanali', 'Paul S. Cremer']",physics.chem-ph
Efficient optimisation of multi-parameter quantum control protocols for strongly-coupled systems,"Achieving high-fidelity control in the presence of strong non-Markovian noise is critical for the optimization of emergent solid-state quantum devices. We present a highly efficient optimization framework that combines automatic differentiation with the non-Markovian uniTEMPO algorithm, enabling direct gradient-based optimization of complex objective functions. We apply this method to semiconductor quantum dots, optimizing multi-pulse excitation schemes: specifically Swing-UP of a Quantum EmmiteR (SUPER) and Floquet-engineered Two-Photon Excitation (FTPE) for single- and bi-exciton generation. Our approach yields high preparation fidelities within experimentally accessible parameter regimes. By integrating adiabatic rapid passage (ARP), we systematically enhance both SUPER and FTPE, demonstrating that these optimized protocols consistently outperform standard resonant pi-pulses and two-photon excitation. Notably, this performance gap widens at elevated temperatures, establishing the superior thermal robustness of our optimized multi-pulse strategies for real-world quantum hardware.",['quant-ph'],http://arxiv.org/abs/2604.19621v1,https://arxiv.org/pdf/2604.19621v1,21/04/2026-16:07:58,"['Sion Meredith', 'Oliver Dudgeon', 'Wojciech Bukalski', 'Alistair J. Brash', 'Harry J. D. Miller', 'Thomas J. Elliott', 'Jake Iles-Smith']",quant-ph
MG-NECOLA: A Field-Level Emulator for $f(R)$ Gravity and Massive Neutrino Cosmologies,"Accurate modeling of non-linear gravitational dynamics is essential for constraining extensions to the standard cosmological model using large-scale structure observations. While high-resolution $N$-body simulations provide the required fidelity, they are computationally prohibitive for the large ensembles needed to analyze Modified Gravity (MG) scenarios. We present MG-NECOLA, a field-level emulator based on a convolutional neural network that upgrades fast, approximate MG-PICOLA simulations to near--$N$-body accuracy at a fraction of the computational cost. Trained on a suite of QUIJOTE_MG simulations for $f(R)$ gravity, MG-NECOLA achieves nearly sub-percent accuracy ($\lesssim 1\%$) in both the matter power spectrum and bispectrum up to $k \simeq 1~h\,\mathrm{Mpc}^{-1}$. Crucially, although being trained on a fixed cosmology, the network generalizes robustly to cosmologies outside its training manifold keeping the error below $5\%$. It successfully recovers the General Relativity limit ($Λ$CDM) without introducing spurious MG signals and accurately captures the power suppression induced by massive neutrinos ($M_ν\leq 0.4$ eV), despite being trained on cosmologies with massless neutrinos. The pipeline delivers a speed-up factor of $\sim 1500\times$ relative to full $N$-body runs, generating a high-fidelity realization in O$(10^3)$ CPU seconds compared to O$(10^6)$ for the baseline. This accuracy-efficiency trade-off establishes MG-NECOLA as a powerful tool for generating the massive mock catalogs required for next-generation galaxy surveys.",['astro-ph.CO'],http://arxiv.org/abs/2604.19613v1,https://arxiv.org/pdf/2604.19613v1,21/04/2026-16:01:37,"['J. Bayron Orjuela-Quintana', 'Mauricio Reyes', 'Elena Giusarma', 'Marco Baldi', 'Neerav Kaushal', 'César A. Valenzuela-Toledo']",astro-ph.CO
TypeScript Repository Indexing for Code Agent Retrieval,"Graph-based code indexing can improve context retrieval for LLM-based code agents by preserving call chains and dependency relationships that keyword search and similarity retrieval often miss. ABCoder is an open-source framework that parses codebases into a function-level code index called UniAST. Its existing parsers combine lightweight AST parsers for syntactic analysis with language servers for semantic resolution, but because LSP-based resolution requires a JSON-RPC call for each symbol lookup, these per-symbol calls become a bottleneck on large TypeScript repositories. We present abcoder-ts-parser, a TypeScript parser built on the TypeScript Compiler API that works directly with the compiler's AST, semantic information, and module resolution logic. We evaluate the parser on three open-source TypeScript projects with up to 1.2 million lines of code and find that it produces reliable indexes significantly more efficiently than the existing architecture. For a live demonstration, watch: https://youtu.be/ryssr7ouvdE",['cs.SE'],http://arxiv.org/abs/2604.18413v2,https://arxiv.org/pdf/2604.18413v2,20/04/2026-15:31:41,"['Junsong Pu', 'Yichen Li', 'Zhuangbin Chen']",cs.SE
RF-HiT: Rectified Flow Hierarchical Transformer for General Medical Image Segmentation,"Accurate medical image segmentation requires both long-range contextual reasoning and precise boundary delineation, a task where existing transformer- and diffusion-based paradigms are frequently bottlenecked by quadratic computational complexity and prohibitive inference latency. We propose RF-HiT, a Rectified Flow Hierarchical Transformer that integrates an hourglass transformer backbone with a multi-scale hierarchical encoder for anatomically guided feature conditioning. Unlike prior diffusion-based approaches, RF-HiT leverages rectified flow with efficient transformer blocks to achieve linear complexity while requiring only a few discretization steps. The model further fuses conditioning features across resolutions via learnable interpolation, enabling effective multi-scale representation with minimal computational overhead. As a result, RF-HiT achieves a strong efficiency-performance trade-off, requiring only 10.14 GFLOPs, 13.6M parameters, and inference in as few as three steps. Despite its compact design, RF-HiT attains 91.27% mean Dice on ACDC and 87.40% on BraTS 2021, achieving performance comparable to or exceeding that of significantly more intensive architectures. This demonstrates its strong potential as a robust, computationally efficient foundation for real-time clinical segmentation.",['cs.CV'],http://arxiv.org/abs/2604.19570v1,https://arxiv.org/pdf/2604.19570v1,21/04/2026-15:24:39,"['Ahmed Marouane Djouama', 'Abir Belaala', 'Abdellah Zakaria Sellam', 'Salah Eddine Bekhouche', 'Cosimo Distante', 'Abdenour Hadid']",cs.CV
Towards Precise Channel Knowledge Map: Exploiting Environmental Information from 2D Visuals to 3D Point Clouds,"The substantial communication resources consumed by conventional pilot-based channel sounding impose an unsustainable overhead, presenting a critical scalability challenge for the future 6G networks characterized by massive channel dimensions, ultra-wide bandwidth, and dense user deployments. As a generalization of radio map, channel knowledge map (CKM) offers a paradigm shift, enabling access to location-tagged channel information without exhaustive measurements. To fully utilize the power of CKM, this work highlights the necessity of leveraging three-dimensional (3D) environmental information, beyond conventional two-dimensional (2D) visual representations, to construct high-precision CKMs. Specifically, we present a novel framework that integrates 3D point clouds into CKM construction through a hybrid model- and data-driven approach, with extensive case studies in real-world scenarios. The experimental results demonstrate the potential for constructing precise CKMs based on 3D environments enhanced with semantic understanding, together with their applications in the next-generation wireless communications. We also release a real-world dataset of measured channel paired with high-resolution 3D environmental data to support future research and validation.",['eess.SP'],http://arxiv.org/abs/2510.08140v2,https://arxiv.org/pdf/2510.08140v2,09/10/2025-12:22:56,"['Yancheng Wang', 'Chuan Huang', 'Songyang Zhang', 'Guanying Chen', 'Wei Guo', 'Shenglun Lan', 'Lexi Xu', 'Xinzhou Cheng', 'Xiongyan Tang', 'Shuguang Cui']",eess.SP
Computing the Cousin-Zuckerman Resolution and the Lusztig-Vogan Bijection,"The goal of this article is to give a proof of a result seemingly absent from the literature characterizing global sections of standard $\mathcal{D}$-modules on the flag variety. This characterization yields a mixture of the Langlands Classification of admissible representations with the Knapp-Zuckerman classification of tempered representations of a real reductive group. We use this result to compute the Cousin-Zuckerman resolution of the trivial representation in terms of standard $(\mathfrak{g},K)$-modules. Further, in the case of $GL(n,\mathbb{H})$ we use this to prove the Lusztig-Vogan bijection for $n=2,3$ and compute the lowest $K$-type map for the zero and principal orbits for general $n$ as well as the image of the trivial representation for even orbits.",['math.RT'],http://arxiv.org/abs/2604.19554v1,https://arxiv.org/pdf/2604.19554v1,21/04/2026-15:08:52,['Jack A. Cook'],math.RT
Characterizing and spectrally modeling embedded FUor eruptions in the near-infrared,"Context. Episodic accretion in young stellar objects (YSOs) is thought to play a critical role in addressing the ""luminosity problem"" associated with star formation. However, optical surveys tend to bias against sources that are heavily obscured. Infrared time-domain surveys, such as unTimely WISE, facilitate the identification of such sources within the dense star formation regions of our Galaxy. Aims. We aim to systematically identify and characterize FUor outbursts in infrared-selected YSOs using high-resolution spectroscopy and detailed disk modeling. Methods. We conducted follow-up high-resolution spectroscopy with Gemini South/IGRINS for four FUor candidates discovered in infrared time-domain surveys. Using a combination of photometric and spectroscopic observations, we constructed spectral energy distributions and fit them with a disk model that incorporates an actively accreting inner disk together with a passively irradiated outer disk. Results. All objects show CO and H$_2$O absorption bands at 2.3$μ$m, and their positions in the Na + Ca versus CO equivalent width diagram further corroborate their classification as FUors. The best-fitting model spectra closely match both the observed spectral features and the overall continuum, providing additional confirmation of the FUor classification. The best-fit models reveal high extinction values ($A_V$ = 10-20 mag), with $M_*\dot{M}$ comparable to those of classical FUors such as FU Orionis. Among 18 sources initially selected via infrared light curves, $6-$7 out of 8 with available spectra exhibit FUor characteristics, implying a high selection efficiency.","['astro-ph.SR', 'astro-ph.GA']",http://arxiv.org/abs/2604.19551v1,https://arxiv.org/pdf/2604.19551v1,21/04/2026-15:07:07,"['Jiaxun Li', 'Tinggui Wang', 'Zheyu Lin']",astro-ph.SR
Taming Actor-Observer Asymmetry in Agents via Dialectical Alignment,"Large Language Model agents have rapidly evolved from static text generators into dynamic systems capable of executing complex autonomous workflows. To enhance reliability, multi-agent frameworks assigning specialized roles are increasingly adopted to enable self-reflection and mutual auditing. While such role-playing effectively leverages domain expert knowledge, we find it simultaneously induces a human-like cognitive bias known as Actor-Observer Asymmetry (AOA). Specifically, an agent acting as an actor (during self-reflection) tends to attribute failures to external factors, whereas an observer (during mutual auditing) attributes the same errors to internal faults. We quantify this using our new Ambiguous Failure Benchmark, which reveals that simply swapping perspectives triggers the AOA effect in over 20% of cases for most models. To tame this bias, we introduce ReTAS (Reasoning via Thesis-Antithesis-Synthesis), a model trained through dialectical alignment to enforce perspective-invariant reasoning. By integrating dialectical chain-of-thought with Group Relative Policy Optimization, ReTAS guides agents to synthesize conflicting viewpoints into an objective consensus. Experiments demonstrate that ReTAS effectively mitigates attribution inconsistency and significantly improves fault resolution rates in ambiguous scenarios.","['cs.CL', 'cs.AI', 'cs.CY']",http://arxiv.org/abs/2604.19548v1,https://arxiv.org/pdf/2604.19548v1,21/04/2026-15:05:58,"['Bobo Li', 'Rui Wu', 'Zibo Ji', 'Meishan Zhang', 'Hao Fei', 'Min Zhang', 'Mong-Li Lee', 'Wynne Hsu']",cs.CL
Forecasting sub-population mortality using credibility theory,"The focus of the present paper is to forecast mortality rates for small sub-populations that are parts of a larger super-population. In this setting the assumption is that it is possible to produce reliable forecasts for the super-population, but the sub-populations may be too small or lack sufficient history to produce reliable forecasts if modelled separately. This setup is aligned with the ideas that underpin credibility theory, and in the present paper the classical credibility theory approach is extended to be able to handle the situation where future mortality rates are driven by a latent stochastic process, as is the case for, e.g., Lee-Carter type models. This results in sub-population credibility predictors that are weighted averages of expected future super-population mortality rates and expected future sub-population specific mortality rates. Due to the predictor's simple structure it is possible to derive an explicit expression for the expected quadratic forecast error. Moreover, the proposed credibility modelling approach does not depend on the specific form of the super-population model, making it broadly applicable regardless of the chosen forecasting model for the super-population. The performance of the suggested sub-population credibility predictor is illustrated on simulated population data. These illustrations highlight how the credibility predictor serves as a compromise between only using a super-population model, and only using a potentially unreliable sub-population specific model.","['stat.AP', 'stat.ME']",http://arxiv.org/abs/2507.12330v2,https://arxiv.org/pdf/2507.12330v2,16/07/2025-15:23:09,"['Mathias Lindholm', 'Gabriele Pittarello']",stat.AP
Cosmic evolution of the [CII]-to-molecular gas relation,"The [CII] 158 $μ$m line is widely used to trace star formation and the gas contents of high-redshift galaxies. However, it remains unclear under which physical conditions it reliably traces the molecular reservoir, and whether a unique conversion factor $α_{\rm [CII]}$ can be applied across cosmic time. We investigate the evolution of the relation between the [CII] luminosity and molecular gas mass from $z\simeq10$ to $z\simeq0.2$ using the Vintergatan simulation, a high-resolution cosmological zoom-in of a Milky Way-like galaxy. We post-process the snapshots with the Skirt radiative transfer code to generate synthetic [CII] data cubes. We measure global and spatially resolved (100 pc) relations between [CII] luminosity ($L_{\rm [CII]}$), star formation rate (SFR), and molecular gas mass ($M_{\rm mol}$). We follow the redshift evolution of the [CII]-to-molecular gas conversion factor $α_{\rm [CII]}$, and link these trends to the evolution of the interstellar medium (ISM) phases. The global $L_{\rm [CII]}$-$M_{\rm mol}$ and $L_{\rm [CII]}$-SFR relations evolve from a steep, [CII]-deficient regime at very low metallicity to an almost linear behaviour, similar to calibrations at $z\approx2$, once the ISM reaches $Z \gtrsim 0.05$-$0.1\,Z_\odot$ at $z\lesssim5$. Over this evolution, $α_{\rm [CII]}$ spans nearly three orders of magnitude, from $\gtrsim 10^4$ down to $\approx10 \,\rm{M_\odot\,L_\odot^{-1}}$, even though the [CII] emission remains spatially correlated with the molecular gas. A unique, redshift-independent $α_{\rm [CII]}$ therefore cannot recover molecular gas masses across the regimes we explore. [CII] remains a viable tracer of molecular gas at very high redshifts, but only when used with conversion factors that explicitly account for metallicity, ISM phase mix, and merger events.",['astro-ph.GA'],http://arxiv.org/abs/2604.19529v1,https://arxiv.org/pdf/2604.19529v1,21/04/2026-14:52:12,"['Cédric Accard', 'Florent Renaud', 'Katarina Kraljic', 'Diana Ismail', 'Matthieu Béthermin', 'Oscar Agertz']",astro-ph.GA
