titles,abstracts,categories,entry_ids,pdf_url,published,authors,primary_category
Laser electro-optic frequency comb in lithium niobate nanophotonics,"Optical frequency combs have revolutionized precision science and technology, yet their nanophotonic implementations have failed to simultaneously achieve high efficiency, power, and coherence. Optically driven microcombs provide broad and stable spectra but low usable power, whereas active comb generators, including mode-locked lasers, can be efficient yet offer less control over coherence. We introduce the laser electro-optic (LEO) frequency comb, a comb-generation mechanism in which coherent continuous-wave injection drives a phase-modulated laser cavity above threshold into a distinct operating regime. Unlike other coherently driven integrated comb sources, the LEO comb generates comb powers that exceed the injected continuous-wave power by an order of magnitude. We realize the LEO comb in a hybrid lithium niobate/III-V nanophotonic circuit and demonstrate milliwatt-level power per comb line, 1.76-ps pulses, a 4.7-nm background-free spectrum, and linewidths as narrow as 19.6 kHz. By unifying high efficiency, power, and coherence, this architecture establishes a definitive route to chip-scale frequency comb sources that deliver on the promise of scalable, high-performance coherent optical technologies.",['physics.optics'],http://arxiv.org/abs/2604.20837v1,https://arxiv.org/pdf/2604.20837v1,22/04/2026-17:59:03,"['Benjamin K. Gutierrez', 'Yingchu Xu', 'Nicolas Englebert', 'Rithvik Ramesh', 'Maximilian Shen', 'Deven Tseng', 'Adelynn Tang', 'Ryoto Sekine', 'Mahmood Bagheri', 'Auro M. Perego', 'Alireza Marandi']",physics.optics
ParetoSlider: Diffusion Models Post-Training for Continuous Reward Control,"Reinforcement Learning (RL) post-training has become the standard for aligning generative models with human preferences, yet most methods rely on a single scalar reward. When multiple criteria matter, the prevailing practice of ``early scalarization'' collapses rewards into a fixed weighted sum. This commits the model to a single trade-off point at training time, providing no inference-time control over inherently conflicting goals -- such as prompt adherence versus source fidelity in image editing. We introduce ParetoSlider, a multi-objective RL (MORL) framework that trains a single diffusion model to approximate the entire Pareto front. By training the model with continuously varying preference weights as a conditioning signal, we enable users to navigate optimal trade-offs at inference time without retraining or maintaining multiple checkpoints. We evaluate ParetoSlider across three state-of-the-art flow-matching backbones: SD3.5, FluxKontext, and LTX-2. Our single preference-conditioned model matches or exceeds the performance of baselines trained separately for fixed reward trade-offs, while uniquely providing fine-grained control over competing generative goals.","['cs.LG', 'cs.CV']",http://arxiv.org/abs/2604.20816v1,https://arxiv.org/pdf/2604.20816v1,22/04/2026-17:44:56,"['Shelly Golan', 'Michael Finkelson', 'Ariel Bereslavsky', 'Yotam Nitzan', 'Or Patashnik']",cs.LG
LEXIS: LatEnt ProXimal Interaction Signatures for 3D HOI from an Image,"Reconstructing 3D Human-Object Interaction from an RGB image is essential for perceptive systems. Yet, this remains challenging as it requires capturing the subtle physical coupling between the body and objects. While current methods rely on sparse, binary contact cues, these fail to model the continuous proximity and dense spatial relationships that characterize natural interactions. We address this limitation via InterFields, a representation that encodes dense, continuous proximity across the entire body and object surfaces. However, inferring these fields from single images is inherently ill-posed. To tackle this, our intuition is that interaction patterns are characteristically structured by the action and object geometry. We capture this structure in LEXIS, a novel discrete manifold of interaction signatures learned via a VQ-VAE. We then develop LEXIS-Flow, a diffusion framework that leverages LEXIS signatures to estimate human and object meshes alongside their InterFields. Notably, these InterFields help in a guided refinement that ensures physically-plausible, proximity-aware reconstructions without requiring post-hoc optimization. Evaluation on Open3DHOI and BEHAVE shows that LEXIS-Flow significantly outperforms existing SotA baselines in reconstruction, contact, and proximity quality. Our approach not only improves generalization but also yields reconstructions perceived as more realistic, moving us closer to holistic 3D scene understanding. Code & models will be public at https://anticdimi.github.io/lexis.","['cs.CV', 'cs.LG']",http://arxiv.org/abs/2604.20800v1,https://arxiv.org/pdf/2604.20800v1,22/04/2026-17:27:13,"['Dimitrije Antić', 'Alvaro Budria', 'George Paschalidis', 'Sai Kumar Dwivedi', 'Dimitrios Tzionas']",cs.CV
Magnetic uncertainty in variable geometry,"In this paper, we study Hardy-type uncertainty principles and unique continuation properties for linear covariant Schrodinger equations with variable coefficients in the presence of bounded electric and magnetic potentials. Under suitable smallness assumptions on the leading coefficients, we prove that any solution exhibiting super-quadratic exponential decay at two distinct times must vanish identically. Under an additional structural assumption on the coefficient matrix $G$, we further establish a Hardy-type result at the quadratic exponential scale. We also obtain an analogous uniqueness result for the heat equation with variable-coefficient magnetic perturbations.
  Our results unify and extend previous works in two directions: they recover the constant-coefficient covariant case treated by Barcelo-Fanelli-Gutierrez-Ruiz-Vilela when $G=I$, and the variable-coefficient non-magnetic case considered by Federico-Li-Yu when $A=0$. The proofs combine logarithmic convexity arguments with Carleman estimates adapted to variable-coefficient covariant Schrödinger and parabolic flows. Although our approach follows the general strategy introduced by Escauriaza-Kenig-Ponce-Vega, substantial new difficulties arise from the interaction between the variable metric and the magnetic structure, which requires new weight functions and refined commutator estimates.",['math.AP'],http://arxiv.org/abs/2604.20794v1,https://arxiv.org/pdf/2604.20794v1,22/04/2026-17:19:38,"['Luca Fanelli', 'Yilin Song', 'Ying Wang', 'Jiqiang Zheng', 'Ruihan Zhou']",math.AP
Path integral formulation of finite-dimensional quantum mechanics in discrete phase space,"We develop a path integral representation for the dynamics of quantum systems with a finite-dimensional Hilbert space, formulated entirely within a discrete phase space. Starting from the discrete Wigner function defined on $\mathbb{Z}_d \times \mathbb{Z}_d$ (with $d$ an odd prime), and the associated Weyl transform built from generalized displacement operators, we derive an exact evolution kernel that propagates the discrete Wigner function in time. By exploiting the composition law of the kernel and iterating the short-time approximation, we obtain a sum-over-paths expression for the propagator weighted by a discrete phase-space action that is the natural finite-dimensional counterpart of Marinov's functional. For Hamiltonians linear in the phase-space coordinates, we show that the fluctuation sum factorizes and, at times strictly commensurate with the lattice (the Clifford-covariant regime), collapses to a deterministic shift realizing the discrete analog of classical Hamiltonian flow. The formulation is applied to a single qutrit ($d=3$) under a diagonal Hamiltonian, and to two interacting qutrits, where we show explicitly that the full entanglement dynamics -- captured by a closed-form expression for the linear entropy valid for all times -- requires the coherent contribution of all fluctuation sectors of the action. The $\tildeμ= 0$ sector alone is non-real at finite time step and collapses to a trivial (uniform) kernel in the continuum limit, failing to reproduce the entanglement dynamics in either regime. We discuss the relevance of this construction for semiclassical simulation of many-body spin systems and the characterization of non-classicality through Wigner negativity.","['quant-ph', 'math-ph']",http://arxiv.org/abs/2604.20776v1,https://arxiv.org/pdf/2604.20776v1,22/04/2026-17:04:10,"['Leonardo A. Pachon', 'Andres F. Gomez']",quant-ph
How do sub-bandgap reflectors affect the performance of PV modules?,"Sub-bandgap reflectors (SBR) can reduce the temperature of photovoltaic (PV) modules by reflecting the near-infrared region of the solar spectrum with photon energies smaller than the electronic bandgap of the solar cell absorber material. We consider an ideal SBR, which reflects 100 % of non-harvestable low-energy photons but does not alter the reflectivity of the PV module for usable high-energy photons, and estimate how reducing the module temperature with the SBR affects the annual and the cumulative energy yield of silicon PV modules for six locations in North America and Europe. An ideal SBR would increase the annual energy yield between 1.0 % and 1.5 % for open-rack mounted modules and between 1.6 % and 2.4 % for close-roof mounted PV modules. Whether a non-ideal SBR provides a benefit in actual deployments strongly depends on the location and the optical properties of the coating. Beyond effects on the instantaneous power conversion efficiency and hence the annual energy yield, reducing the temperature by a SBR might also reduce the degradation and increase the overall lifetime of the PV module. By describing degradation using a simple Arrhenius approach using typical activation energies between 0.4 eV and 0.8 eV, we find that an ideal SBR increases the cumulative energy yield over 30 years between 2.2 % and 4.0 % for an open-rack mounted PV module in Princeton, New Jersey, USA.",['physics.app-ph'],http://arxiv.org/abs/2604.20757v1,https://arxiv.org/pdf/2604.20757v1,22/04/2026-16:45:23,"['Klaus Jäger', 'Jyotirmoy Mandal', 'Barry P. Rand', 'Forrest Meggers', 'Christiane Becker']",physics.app-ph
retinalysis-vascx: An explainable software toolbox for the extraction of retinal vascular biomarkers,"Automatic extraction of retinal vascular biomarkers from color fundus images (CFI) is crucial for large-scale studies of the retinal vasculature. We present VascX, an open-source Python toolbox that extracts biomarkers from CFI artery-vein segmentations. VascX starts from vessel segmentation masks, extracts their skeletons, builds undirected and directed vessel graphs, and resolves vessel segments into longer vessels. A comprehensive set of biomarkers is derived, including vascular density, central retinal equivalents (CREs), and tortuosity. Spatially localized biomarkers may be calculated over grids placed relative to the fovea and optic disc. VascX is released via GitHub and PyPI with comprehensive documentation and examples. Our test-retest reproducibility analysis on repeat imaging of the same eye by different devices shows that most VascX biomarkers have moderate to excellent agreement (ICC > 0.5), with important differences in the level of robustness of different biomarkers. Our analyses of biomarker sensitivity to image perturbations and heuristic parameter values support these differences and further characterize VascX biomarkers. Ultimately, VascX provides an explainable and easily modifiable feature-extraction toolbox that complements segmentation to produce reliable retinal vascular biomarkers. Our graph-based biomarker computation stages support reproducible, region-aware measurements suited for large-scale clinical and epidemiological research. By enabling easy extraction of existing biomarkers and rapid experimentation with new ones, VascX supports oculomics research. Its robustness and computational efficiency facilitate scalable deployment in large databases, while open-source distribution lowers barriers to adoption for ophthalmic researchers and clinicians.","['q-bio.TO', 'cs.CV']",http://arxiv.org/abs/2602.08580v2,https://arxiv.org/pdf/2602.08580v2,09/02/2026-12:19:33,"['Jose D. Vargas Quiros', 'Michael J. Beyeler', 'Sofia Ortin Vela', 'EyeNED Reading Center', 'Sven Bergmann', 'Caroline C. W. Klave', 'Bart Liefers', 'VascX Research Consortium']",q-bio.TO
Bifurcation and stability of stationary shear flows of Ericksen-Leslie model for nematic liquid crystals,"In this work, focusing on a critical case for shear flows of nematic liquid crystals, we investigate multiplicity and stability of stationary solutions via the parabolic Ericksen-Leslie system. We establish a one-to-one correspondence between the set of the stationary solutions with the set of the solutions of an algebraic equation for a cusp case. This one-to-one correspondence is established essentially based on the treatment in the work of Jiao, et. al. [{\em J. Diff. Dyn. Syst. {\bf 34} (2022), 239-269}] for a different case, and the relation gives directly parameter ranges for existence of multiple stationary solutions; in particular, multiple stationary solutions are created through countably many saddle-node bifurcations for the algebraic equation at critical shear speeds. The main result of the paper is on the stability of stationary solutions associated to the bifurcations; more precisely, (i) for each critical shear speed, there is a unique stationary solution and, for smaller shear speed, the stationary solution disappears but, for larger shear speed, two stationary solutions nearby bifurcate; (ii) more importantly, under a generic condition, there is a simple zero eigenvalue for the linearization of the shear flow at the critical stationary solution and, for larger shear speed, the zero eigenvalue bifurcates to a negative eigenvalue for one of the two stationary solutions and to a positive eigenvalue for the other stationary solution.",['math.DS'],http://arxiv.org/abs/2508.19125v3,https://arxiv.org/pdf/2508.19125v3,26/08/2025-15:24:06,"['Weishi Liu', 'Majed Sofiani']",math.DS
Evaluation of Various Objective Functions for Optimal Reactive Power Flow Including Transformer Tap Changer Optimisation,"Modern distribution grids with high penetration of renewable generation provide substantial flexibility through distributed reactive power sources and transformer tap changers. This high degree of freedom can be exploited for optimisation. However, choosing an objective function for optimisation is not trivial, e.~g. minimising grid losses may lead to overvoltages and minimising voltage deviations may lead to higher reactive power flows to neighbouring system operators. Thus, this paper deals with the design of an objective function for the centralised optimisation of distributed reactive power sources and transformer tap changers. Different objectives for characteristic network quantities are investigated for the optimisation and optimised in a combined manner and separately. The consequences of optimising conflicting target values are then analysed. For the optimisation, various grid usage cases of a 110 kV benchmark power grid from SimBench are examined. The investigated power grid is characterised by a high proportion of renewable energy plants. The optimisation is carried out in a data-driven, object-oriented manner using the interior point method with open source software. At the end of the paper, a meaningful optimisation function with combined weighted objectives is derived and the results are analysed.",['math.OC'],http://arxiv.org/abs/2604.20724v1,https://arxiv.org/pdf/2604.20724v1,22/04/2026-16:09:28,"['Gerald Gebhardt', 'Bernd Engel']",math.OC
Tokenised Flow Matching for Hierarchical Simulation Based Inference,"The cost of simulator evaluations is a key practical bottleneck for Simulation Based Inference (SBI). In hierarchical settings with shared global parameters and exchangeable site-level parameters and observations, this structure can be exploited to improve simulation efficiency. Existing hierarchical SBI approaches factorise the posterior yet still simulate across multiple sites per training sample; We instead explore likelihood factorisation (LF) to train from single-site simulations. In LF sampling we learn a per-site neural surrogate of the simulator and then assemble synthetic multi-site observations to amortise inference for the full hierarchical posterior. Building on this, we propose Tokenised Flow Matching for Posterior Estimation (TFMPE), a tokenised flow matching approach that supports function-valued observations through likelihood factorisation. To enable systematic evaluation, we introduce a benchmark for hierarchical SBI. We validate TFMPE on this benchmark and on realistic infectious disease and computational fluid dynamics models, finding well-calibrated posteriors while reducing computational cost.","['cs.LG', 'cs.AI']",http://arxiv.org/abs/2604.20723v1,https://arxiv.org/pdf/2604.20723v1,22/04/2026-16:07:47,"['Giovanni Charles', 'Cosmo Santoni', 'Seth Flaxman', 'Elizaveta Semenova']",cs.LG
Compact sub-10 ps Resolution Radio Frequency Photomultiplier Tube,"Experimental measurements of the radial spreading of photoelectrons emitted from a multi-alkali photocathode in a MCP-based photomultiplier tube have shown that, for photon wavelengths of 455 nm, 515 nm and 625 nm, the maximum initial energies of the emitted photoelectrons are approximately 0.3 eV, 0.2 eV and 0.1 eV respectively. Combining these experimental results with simulations performed using the SIMION simulation package, a compact radio-frequency photoelectron multiplier tube with a temporal resolution better than 10 ps is proposed. The device would be suitable for applications in several fields, particularly in medical optical instruments employing time-correlated single-photon counting.",['physics.ins-det'],http://arxiv.org/abs/2603.11887v3,https://arxiv.org/pdf/2603.11887v3,12/03/2026-13:01:43,"['Sergey Abrahamyan', 'Simon Zhamkochyan', 'Hasmik Rostomyan', 'Amur Margaryan', 'Hayk Elbakyan', 'Aram Kakoyan', 'Artashes Papyan', 'Anna Safaryan', 'John Annand', 'Kenneth Livingston', 'Rachel Montgomery', 'Patrick Achenbach', 'Josef Pochodzalla', 'Dimiter Balabanski', 'Satoshi Nakamura', 'Viatcheslav Sharyy', 'Dominique Yvon', 'Ani Aprahamian', 'Vanik Kakoyan']",physics.ins-det
"Heat Transfer Modeling in Enhanced Geothermal Energy: A Three-Temperature Approach for Solid, Injected, and Residing Fluids","Enhanced geothermal systems (EGS) involve strongly coupled, advection-dominated flow and heat transfer in fractured porous media. Conventional models typically assume local thermal equilibrium with a single effective fluid temperature or, at best, an averaged pore-fluid temperature, so the thermal evolution of injected cold fluid is only inferred indirectly. In this work, we develop a local thermal non-equilibrium (LTNE) model that explicitly resolves the temperature of injected fluid as it moves through the reservoir and exchanges heat with the hot rock and resident fluid. The key ingredient is a concentration variable that tracks the injected fluid and induces a three-way LTNE coupling among rock, resident-fluid, and injected-fluid temperatures. This framework distinguishes, at the continuum scale, how newly injected fluid parcels are heated by conductive and convective exchange, and predicts production-well temperatures without relying on bulk averages. To discretize the resulting nonlinear, advection-dominated system, we employ an enriched Galerkin (EG) finite element method for Darcy flow, temperature, and concentration, providing local mass conservation with relatively few degrees of freedom. We further design a flux-corrected transport (FCT) strategy for the EG concentration and temperature equations to enforce a discrete maximum principle and suppress nonphysical oscillations while preserving local conservation. Time integration uses an IMPES-type splitting combined with a strong-stability-preserving Runge--Kutta scheme. Numerical experiments for fractured EGS problems show that the proposed LTNE--EG--FCT framework captures injected-fluid heating paths and thermal breakthrough behavior not resolved by standard single-temperature or averaged LTNE models.",['math.NA'],http://arxiv.org/abs/2604.20710v1,https://arxiv.org/pdf/2604.20710v1,22/04/2026-15:51:44,"['Yi-Yung Yang', 'Sanghyun Lee', 'Dmitri Kuzmin']",math.NA
Generative Flow Networks for Model Adaptation in Digital Twins of Natural Systems,"Digital twins of natural systems must remain aligned with physical systems that evolve over time, are only partially observed, and are typically modeled by mechanistic simulators whose parameters cannot be measured directly. In such settings, model adaptation is naturally posed as a simulation-based inference problem. However, sparse and indirect observations often fail to identify a unique and optimal calibration, leaving several simulator parameterizations compatible with the available evidence. This article presents a GFlowNet-based approach to model adaptation for digital twins of natural systems. We formulate adaptation as a generative modeling problem over complete simulator configurations, so that plausible parameterizations can be sampled with probability proportional to a reward derived from agreement between simulated and observed behavior. Using a controlled environment agriculture case study based on a mechanistic tomato model, we show that the learned policy recovers dominant regions of the adaptation landscape, retrieves strong calibration hypotheses, and preserves multiple plausible configurations under uncertainty.","['cs.LG', 'eess.SY']",http://arxiv.org/abs/2604.20707v1,https://arxiv.org/pdf/2604.20707v1,22/04/2026-15:48:48,"['Pascal Archambault', 'Houari Sahraoui', 'Eugene Syriani']",cs.LG
Toward nanophotonic platforms for solid-state $^{229}$Th nuclear clocks,"While the $^{229}$Th nuclear isomer has recently been observed and laser-excited, converting optical nuclear manipulation into a chip-scale solid-state frequency standard remains an open challenge. Here, we present a nanophotonic platform to realize an all-solid-state nuclear clock based on the low-energy isomeric transition of $^{229}$Th embedded in high-$Q$ fluoride photonic resonators. By coupling ensembles of thorium nuclei to confined optical modes, we show that resonant field build-up in the cavity can substantially enhance the nuclear excitation rate, enabling optical interrogation at practical laser intensities. We model the nuclei-photon interaction dynamics and outline a technological roadmap toward addressing this challenge, including resonator fabrication in fluoride crystals, thorium implantation, nuclear excitation with integrated lasers, and on-chip detection of vacuum-ultraviolet photons. As an initial proof of concept, we implant a crystalline fluoride whispering-gallery-mode resonator with $^{229}$Th and assess the impact of implantation-induced damage on resonator performance. Our platform leverages recent advances in materials integration and nanophotonics to chart a realistic route toward compact and scalable nuclear frequency standards.","['physics.optics', 'cond-mat.mes-hall', 'quant-ph']",http://arxiv.org/abs/2604.20687v1,https://arxiv.org/pdf/2604.20687v1,22/04/2026-15:35:31,"['Sandro Kraemer', 'Karen Mamian', 'Toby Bi', 'Shun Fujii', 'Jan de Haan', 'Harshith Babu', 'Arno Claessens', 'Rafael Ferrer Garcia', 'Fedor Ivandikov', 'Piet Van Duppen', 'Andreas Dragoun', 'Christoph E. Düllmann', 'Christoph Marquardt', 'Ulrich Wahl', 'Bart Kuyken', 'Thorsten Schumm', ""Pascal Del'Haye"", 'Lino M. C. Pereira', 'Georgy A. Kazakov', 'Kasper Van Gasse', 'Charles Roques-Carmes']",physics.optics
Flow-history-dependent orientational relaxation in dilute polydisperse colloidal rod suspensions,"Orientation and relaxation dynamics of rod-like colloids under flow govern the optical and mechanical properties of many emerging soft materials. In polydisperse suspensions, particles of different lengths exhibit distinct rotational diffusion timescales, yet how this polydispersity influences relaxation following flow cessation remains unclear. In particular, it is not well understood how the pre-shear rate determines the subsequent orientation relaxation dynamics. To address this question, we performed simple shear on dilute cellulose nanocrystal (CNC) suspensions in a narrow-gap Taylor-Couette cell and measured birefringence relaxation after flow cessation using high-speed polarization imaging. To interpret the experiments, we formulated a polydisperse Fokker-Planck model parameterized by the measured length distribution. As a result, the average orientation relaxation time systematically decreases with increasing pre-shear rate. Moreover, when organized by the Péclet number based on the rotational diffusion coefficient of the weighted average rod length, the data agree well with the theory over a wide range of shear rates. This trend arises because the rod sub-population contributing most strongly to the orientation shifts from longer rods to shorter rods as the pre-shear rate increases, showing that the flow history governs the orientation relaxation dynamics. In polydisperse systems, the orientation relaxation time is no longer a material-specific constant but is determined by both the flow conditions and the polydispersity. This study provides a quantitative framework for understanding orientation dynamics in polydisperse rod suspensions and for interpreting rheo-optical measurements.","['cond-mat.soft', 'physics.flu-dyn']",http://arxiv.org/abs/2604.20678v1,https://arxiv.org/pdf/2604.20678v1,22/04/2026-15:26:03,"['Yuto Yokoyama', 'Vincenzo Calabrese', 'Fabian Hillebrand', 'Henry J. London', 'Simon J. Haward', 'Amy Q. Shen']",cond-mat.soft
Exact Identity Linking Entropy Production and Mutual Information,"We establish an exact identity for overdamped Langevin dynamics: the total entropy production rate equals four times the mutual information rate between an infinitesimal displacement and its time midpoint, plus a mean flow term. This yields a forward-only characterization of irreversibility. As a corollary, for additive bipartite systems, the chain rule directly yields a canonical nonnegative decomposition of subsystem entropy production into self and interaction components. The self term coincides with apparent entropy production, while the interaction term captures the dissipative cost of dependence and sharpens the learning rate bound. In a proof-of-concept application to red blood cell flickering, the decomposition reveals the thermodynamic structure of mechanical irreversibility. Overall, our results recast entropy production as a decomposable information-theoretic structure.","['cond-mat.stat-mech', 'physics.bio-ph', 'physics.data-an']",http://arxiv.org/abs/2512.24877v2,https://arxiv.org/pdf/2512.24877v2,31/12/2025-14:15:25,"['Doohyeong Cho', 'Hawoong Jeong']",cond-mat.stat-mech
Variational Principles for Shock Dynamics in Compressible Euler Flows,"Hamilton's principle plays a central role in fluid mechanics as a fundamental tool for deriving governing equations, analyzing conservation laws, and designing structure-preserving numerical schemes. However, its classical formulation is restricted to smooth solutions and does not directly accommodate shock discontinuities. Addressing this limitation within a variational framework has long been a challenging issue. In this paper, we develop a variational framework that extends Hamilton's principle to shock solutions in compressible fluid dynamics. For the barotropic Euler equations, we introduce a modified action principle that incorporates additional contributions localized at discontinuities. This allows the Rankine--Hugoniot conditions for mass and momentum to emerge directly from unrestricted variations, without imposing continuity across shocks. The additional term admits a natural interpretation as a dissipation potential, linking the variational structure to energy loss at shocks. We then extend the approach to the full compressible Euler equations. Using a variational formulation of nonequilibrium thermodynamics together with suitable variational and phenomenological constraints, we recover the Rankine--Hugoniot relations for mass, momentum, and energy. This yields a unified variational description of shock dynamics in compressible fluids and highlights a fundamental distinction between barotropic and full compressible models in the treatment of energy and entropy at discontinuities.","['math-ph', 'math.AP', 'math.DS']",http://arxiv.org/abs/2604.20635v1,https://arxiv.org/pdf/2604.20635v1,22/04/2026-14:46:47,"['François Gay-Balmaz', 'Cheng Yang']",math-ph
"Rather than drafting, vortex capture dictates efficiency in three-hydrofoil schools","Three-dimensional experiments are presented on a school of three pitching hydrofoils. Two side-by-side leader foils maintain the same relative positions while the location of a third follower foil is varied. Force and flow measurements detail the mechanisms that drive the school to achieve collective thrust and efficiency that are 58% and 24% higher than isolated foils, respectively. Traditional drafting involves positioning yourself in the wake of an upstream object. In wakes with a net momentum deficit, drafting reduces drag by lowering oncoming flow speed. By contrast, wakes from oscillatory swimmers feature strong momentum surplus regions, which increases drag by increasing the oncoming flow. Despite that, our results show that the best performance benefits occur for compact schools where the follower is directly in the vortex wake of a leader, whereas regions of reduced mean flow do not improve performance. The thrust and efficiency benefits are shown to be driven by vortex-body interactions that increase the thrust and efficiency of the follower and by body-to-body upstream interactions that reduce the power of the leaders. There is an optimal spatial phase to maximize the thrust and efficiency of the follower that depends upon the actual wake wavelength rather than the estimated wavelength used in previous literature. Moreover, wake breakdown, and its associated elimination of vortex-body performance benefits, is not observed within at least three chord lengths downstream of the leaders. Lastly, measurements of the cross-stream stability of the downstream foil indicate that compact, high-performance formations may require active control strategies in order to maintain their organization and maximise the hydrodynamic benefits of schooling.",['physics.flu-dyn'],http://arxiv.org/abs/2604.19121v2,https://arxiv.org/pdf/2604.19121v2,21/04/2026-06:03:00,"['Pedro C. Ormonde', 'Yuanhang Zhu', 'Daniel Quinn', 'Keith W Moored']",physics.flu-dyn
Stochastic Krylov Dynamics: Revisiting Operator Growth in Open Quantum Systems,"In closed quantum systems, Krylov complexity admits a geometric description; operator growth is equivalent to Hamiltonian flow in an emergent phase space whose structure is fixed by the Lanczos coefficients. We show that this picture survives, albeit in a fundamentally altered form, once the system is coupled to an environment.Using a Schwinger-Keldysh formulation of the full counting statistics of the Krylov position, we derive an effective action for operator growth under Lindblad dynamics. Even for the minimal case of dephasing, the phase-space dynamics ceases to be Hamiltonian; environmental coupling generates diffusion in the variable conjugate to Krylov depth, converting deterministic trajectories in to stochastic ones. The hyperbolic mechanism underlying exponential complexity growth is therefore broadened and, beyond a parametrically controlled scale, destroyed.This identifies dissipation as a relevant perturbation of the chaotic Krylov fixed point and reveals operator growth in open systems as a problem of stochastic dynamics in an emergent phase space.","['hep-th', 'cond-mat.stat-mech', 'quant-ph']",http://arxiv.org/abs/2604.20619v1,https://arxiv.org/pdf/2604.20619v1,22/04/2026-14:33:49,"['Arpan Bhattacharyya', 'S. Shajidul Haque', 'Jeff Murugan', 'Mpho Tladi', 'Hendrik J. R. Van Zyl']",hep-th
"Semi supervised GAN for smart microscopy, fast and data efficient cell cycle classification","Modern optical microscopes are fully motorised; however, transforming them into truly smart systems requires real-time adjustment of acquisition settings in response to detected objects and dynamic biological events. At the core are classification algorithms that commonly depend on customised softwares and are generally designed for narrowly-defined biological applications. In addition, they often require substantial annotated datasets for effective training. We introduce a semi-supervised generative adversarial network (SGAN) for robust cell-cycle stage classification under low-resource conditions, adaptable to diverse cellular structures. The framework combines unlabelled microscopy images with synthetically generated samples to mitigate limited annotation, while preserving stable performance even when the unlabelled subset is class-imbalanced. Tested on the Mitocheck dataset, which features five mitosis classes, the model achieved $93 \pm 2\%$ accuracy using only 80 labelled per class and 600 unlabelled images. The proposed algorithm is generic and can be readily adapted to new labeling schemes, classification targets, cell lines, or microscopy modalities through transfer learning. SGAN is well suited for integration into automated microscopes, enabling efficient and adaptable image analysis across diverse biological and microscopy applications.",['q-bio.QM'],http://arxiv.org/abs/2604.20615v1,https://arxiv.org/pdf/2604.20615v1,22/04/2026-14:31:38,"['Rajeev Manick', 'Youssef El Habouz', 'Maëlle Guillout', 'Celia Martin', 'Julia Bonnet', 'Louis Ruel', 'Sylvain Pastezeur', 'Olivier Chanteux', 'Otmane Bouchareb', 'Marc Tramier', 'Jacques Pécréaux']",q-bio.QM
Deep VLBI constraints on compact radio cores in four ultraluminous X-ray sources,"We present high-sensitivity Very Long Baseline Interferometry (VLBI) observations of four ultraluminous X-ray sources (ULXs): Holmberg II X-1, IC 342 X-1, NGC 6946 X-1, and NGC 925 X-1. No compact emission was detected on milliarcsecond scales, with rms noise levels reaching approximately 5--20 $μ$Jy. The corresponding $5σ$ flux density upper limits reach $\sim 26\,μ\mathrm{Jy}$, implying radio luminosity limits $L_{\rm R} \lesssim 2 \times 10^{33}\,\mathrm{erg\,s^{-1}}$. This disfavors any persistently bright hard-state-like compact core at our sensitivity level. The previously reported VLBI core in Holmberg II X-1 exhibits significant long-term variability, broadly consistent with an overall decline over the past decades. This behavior is consistent with emission from optically-thin ejecta undergoing adiabatic expansion. The VLBI non-detections may reflect intrinsically weak/intermittent compact emission, and/or low--surface--brightness structure that is resolved out by VLBI, and/or absorption/propagation effects such as free--free absorption in dense, ionized winds.",['astro-ph.HE'],http://arxiv.org/abs/2604.20609v1,https://arxiv.org/pdf/2604.20609v1,22/04/2026-14:23:25,"['Ailing Wang', 'Hua Feng', 'Tao An', 'Yijia Zhang', 'Jun Yang', 'Roberto Soria', 'Lian Tao', 'Thomas Russell', 'Jing Guo', 'Liang Zhang']",astro-ph.HE
Influence of random surface deformations on the resonance frequencies and quality factors of optical cavities and plasmonic nanoparticles,"Surface deformations of optical cavities and plasmonic nanoparticles are inevitable in nanophotonics. The random morphology changes of different realizations modify the associated resonance frequencies and quality factors, which may be characterized by specified distributions instead of their nominal values. As an alternative to statistical analyses based on direct numerical calculations, we present an approximate method using first-order perturbation theory with shifting boundaries. For an example resonator in the form of a plasmonic nanowire, the approach explains the bivariate frequency distribution observed in direct numerical calculations involving 1000 realizations of random surface deformations and provides the average and the associated covariance matrix with relatively high accuracy.","['physics.optics', 'physics.comp-ph']",http://arxiv.org/abs/2604.20607v1,https://arxiv.org/pdf/2604.20607v1,22/04/2026-14:22:00,"['Philip Trøst Kristensen', 'Thomas Kiel', 'Kurt Busch', 'Francesco Intravaia']",physics.optics
An electrically tunable metaatom for visible light,"Phase-gradient metasurfaces provide powerful wavefront control through two-dimensional arrangement of nanostructures acting as metaatoms. While dynamic tuning forms a major driver for future breakthroughs and applications in this area, current metaatoms are generally static or limited to operation in the infrared. Here, we present a metaatom that is both electrically tunable and operates in the visible. Its function originates from an excitonic absorption band of a dedoped conducting polymer, which together with low background permittivity induces optical metallicity in a selected part of the visible. This allows anisotropic nanostructures to support excitonic resonances along one direction and not the other, promoting polarization-dependent optical response which can be toggled off and on through reversible doping induced by small bias potentials. Our study details the mechanism of these metaatoms and demonstrate their use in electrically tunable phasegradient metasurfaces for visible light, including erasable and rewritable holograms.",['physics.optics'],http://arxiv.org/abs/2604.20605v1,https://arxiv.org/pdf/2604.20605v1,22/04/2026-14:20:49,"['Janna Wilhelmsen', 'Longzhu Liu', 'Harry Miyosi Silalahi', 'Suraya Kazi', 'Giancarlo Cincotti', 'Shangzhi Chen', 'Dongqing Lin', 'Yulong Duan', 'Magnus P. Jonsson']",physics.optics
Distributed Quantum Optimization for Large-Scale Higher-Order Problems with Dense Interactions,"Many real-world problems are naturally formulated as higher-order optimization (HUBO) tasks involving dense, multi-variable interactions, which are challenging to solve with classical methods. Quantum optimization offers a promising route, but hardware constraints and limitations to quadratic formulations have hampered their practicality. Here, we develop a distributed quantum optimization framework (DQOF) for dense, large-scale HUBO problems. DQOF assigns quantum circuits a central role in directly capturing higher-order interactions, while high-performance computing orchestrates large-scale parallelism and coordination. A clustering strategy enables wide quantum circuits without increasing depth, allowing efficient execution on near-term quantum hardware. We demonstrate high-quality solutions for HUBOs up to 500 variables within 170 seconds, significantly outperforming conventional approaches in solution quality and scalability. Applied to optical metamaterial design, DQOF efficiently discovers high-performance structures and shows that higher-order interactions are important for practical optimization problems. These results establish DQOF as a practical and scalable computational paradigm for large-scale scientific optimization.","['quant-ph', 'cs.CE', 'cs.DC']",http://arxiv.org/abs/2604.20599v1,https://arxiv.org/pdf/2604.20599v1,22/04/2026-14:15:20,"['Seongmin Kim', 'Vincent R. Pascuzzi', 'Travis S. Humble', 'Thomas Beck', 'Sanghyo Hwang', 'Tengfei Luo', 'Eungkyu Lee', 'In-Saeng Suh']",quant-ph
Physics-Informed Conditional Diffusion for Motion-Robust Retinal Temporal Laser Speckle Contrast Imaging,"Retinal laser speckle contrast imaging (LSCI) is a noninvasive optical modality for monitoring retinal blood flow dynamics. However, conventional temporal LSCI (tLSCI) reconstruction relies on sufficiently long speckle sequences to obtain stable temporal statistics, which makes it vulnerable to acquisition disturbances and limits effective temporal resolution. A physically informed reconstruction framework, termed RetinaDiff (Retinal Diffusion Model), is proposed for retinal tLSCI that is robust to motion and requires only a few frames. In RetinaDiff, registration based on phase correlation is first applied to stabilize the raw speckle sequence before contrast computation, reducing interframe misalignment so that fluctuations at each pixel primarily reflect true flow dynamics. This step provides a physics prior corrected for motion and a high quality multiframe tLSCI reference. Next, guided by the physics prior, a conditional diffusion model performs inverse reconstruction by jointly conditioning on the registered speckle sequence and the corrected prior. Experiments on data acquired with a retinal LSCI system developed in house show improved structural continuity and statistical stability compared with direct reconstruction from few frames and representative baselines. The framework also remains effective in a small number of extremely challenging cases, where both the direct 5-frame input and the conventional multiframe reconstruction are severely degraded. Overall, this work provides a practical and physically grounded route for reliable retinal tLSCI reconstruction from extremely limited frames. The source code and model weights will be publicly available at https://github.com/QianChen113/RetinaDiff.",['cs.CV'],http://arxiv.org/abs/2604.20594v1,https://arxiv.org/pdf/2604.20594v1,22/04/2026-14:11:27,"['Qian Chen', 'Yuehao Chen', 'Qiang Wang', 'Lei Zhu', 'Yanye Lu', 'Qiushi Ren']",cs.CV
A Hierarchical MARL-Based Approach for Coordinated Retail P2P Trading and Wholesale Market Participation of DERs,"The ongoing shift towards decentralization of the electric energy sector, driven by the growing electrification across end-use sectors, and widespread adoption of distributed energy resources (DERs), necessitates their active participation in the electricity markets to support grid operations. Furthermore, with bi-directional energy and communication flows becoming standard, intelligent, easy-to-deploy, resource-conservative demand-side participation is expected to play a critical role in securing power grid operational flexibility and market efficiency. This work proposes a market engagement framework that leverages a hierarchical multi-agent deep reinforcement learning (MARL) approach to enable individual prosumers to participate in peer-to-peer retail auctions and further aggregate these intelligent prosumers to facilitate effective DER participation in wholesale markets. Ultimately, a Stackelberg game is proposed to coordinate this hierarchical MARL-based DER market participation framework toward enhanced market performance.","['cs.LG', 'eess.SY']",http://arxiv.org/abs/2604.20586v1,https://arxiv.org/pdf/2604.20586v1,22/04/2026-14:02:56,"['Patrick Wilk', 'Ethan Cantor', 'Yikui Liu', 'Jie Li']",cs.LG
Discovery of parity-violating chiral polar-nematic charge density wave and superconductivity in kagome metals,"Nonmagnetic kagome metals and superconductors AV3Sb5 (A = K, Rb, Cs) host unconventional charge density wave (CDW) and superconducting (SC) phases accompanied by multiple electronic symmetry breaking. Due to the centrosymmetric crystal structure, inversion symmetry has generally been assumed to hold. Here, using scanning tunneling microscopy complemented by atomic force microscopy and optical second-harmonic generation, we directly reveal that inversion symmetry in the kagome plane is spontaneously broken in the CDW state. The mixed-parity CDW state exhibits ferroelectric dipolar and nematic quadrupolar ordered moments. The coexistence and coupling between the dipole and quadrupole favor noncollinear ferro-polar and nematic alignment that breaks all mirror symmetries and gives rise to robust electronic chirality in the 3Q CDW. The multipolar coupling to in-plane electric field enables electric field control and manipulation of the chiral polar-nematic CDW state, including its chirality. Below the SC transition, we observe parity-violating pair density modulations at both the original and the CDW lattice wavevectors. Our findings of parity-violating electronic chiral multipolar order provide microscopic insights into the magnetoelectric and nonreciprocal transport, loop current order, pairing density waves, and unconventional superconductivity in kagome metals and related quantum materials.",['cond-mat.supr-con'],http://arxiv.org/abs/2604.20546v1,https://arxiv.org/pdf/2604.20546v1,22/04/2026-13:29:53,"['Xingwei Shi', 'Geng Li', 'Zhan Wang', 'Chuqi Zhang', 'Ke Zhu', 'Keyu Zeng', 'Zikun Tang', 'Li Huang', 'Zhen Zhao', 'Jianping Sun', 'Xiao Liu', 'Jin-Guang Cheng', 'Chengmin Shen', 'Shu Ping Lau', 'Kian Ping Loh', 'Haitao Yang', 'Xiao Lin', 'Ziqiang Wang', 'Hong-Jun Gao']",cond-mat.supr-con
Realistic sheared flow profile effects on acoustic impedance eduction in small 3D-ducts,"We investigate the influence of realistic sheared grazing flow on acoustic propagation in three-dimensional rectangular ducts. We show that conclusions reached in the literature about the effects of sheared grazing flow on acoustic propagation in lined ducts are dependent on the flow profiles used in those studies, and that significantly different conclusions are reached once a realistic flow profile is used. We particularly focus on small ducts typical of most experimental impedance eduction facilities, for which velocity gradients are relevant in a significant fraction of the duct cross-section. We assess the effect of simplifying the velocity distribution in the cross-section to either a one-dimensional (2D spanwise-infinite duct) or uniform flow profile. Three flow profiles are considered, namely (i) the tensorised hyperbolic tangent, (ii) the law of the wall, and (iii) one obtained from a RANS simulation. These flow profiles are used as input in numerical simulations, based on the solution of the 3D Pridmore-Brown equation, to perform in silico impedance eduction experiments. Results show that realistic flow profiles can be well approximated for acoustic wave propagation in ducts by uniform or 1D flow profiles, provided the bulk Mach number is correctly accounted for, which contrasts with previous findings based on more simplistic flow profiles. The key conclusion of this work is that, if viscous effects are negligible and acoustic impedance is a good representation of a lined wall with grazing flow, then the simplification to a uniform flow is a reasonable approximation and traditional eduction methods are sufficiently accurate.",['physics.flu-dyn'],http://arxiv.org/abs/2511.19370v3,https://arxiv.org/pdf/2511.19370v3,24/11/2025-18:07:00,"['Lucas A. Bonomo', 'Julio A. Cordioli', 'Edward J. Brambley', 'Angelo Paduano', 'Francesco Avallone']",physics.flu-dyn
"Designing Active Operation in Low-Voltage Distribution Grids: Requirements, Interfaces and Roadmap","This paper outlines a pathway towards active operation of lowvoltage distribution grids. In these grids, the growing deployment of distributed generation, controllable demand and storage, together with the roll-out of intelligent metering systems, creates new requirements and opportunities for distribution system operators. On the basis of the German and European regulation, and in particular of recent directives enabling grid-oriented interventions and market-based procurement of flexibility, the paper identifies three key pillars for active low-voltage operation: (a) measurement placement and observability, (b) secure and interoperable information and communication architectures and interfaces, and (c) integration of market-based and gridoriented optimisation for controlling connected assets. A structured system overview is developed that specifies main actors and data flows, highlighting central research topics across these pillars. Building on this, a four-phase roadmap is presented, spanning requirements and use-case definition, method development and simulation, laboratory and field validation, and roll-out with system-level feedback, thus providing guidance for distribution system operators and researchers.",['eess.SY'],http://arxiv.org/abs/2604.20530v1,https://arxiv.org/pdf/2604.20530v1,22/04/2026-13:07:53,"['Eric Tönges', 'Andrea Schoen', 'Frank Marten', 'Marco Pau', 'Denis Mende']",eess.SY
Subharmonic instability of large-scale wavy structures in two-dimensional channels,"A particular interest on two-dimensional turbulence is the inverse energy cascade from small to large sales, which leads to an energy condensation accompanied by the formation of large-scale vortical structures. Indeed, such a phenomenon is observed in the two-dimensional channel (2DCH) with large Reynolds numbers, where prominent large-scale wavy structures play a central role in the momentum and energy transfer across the inhomogeneous wall-normal direction \citep{Falkovich2018}. Yet, the instability of these wavy structures remains poorly understood, and it is unknown whether they have the capacity to generate turbulence. To address this, we first conduct the direct numerical simulation (DNS) of Navier-Stokes equations for 2DCH, then extract the large-scale wavy structures through the singular value decomposition, and finally perform a Floquet-based secondary instability analysis. Two bulk Reynolds numbers are examined in particular, i.e. $Re = 3000$ and $Re = 200000$, which lie on opposite sides of the transitional regime near $Re \approx 10000$ and cover the previously reported simulation domain. At $Re = 3000$, the large-scale wavy structure is found to be linearly stable, consistent with the laminar-like DNS flow field. However, at $Re = 200000$, a subharmonic torsional mode is identified, which leads to a definite growth rate ($λ_r = 0.18$) for the wavy structures with a half wave-length shift. Temporal reconstruction shows that this unstable mode deforms and splits into multiple wave trains and evolves in the opposite phase. Compared to the TS (Tollmien-Schlichting) wave of laminar flow, the subharmonic mode found here offers a novel understanding for the generation of turbulence in larger Reynolds number two-dimensional channels.",['physics.flu-dyn'],http://arxiv.org/abs/2604.20526v1,https://arxiv.org/pdf/2604.20526v1,22/04/2026-13:05:54,"['An-Xiao Han', 'Peng-Yu Duan', 'Ming-Ze Ma', 'Xi Chen']",physics.flu-dyn
From Image to Music Language: A Two-Stage Structure Decoding Approach for Complex Polyphonic OMR,"We propose a new approach for the second stage of a practical two-stage Optical Music Recognition (OMR) pipeline. Given symbol and event candidates from the visual pipeline, we decode them into an editable, verifiable, and exportable score structure. We focus on complex polyphonic staff notation, especially piano scores, where voice separation and intra-measure timing are the main bottlenecks. Our approach formulates second-stage decoding as a structure decoding problem and uses topology recognition with probability-guided search (BeadSolver) as its core method. We also describe a data strategy that combines procedural generation with recognition-feedback annotations. The result is a practical decoding component for real OMR systems and a path to accumulate structured score data for future end-to-end, multimodal, and RL-style methods.","['cs.SD', 'cs.CV']",http://arxiv.org/abs/2604.20522v1,https://arxiv.org/pdf/2604.20522v1,22/04/2026-13:01:36,"['Nan Xu', 'Shiheng Li', 'Shengchao Hou']",cs.SD
Node-reduction through Joint Optimization of Input and Readout Layers in Photonic Reservoir Equalization,"Photonic reservoir computing is a machine learning paradigm in which a recurrent neural network remains fixed while only the output weights are trained. This makes it a well-suited approach for high-speed signal equalisation in optical communication systems, offering a trainable, low-power, and low-complexity solution. However, achieving strong performance typically requires relatively large network sizes, as learning is confined to the output layer. To address this, we investigate the role of trainable input mappings alongside conventional output weight optimisation. Across a range of short- and mid-reach IM/DD transmission scenarios, reaching up to 200 km for a 28 GBd NRZ signal, improvements of over two orders of magnitude in BER are achieved. This enables halving the network size while maintaining comparable performance. Furthermore, we show that this approach effectively extends the memory of the reservoir, resulting in over three orders of magnitude improvement in memory-intensive tasks. These results also show that starting at 16 nodes a performance of at least one to two magnitudes better than both a complexity matched FFE and a Volterra filter of second order are reached.",['physics.optics'],http://arxiv.org/abs/2604.20519v1,https://arxiv.org/pdf/2604.20519v1,22/04/2026-13:00:24,"['Ruben Van Assche', 'Sarah Masaad', 'Peter Bienstman']",physics.optics
Nonisothermal global-pressure exactness in fractured multiphase flow with evolving fracture aperture,"Global-pressure formulations recast multiphase Darcy flow in terms of a single pressure driving the total flux. Their exact equivalence to phase-pressure formulations, however, holds only when the constitutive data satisfy the compatibility conditions required for a total-differential structure and its generalized nonisothermal extension. In this work, we derive the corresponding exactness criterion for temperature-dependent mobilities and capillary pressures. We show that equivalence is governed by the closure of a mobility-weighted capillary one-form on the augmented state space of saturation and temperature. This yields both the classical compatibility conditions within the saturation sector and a distinct mixed saturation--temperature condition that arises only in the nonisothermal setting. We then incorporate this structure into a reduced matrix--fracture model with heat transport, matrix--fracture thermal exchange, and evolving fracture aperture. Numerical benchmarks recover the three regimes predicted by the theory: globally exact, exact on each fixed-temperature slice but not on the full saturation--temperature space, and fully nonexact. In fractured systems, thermal forcing alone can drive transitions between these regimes, while aperture evolution changes the path through state space. When exactness fails, a least-squares projection performed independently on each fixed-temperature slice provides a conservative scalar-pressure surrogate together with quantitative defect diagnostics. The resulting framework unifies nonisothermal exactness theory, fractured-flow dynamics, and conservative reduced closure within a single global-pressure formulation.",['physics.flu-dyn'],http://arxiv.org/abs/2604.20512v1,https://arxiv.org/pdf/2604.20512v1,22/04/2026-12:54:50,"['Christian Tantardini', 'Fernando Alonso-Marroquin']",physics.flu-dyn
Online Aging-Aware Energy Optimization for Vehicle-Home-Grid Integration,"This paper investigates the economic impact of vehicle-home-grid integration through an online optimization algorithm that manages energy flows between an electric vehicle, a household, and the electrical grid. The algorithm exploits vehicle-to-home (V2H) for self-consumption and vehicle-to-grid (V2G) for energy trading, adapting in real-time via a hybrid long short-term memory (LSTM) network for household load prediction and a nonlinear battery degradation model including cycle and calendar aging. Simulations show annual economic benefits up to EUR 3046.81 compared to smart unidirectional charging, despite a modest 1.96% increase in battery aging. Even under unfavorable market conditions, with no V2G revenue, V2H alone provides yearly savings of EUR 425.48. Sensitivity analyses on battery capacity, household load, and price ratios confirm the consistent benefits of bidirectional energy exchange, highlighting the role of EVs as active energy nodes for sustainable management.","['eess.SY', 'math.OC']",http://arxiv.org/abs/2504.09657v3,https://arxiv.org/pdf/2504.09657v3,13/04/2025-17:11:28,"['Francesco Popolizio', 'Torsten Wik', 'Chih Feng Lee', 'Changfu Zou']",eess.SY
Baudrate- and Reach-Flexible All-Optical Equalization with a Co-Packaged Photonic Reservoir and Receiver,"Intensity-modulation direct-detection links must support increasing baudrates and transmission distances while operating under stringent power and cost constraints. However, as data rates and reaches increase, chromatic dispersion induces stronger inter-symbol interference and, after direct detection, frequency-selective fading, thus requiring increasingly powerful equalization. In conventional receivers, this translates into digital equalization whose complexity scales unfavorably with data rate. Photonic-domain equalization offers a hardware-based alternative that operates naturally at line rate and mitigates frequency fading. However, prior demonstrations were not readily adaptable for different rate and/or reach operation. In this paper, we experimentally demonstrate all-optical equalization across 10-46 Gbaud and 10-250 km SSMF in the C-band enabled solely through retraining of the readout layer, achieving up to four orders of magnitude BER improvement over standard DSP equalization. The demonstrator comprises a 16-node spatially multiplexed reservoir, programmable on-chip readout, and co-packaged receiver front-end. To our knowledge, this is the first co-packaged photonic reservoir receiver and the first demonstration of simultaneous baudrate- and reach-flexible equalization using a fixed-topology integrated photonic circuit.",['physics.optics'],http://arxiv.org/abs/2604.20504v1,https://arxiv.org/pdf/2604.20504v1,22/04/2026-12:44:46,"['Sarah Masaad', 'Jakob Declercq', 'Stijn Sackesyn', 'Ruben Van Assche', 'Hasan Salmanian', 'Andrzej Polatynski', 'Dimitrios Chatzitheocharis', 'Konstantinos Vyrsokinos', 'Tatiana Buriakova', 'Christophe Caillaud', 'Stylianos Sygletos', 'Xin Yin', 'Peter Bienstman']",physics.optics
Reshaping the inner shadow of a Kerr black hole by a torn accretion disk,"When an accretion flow extends to the event horizon, their intersection defines the contour of the inner shadow. However, the morphological evolution of this critical feature remains largely unexplored within a torn accretion disk system, a configuration comprising distinct sub-disks formed when a tilted disk is disrupted by frame-dragging. To address this, we phenomenologically construct a torn accretion disk model and numerically simulate the inner shadow of a Kerr black hole using relativistic backward ray-tracing. We discover that the torn disk geometry profoundly alters the black hole's observational signatures, inducing severe erosion of the inner shadow and generating novel features such as bifurcated shadows, crescent-like structures, and multiple orders of shadow rings. These exotic morphologies, which are predominantly governed by the spatial discontinuity between the sub-disks and the tilt angle of the outer sub-disk, are exceedingly difficult to replicate within standard equatorial accretion paradigms. Our findings demonstrate that these distinctive shadow structures hold significant potential to serve as robust diagnostic probes for torn accretion environments, simultaneously implying that relying solely on the inner shadow to test gravity theories is fundamentally insufficient.","['gr-qc', 'astro-ph.HE']",http://arxiv.org/abs/2604.20499v1,https://arxiv.org/pdf/2604.20499v1,22/04/2026-12:41:34,"['Shiyang Hu', 'Dan Li', 'Chen Deng', 'Kejian He']",gr-qc
Altermagnetic type-II Multiferroics with Néel-order-locked Electric Polarization,"Altermagnetism, an emergent magnetic phase featuring compensated collinear magnetic moments and momentum-dependent spin splittings, has recently garnered widespread interest. A critical issue concerns whether the unconventional spin structures can generate spontaneous electric polarization in altermagnets, thereby achieving type-II multiferroicity. Here, with the combination of symmetry analysis and microscopic theory, we explicitly demonstrate the generation of electric polarization by altermagnetic Néel order, and establish a microscopic mechanism of Néel-order-locked electric polarization in altermagnetic multiferroics.~We further reveal these pronounced magnetoelectric coupling behaviors and classify them into eight distinct categories for two-dimensional altermagnets governed by layer group symmetries. Then we take monolayer MgFe$_2$N$_2$ as a prototypical example of altermagnetic type-II multiferroics by first-principles calculations. We also propose to identify the Néel order and accompanying electric polarization in altermagnetic multiferroics by magneto-optical microscopy. Bridging type-II multiferroics and altermagnets, our work could pave the way for altermagnetic multifunctional spintronics.",['cond-mat.mtrl-sci'],http://arxiv.org/abs/2505.01964v3,https://arxiv.org/pdf/2505.01964v3,04/05/2025-02:27:05,"['Wen-Ti Guo', 'Junqi Xu', 'Yurong Yang', 'Haijun Zhang', 'Huaiqiang Wang']",cond-mat.mtrl-sci
Proof-of-concept of a xenon-based cryogenic heat pump demonstrator for future liquid xenon observatories,"This manuscript details the proof-of-concept of a small-scale cryogenic heat pump demonstrator, a technology designed to enable high-flow xenon distillation systems for the removal of $^{222}$Rn in future liquid xenon observatories such as the XLZD experiment. The heat pump demonstrator operates on a left-turning Clausius-Rankine cycle, utilizing xenon as a phase-changing working medium. The design aims to fully hermetically separate the heat pump from the radon removal system, simplifying material cleanliness and maintenance compared to currently operating systems. Two demonstration tests were conducted at nominal pressures of $3.3\,\mathrm{bar}$ and $4.3\,\mathrm{bar}$, utilizing a cold head and electrical heaters to mimic the behavior of a xenon distillation system. In both measurements, the demonstrator achieved a cooling and heating power of $(118\pm3)\,\mathrm{W}$ and $(121\pm3)\,\mathrm{W}$, respectively. This is sufficient to operate a small distillation system with a virtual purification mass flow of about $3.1\,\mathrm{kg/h}$, while consuming $386\pm1\,\mathrm{W}$ electrical power. Compered to currently operating applications using commercial cold heads driven by helium compressors, which typically require about $6\,\mathrm{kW}$ of electrical power, this is significantly lower. The presented proof-of-concept heat pump demonstrator is further put into perspective with the currently planned XLZD experiment using a simplified scaling model. This model indicates that a radon removal system with a purification mass flow of $1600\,\mathrm{kg/h}$ and a required cooling and heating power of about $60\,\mathrm{kW}$ each, will be sufficient to cover a variety of different detector masses and background conditions.",['physics.ins-det'],http://arxiv.org/abs/2511.05172v2,https://arxiv.org/pdf/2511.05172v2,07/11/2025-11:41:38,"['P. Schulte', 'D. Wenz', 'L. Althueser', 'R. Braun', 'V. Hannen', 'C. Huhmann', 'D. Koke', 'Y. -T. Lin', 'P. Unkhoff', 'C. Weinheimer']",physics.ins-det
Investigation of Nonlinear Collective Dynamics in Relativistic Heavy-Ion Collisions Using A Multi-Phase Transport Model,"The nonlinear response coefficient, $χ_{4,22}$, is a crucial observable for probing the dynamical properties of the quark-gluon plasma (QGP). While traditionally understood as a signature of medium response, recent studies suggest that $χ_{4,22}$ also encapsulates critical information regarding the intrinsic initial-state configuration of the colliding nuclei. In this study, we utilize A Multi-Phase Transport (AMPT) model to investigate the microscopic origin and stage-by-stage development of $χ_{4,22}$ in $^{238}$U+$^{238}$U and $^{197}$Au+$^{197}$Au collisions at $\sqrt{s_{\rm NN}} = 200$ GeV. By tracking the flow observables through the partonic cascade, quark coalescence, and hadronic rescattering phases, we map the translation of initial geometric eccentricities into final-state momentum anisotropies. Our results demonstrate that the absolute magnitude of $χ_{4,22}$ increases continuously during the collective expansion, confirming its nature as a dynamically generated medium response. However, the comparative ratio of this coefficient between the U+U and Au+Au systems is stable across all evolutionary stages within statistical uncertainties. This indicates that the ratio approximately cancels complex evolutionary dynamics to isolate intrinsic geometric correlations present at the initial state. These findings provide compelling theoretical support and crucial insights for recent experimental efforts aiming to extract high-order nuclear structure, such as hexadecapole deformation, using nonlinear flow observables.","['nucl-th', 'nucl-ex']",http://arxiv.org/abs/2604.20493v1,https://arxiv.org/pdf/2604.20493v1,22/04/2026-12:25:53,"['Zhi-Jie Yang', 'Hao-jie Xu', 'Jie Zhao', 'Hanlin Li']",nucl-th
Forecasting Individual NetFlows using a Predictive Masked Graph Autoencoder,"In this paper, we propose a proof-of-concept Graph Neural Network model that can successfully predict network flow-level traffic (NetFlow) by accurately modelling the graph structure and the connection features. We use sliding-windows to split the network traffic in equal-sized heterogeneous bidirectional graphs containing IP, Port, and Connection nodes. We then use the GNN to model the evolution of the graph structure and the connection features. Our approach shows superior results when identifying the Port and IP to which connections attach, while feature reconstruction remains competitive with strong forecasting baselines. Overall, our work showcases the use of GNNs for per-flow NetFlow prediction.","['cs.NI', 'cs.LG']",http://arxiv.org/abs/2604.20483v1,https://arxiv.org/pdf/2604.20483v1,22/04/2026-12:14:29,"['Georgios Anyfantis', 'Pere Barlet-Ros']",cs.NI
Spin-wave hybridization in bismuth iron garnet Mie spheres induced by the inverse Faraday effect,"We show that the inverse Faraday effect can be used to engineer dipole--exchange spin-wave spectra in ferrimagnetic bismuth iron garnet (BIG) Mie spheres. Internal optical Mie resonances generate spatially structured effective magnetic fields whose symmetry is inherited from the optical near field and which act as controllable perturbations of the magnon Hamiltonian. For circularly polarized light incident collinearly with the equilibrium magnetization, the optical perturbation preserves axial symmetry while breaking mirror parity, thereby enabling hybridization of magnon modes with opposite parity within the same $\widehat{J}_z$ sector. Using coupled-mode theory, we derive the corresponding avoided-crossing spectrum and analytical expressions for the induced level splittings, which scale linearly with pump intensity. Numerical calculations for BIG spheres confirm the predicted hybridization and show that the splitting is maximized near optical Mie resonances, where field enhancement and magneto-optical response are strongest. We further discuss the roles of damping, linewidth, and heating, and show that the predicted MHz--hundreds-of-MHz splittings should be observable under realistic conditions. These results identify BIG Mie resonators as a promising platform for symmetry-selective optical control of spin-wave spectra.",['cond-mat.mes-hall'],http://arxiv.org/abs/2604.20479v1,https://arxiv.org/pdf/2604.20479v1,22/04/2026-12:06:58,"['Fedor Shuklin', 'Khristina Albitskaya', 'Alexander Chernov', 'Mihail Petrov']",cond-mat.mes-hall
An Explicit Formula for the Benjamin-Ono Hierarchy with Applications to Traveling Waves and Zero-Dispersion Limits,"In this paper, we first extend the explicit formula \cite{gerard2023explicit} for the classical Benjamin-Ono equation to each flow of the Benjamin-Ono hierarchy on line. We then use this representation to derive two main applications. First, we obtain a complete classification of traveling wave solutions for all higher-order flows in the hierarchy. Second, we analyze the zero-dispersion limit for the corresponding small-dispersion flows. For every fixed time $t\in\mathbb R$, we prove that, at any time, the solution converges weakly in $L^2(\mathbb R)$ as the dispersion parameter tends to $0$, and we provide a geometric characterization of the limit in terms of an alternating sum, which yields the higher-order analogue of the formula obtained in \cite{miller2011zero}, \cite{Gerard2025small} for the Benjamin-Ono equation.",['math.AP'],http://arxiv.org/abs/2604.20464v1,https://arxiv.org/pdf/2604.20464v1,22/04/2026-11:46:26,"['Patrick Gérard', 'Jiao He']",math.AP
Imaging the transverse component of optical near-fields in resonant photonic structures,"We report on imaging the optical near-fields in resonant periodic photonic structures with nanometer resolution using ultrafast 4D scanning transmission electron microscopy (U4DSTEM). In particular, U4DSTEM is applied to visualize the transverse component of the Lorentz force of a synchronous near-field mode excited by an infrared femtosecond pulse in a periodic silicon nanostructure designed for photonic acceleration of electrons. Our results show that in addition to the accelerating/decelerating force acting on the electrons in the longitudinal direction along the electron propagation, the structures can be efficiently used for transverse electron streaking at optical frequencies when excited by light with polarization perpendicular to the electron trajectory. The measured spatial profile of the excited near-field mode intensity is consistent with the numerical simulations performed using finite-difference time domain technique.",['physics.optics'],http://arxiv.org/abs/2604.20463v1,https://arxiv.org/pdf/2604.20463v1,22/04/2026-11:46:03,"['Petr Koutenský', 'Neli Laštovičková Streshkova', 'Stefanie Kraus', 'Peter Hommelhoff', 'Martin Kozák']",physics.optics
Emergence of nonclassical radiation in strongly laser-driven quantum systems,"We present an analytical framework for the emergence of nonclassical radiation in strongly laser-driven quantum systems, with a focus on high-order harmonic generation (HHG). Starting from a Pauli-Fierz description, we employ a parametric factorization of the coupled light-matter wavefunction that reduces the dynamics to coupled equations for a field-driven electronic state and a quantized light mode. Within this framework, we identify a simple and predictive mechanism for nonclassicality: it originates from the nonlinear dependence of the electronic dipole response on the light-mode coordinate. An approximately constant dipole yields coherent radiation, a linear dependence produces squeezing, and higher-order nonlinearities give rise to Wigner-function negativity. We illustrate this mechanism for atomic and molecular model systems and analyze its scaling in multi-emitter configurations, indicating routes toward high-photon-number nonclassical radiation in HHG. Our results provide a transparent connection between strong-field dynamics and quantum-optical properties of emitted light, offering a basis for engineering nonclassical states in intense laser-matter interactions.","['quant-ph', 'physics.atom-ph']",http://arxiv.org/abs/2512.23156v2,https://arxiv.org/pdf/2512.23156v2,29/12/2025-02:38:20,"['Ivan Gonoskov', 'Christian Hünecke', 'Stefanie Gräfe']",quant-ph
SLICE -- Combining Strong Lensing and X-ray in AC 114. Further Insights into the Merger Scenario,"AC114 is a historically significant galaxy cluster, being one of the first strong lensing clusters detected from the ground in the early 1990s, prior to the launch of the HST. Despite this early prominence, no detailed lensing analyses have been carried out for more than fifteen years. We here study this cluster using JWST imaging obtained as part of the SLICE program, complemented by archival HST and X-ray observations. JWST data reveal ten new multiply imaged systems and enable the identification of conjugate substructures in several of the sixteen systems, significantly increasing the number of strong lensing constraints. Using these data, we construct a parametric mass model with Lenstool and extend it by explicitly incorporating the Chandra data in a combined strong lensing+X-ray fit. Our best-fit model reproduces the multiple images with an RMS of 0.4"" while simultaneously matching the X-ray data. The dark matter distribution is unimodal and centered on the brightest cluster galaxy, with a large core radius of 83+-5kpc, consistent with values reported in other strong lensing clusters. The strong lensing constraints require the inclusion of an external shear component which position angle points unambiguously towards a nearby (~1Mpc), well defined mass concentration at the same redshift in the North-West, for which we propose the naming AC114b. The spatial coverage of the XMM-Newton data encompasses the whole structure, allowing us to probe the X-ray properties of the companion cluster and the thermodynamics of AC114, providing evidence for a major merger, in line with previous signatures seen in Chandra, radio and optical spectroscopic data. Our results shed new light on the merging scenario, revealing a major merger caught in a late post-collisional phase, where AC114 is the dominant system and Ac114b has likely been stripped of its hot gas.",['astro-ph.CO'],http://arxiv.org/abs/2512.09512v2,https://arxiv.org/pdf/2512.09512v2,10/12/2025-10:36:06,"['Marceau Limousin', 'Benjamin Beauchesne', 'Keren Sharon', 'Dominique Eckert', 'Guillaume Mahler', 'Johan Richard', 'David Lagattuta', 'Gourav Khullar', 'Mathilde Jauzac', 'Mike Gladders', 'Marco Balboni', 'Fabio Gastaldello', 'Stefano Ettori', 'Catherine Cerny', 'Eric Jullo', 'Gavin Leroy', 'Nency Patel']",astro-ph.CO
Control Over Fano Parameter in Grating and One-Dimensional Photonic Crystal Cavity,"Fano resonances are sharp asymmetrical spectral peaks which are now ubiquitous in nanophotonics. The high sensitivity of these resonances to system parameter has been exploited to improve light matter interaction and in applications such as sensing, filters and on-chip processing. The ability to dynamically change the Fano slope and spectral phase would enable optimization of the device parameters post fabrication for various applications. Here we demonstrate such a control over the Fano resonance in a one-dimensional photonics crystal cavity integrated on a silicon waveguide -grating platform. In our device, Fano resonance arises due to interference between cavity mode and an oscillatory background due to grating coupler. The dynamics tuning of Fano asymmetric parameter is achieved using thermos-optic effect in silicon. We experimentally tune the Fano parameter from ~-3.2 to +1.7 achieving a highest extinction ratio of 21.6 dB and spectral slope of 108dB/nm. All the above is achieved in an ultra-compact design with simple fabrication and with multiple cavities or feedback elements. The steep slope offers distinct advantage over conventional cavity for sensing and modulation applications and the tunability enables dynamic control over gain, dynamic range, bandwidth and noise coupling.","['physics.optics', 'cond-mat.mes-hall']",http://arxiv.org/abs/2604.20451v1,https://arxiv.org/pdf/2604.20451v1,22/04/2026-11:14:09,"['Pratip Ghosh', 'Akshay K. Naik']",physics.optics
From Diffusion to Flow: Efficient Motion Generation in MotionGPT3,"Recent text-driven motion generation methods span both discrete token-based approaches and continuous-latent formulations. MotionGPT3 exemplifies the latter paradigm, combining a learned continuous motion latent space with a diffusion-based prior for text-conditioned synthesis. While rectified flow objectives have recently demonstrated favorable convergence and inference-time properties relative to diffusion in image and audio generation, it remains unclear whether these advantages transfer cleanly to the motion generation setting. In this work, we conduct a controlled empirical study comparing diffusion and rectified flow objectives within the MotionGPT3 framework. By holding the model architecture, training protocol, and evaluation setup fixed, we isolate the effect of the generative objective on training dynamics, final performance, and inference efficiency. Experiments on the HumanML3D dataset show that rectified flow converges in fewer training epochs, reaches strong test performance earlier, and matches or exceeds diffusion-based motion quality under identical conditions. Moreover, flow-based priors exhibit stable behavior across a wide range of inference step counts and achieve competitive quality with fewer sampling steps, yielding improved efficiency-quality trade-offs. Overall, our results suggest that several known benefits of rectified flow objectives do extend to continuous-latent text-to-motion generation, highlighting the importance of the training objective choice in motion priors.","['cs.CV', 'cs.LG']",http://arxiv.org/abs/2603.26747v2,https://arxiv.org/pdf/2603.26747v2,23/03/2026-09:44:07,"['Jaymin Ban', 'JiHong Jeon', 'SangYeop Jeong']",cs.CV
Compactness of Moduli Spaces of Gradient Flow Lines in the Uniform Topology,"We prove a compactness result for gradient flow lines in a general set-up which comprises both the situation of Morse gradient flow lines as well as Floer cylinders converging to a critical submanifold respectively. For the compactness result we have to impose two conditions. Both are readily verified in the Morse case but establishing the second condition in the Floer case poses a technical challenge and relies on an exponential decay estimate for Floer cylinders, with coefficient function continuously depending on the initial loop. This is a result of independent interest.",['math.SG'],http://arxiv.org/abs/2604.01009v2,https://arxiv.org/pdf/2604.01009v2,01/04/2026-15:14:56,['Tom Stalljohann'],math.SG
The Optical and Infrared Are Connected,"Galaxies are often modelled as composites of separable components with distinct spectral signatures, implying that different wavelength ranges are only weakly correlated. They are not. We present a data-driven model which exploits subtle correlations between physical processes to accurately predict infrared (IR) WISE photometry from a neural summary of optical SDSS spectra. The model achieves accuracies of $χ^2_N \approx 1$ for all photometric bands in WISE, as well as good colors. We are able to tightly constrain typically IR-derived properties, e.g., the bolometric luminosities of AGN and dust parameters such as $\mathrm{q_{PAH}}$. We also test whether current SED-fitting methods reproduce such panchromatic relations, but find their predictions biased and overconfident, likely due to model misspecification, with correlated biases in star-formation rates and AGN luminosities being most evident. To help improve SED models, we determine which features of the optical spectrum are responsible for our improved predictions, and identify several lines (CaII, SrII, FeI, [OII] and H$α$), which point to the complex chronology of star formation and chemical enrichment being incorrectly modelled.","['astro-ph.GA', 'cs.LG']",http://arxiv.org/abs/2503.03816v2,https://arxiv.org/pdf/2503.03816v2,05/03/2025-19:00:01,"['Christian K. Jespersen', 'Peter Melchior', 'David N. Spergel', 'Andy D. Goulding', 'ChangHoon Hahn', 'Kartheik G. Iyer']",astro-ph.GA
Advanced mirror shapes for mode enhancement in plano-concave cavities,"Optical cavities are frequently used in quantum technologies to enhance light matter interactions, with applications including single photon generation and entanglement of distant emitters. The Fabry-Pérot resonator is a popular choice for its high optical access and large emitter-mirror separation. A typical configuration, particularly for emitters that should not be placed close to the mirror surface like trapped ions and Rydberg atoms, features two spherical mirrors placed around a central emitter, but this arrangement can put demanding requirements on the mirror alignment. In contrast, plano-concave cavities are tolerant to mirror misalignment and only require the manufacture of one curved mirror, but have limited ability to focus light in the centre of the cavity. Here we show how mirror shaping can overcome this limitation of plano-concave cavities while preserving the key advantages. We demonstrate through numerical simulations that simple mirror shaping can increase coupling between a plano-concave cavity and a central emitter by an order of magnitude, even rivalling misalignment-sensitive concave-concave counterparts for achievable interaction strength. We use these observations to establish the conditions under which plano-concave cavities with shaped mirrors could improve the performance and practicality of emitter-cavity systems.",['physics.optics'],http://arxiv.org/abs/2510.07251v3,https://arxiv.org/pdf/2510.07251v3,08/10/2025-17:16:49,"['William James Hughes', 'Peter Horak']",physics.optics
Quantum Optical Signatures of Band Topology in Solid-State High Harmonics,"We develop a general theory of high-harmonic generation (HHG) in solid-state systems, based on a weak-correlation expansion of photonic and matter degrees of freedom. Unlike standard HHG theories, which treat light-matter dynamics through the Schrodinger equation, our approach employs density-matrix evolution, naturally capturing the mixed-state character of both the field and the matter - a critical aspect for describing complex solid-state band structures. We show explicitly that the properties of the emitted fields are governed by the quantum statistics and quantum geometry of the underlying solid. Taking the Su-Schrieffer-Heeger (SSH) model in a one-sided optical cavity as a paradigmatic example and considering the dual regime, we demonstrate that in the topological phase a system exhibits a stronger HHG response and stronger quantum-light signatures than in the trivial phase. Furthermore, we show that cavity-matter interaction gives rise to squeezed high-harmonic quantum light, whose properties are directly imprinted by the current-current fluctuations in the material system. Crucially, the observed squeezing does not rely on a separate quartic Kerr mechanism. In the mesoscopic regime, the genuine quantum Kerr term is higher order in light-matter coupling strength and negligible, while the relevant non-classical effect is governed by current-current fluctuations encoded in the complex susceptibility of the material. This work establishes a direct link between band topology and photon statistics, opening new avenues for topology-sensitive quantum light generation and photon statistics based spectroscopy of solid-state systems.","['cond-mat.mes-hall', 'physics.optics']",http://arxiv.org/abs/2604.20388v1,https://arxiv.org/pdf/2604.20388v1,22/04/2026-09:43:25,"['Denis Ilin', 'Alexander S. Solntsev', 'Ivan Iorsh']",cond-mat.mes-hall
Optical transients from non-explosive double white-dwarf mergers: the case of a central neutron star remnant,"Discoveries of ultra-massive magnetic white dwarfs (WDs) and peculiar pulsars have been proposed to originate in double white dwarf (DWD) mergers. There are three possible post-merger central remnants of non-explosive mergers: 1) a stable sub-Chandrasekhar WD; 2) a rapidly rotating super-Chandrasekhar WD; 3) a neutron star (NS). In this work, we explore the thermal transient arising from non-explosive DWD mergers that leave an NS remnant from the prompt collapse of the merged core. The transient is powered by the cooling of the expanding dynamical ejecta, with energy injection from magnetic dipole radiation, which depends on the dipole factor $D = B_d^2/P_0^4$, with $B_d$ and $P_0$ being the surface magnetic field strength and initial rotation period of the newborn NS. We simulate lightcurves in the Legacy Survey of Space and Time (LSST) bands and estimate the horizon and detection rates for these transients across a range of model parameters. We find LSST detection horizons upper limits ranging $30$--$820$ Mpc and corresponding detection rates $10^2$--$10^6$ yr$^{-1}$ for $\log D = 24$--$40$. Accounting for the survey cadence, we find that only configurations with $\log D = 36$--$40$ are detectable within $240$--$760$ Mpc, with detection rates $10^4$--$10^5$ yr$^{-1}$. Combined searches across surveys can compensate for the low cadence and improve the detection rates of fast and less energetic sources. Multi-wavelength campaigns can aid in detecting the spindown radiation at higher energies observable after the optical transient. Observations of these transients will provide direct evidence of the non-explosive DWD mergers, characterise the remnants and progenitor parameters, and the fraction of explosive and non-explosive mergers.",['astro-ph.HE'],http://arxiv.org/abs/2603.17505v3,https://arxiv.org/pdf/2603.17505v3,18/03/2026-09:07:53,"['M. M. Ridha Fathima', 'Alexandre M. R. Almeida', 'Mattia Bulla', 'Jaziel G. Coelho', 'Cristiano Guidorzi', 'Jorge A. Rueda']",astro-ph.HE
A Loewner-Nirenberg phenomena for Ricci flow on compact manifolds with boundary.II,"This is a continuation of the research in [16]. Let $(\overline{M},g_{-1})$ be a closed geodesic $r_0$-ball in the hyperbolic space $(\mathbb{H}^n,g_{-1})$. Let $m\neq1$ be a positive constant. In this paper, we show that for $n\geq3$, starting from the metric $m g_{-1}$ on $\overline{M}$, with certain prescribed non-decreasing rotationally symmetric mean curvature and the fixed conformal class $[g_{\mathbb{S}^{n-1}}]$ on the boundary $\partial M$, the solution $g(t)$ to the normalized Ricci flow $(1.2)$ which is continuous up to the boundary, exists for all $t>0$, and converges locally uniformly in the interior $M$ of $\overline{M}$ to a complete hyperbolic metric as $t\to\infty$(see Theorem 1.1 for details). Under some additional conditions, we show the same conclusion holds for $n=2$.","['math.DG', 'math.AP']",http://arxiv.org/abs/2604.20383v1,https://arxiv.org/pdf/2604.20383v1,22/04/2026-09:33:19,['Gang Li'],math.DG
Graph2Counsel: Clinically Grounded Synthetic Counseling Dialogue Generation from Client Psychological Graphs,"Rising demand for mental health support has increased interest in using Large Language Models (LLMs) for counseling. However, adapting LLMs to this high-risk safety-critical domain is hindered by the scarcity of real-world counseling data due to privacy constraints. Synthetic datasets provide a promising alternative, but existing approaches often rely on unstructured or semi-structured text inputs and overlook structural dependencies between a client's cognitive, emotional, and behavioral states, often producing psychologically inconsistent interactions and reducing data realism and quality. We introduce Graph2Counsel, a framework for generating synthetic counseling sessions grounded in Client Psychological Graphs (CPGs) that encode relationships among clients' thoughts, emotions, and behaviors. Graph2Counsel employs a structured prompting pipeline guided by counselor strategies and CPG, and explores prompting strategies including CoT (Wei et al., 2022) and Multi-Agent Feedback (Li et al., 2025a). Graph2Counsel produces 760 sessions from 76 CPGs across diverse client profiles. In expert evaluation, our dataset outperforms prior datasets on specificity, counselor competence, authenticity, conversational flow, and safety, with substantial inter-annotator agreement (Krippendorff's $α$ = 0.70). Fine-tuning an open-source model on this dataset improves performance on CounselingBench (Nguyen et al., 2025) and CounselBench (Li et al., 2025b), showing downstream utility. We also make our code and data public.",['cs.CL'],http://arxiv.org/abs/2604.20382v1,https://arxiv.org/pdf/2604.20382v1,22/04/2026-09:31:56,"['Aishik Mandal', 'Hiba Arnaout', 'Clarissa W. Ong', 'Juliet Bockhorst', 'Kate Sheehan', 'Rachael Moldow', 'Tanmoy Chakraborty', 'Iryna Gurevych']",cs.CL
Emergence of Transport Regimes from the Axial Field-Induced Interfacial Gradients in Uniform Surface Potential Nanopores,"Gate-modulated nanopores have emerged as a promising platform for achieving ion selectivity and ionic current rectification (ICR) with the advantage of active field-based control. However, the mechanistic origin of these experimentally reported phenomena, arising from electrostatic coupling between the prescribed radial pore surface potential and the axial transmembrane electric field, remains insufficiently understood. Here, using coupled Poisson--Nernst--Planck and Navier--Stokes simulations supported by asymptotic analysis, we show that a uniform surface potential inherently interacts with the axial driving field to generate a three-dimensional, axially nonuniform electric double layer (EDL). This field-induced EDL heterogeneity effectively mimics a linear axial variation in zeta potential, breaking translational symmetry within an otherwise uniform pore. As a result, the system exhibits coupled electrokinetic responses, including ion selectivity, ionic current rectification, and non-canonical electroosmotic flow, all governed by a single asymmetry parameter $α$ derived from the EDL structure. Critical transitions occur at specific values of $α$; in particular, at $α=0$, the EDL becomes axially antisymmetric, leading to reversal of ion selectivity, significant ICR and the emergence of a peculiar negative electroosmotic flow rectification accompanied by internal vortical structures. These findings establish the electrostatic mechanism for axial symmetry breaking as the underlying principle for transport in voltage-gated nanopores, enabling a unified framework for designing tunable electrokinetic functionalities beyond geometry- and chemistry-based strategies.",['physics.flu-dyn'],http://arxiv.org/abs/2604.20379v1,https://arxiv.org/pdf/2604.20379v1,22/04/2026-09:28:02,"['Pramodt Srinivasula', 'Doyel Pandey']",physics.flu-dyn
A Loewner-Nirenberg phenomena for Ricci flow on compact manifolds with boundary,"In this paper, we show that starting from a geodesic ball $\overline{B_{r_0}}(0)$ in $\mathbb{H}^n$, for $n\geq3$, with prescribed non-decreasing rotationally symmetric mean curvature and the fixed conformal class $[g_{\mathbb{S}^{n-1}}]$ on the boundary, the solution $g(t)$ to the normalized Ricci flow $(1.2)$ which is continuous up to the boundary, exists for all $t>0$ and converges locally uniformly in $B_{r_0}(0)$ to a complete hyperbolic metric as $t\to\infty$(see Theorem 1.2 for details). Moreover, the sectional curvature of $g(t)$ maintains less than $-1$ for $t>0$. For dimension $2$, to achieve such a convergence result, we need the additional assumption that the mean curvature on the boundary increases in a certain speed to infinity as $t\to\infty$.","['math.DG', 'math.AP']",http://arxiv.org/abs/2604.20375v1,https://arxiv.org/pdf/2604.20375v1,22/04/2026-09:21:38,['Gang Li'],math.DG
Nonequilibrium protection effect and spatial localization of noise-induced fluctuations: Quasi-one-dimensional driven lattice gas with partially penetrable obstacle,"We consider a nonequilibrium transition that leads to the formation of nonlinear steady-state structures due to the gas flow scattering on a partially penetrable obstacle. The resulting nonequilibrium steady state (NESS) corresponds to a two-domain gas structure attained at certain critical parameters. We use a simple mean-field model of the driven lattice gas with ring topology to demonstrate that this transition is accompanied by the emergence of local invariants related to a complex composed of the obstacle and its nearest gas surrounding, which we refer to as obstacle edges. These invariants are independent of the main system parameters and behave as local first integrals, at least qualitatively. As a result, the complex becomes insensitive to the noise of external driving field within the overcritical domain. The emerged invariants describe the conservation of the number of particles inside the obstacle and strong temporal synchronization or correlation of gas states at obstacle edges. Such synchronization guarantees the equality to zero of the total edge current at any time. The robustness against external drive fluctuations is shown to be accompanied by strong spatial localization of induced gas fluctuations near the domain wall separating the depleted and dense gas phases. Such a behavior can be associated with nonequilibrium protection effect and synchronization of edges. The transition rates between different NESSs are shown to be different. The relaxation rates from one NESS to another take complex and real values in the sub- and overcritical regimes, respectively. The mechanism of these transitions is governed by the generation of shock waves at the back side of the obstacle. In the subcritical regime, these solitary waves are generated sequentially many times, while only a single excitation is sufficient to rearrange the system state in the overcritical regime.",['cond-mat.stat-mech'],http://arxiv.org/abs/2311.11658v6,https://arxiv.org/pdf/2311.11658v6,20/11/2023-10:48:59,"['S. P. Lukyanets', 'O. V. Kliushnichenko']",cond-mat.stat-mech
AI models of unstable flow exhibit hallucination,"We report the first systematic evidence of hallucination in AI models of fluid dynamics, demonstrated in the canonical problem of hydrodynamically unstable transport known as viscous fingering. AI-based modeling of flow with instabilities remains challenging because rapidly evolving, multiscale fingering patterns are difficult to resolve accurately. We identify solutions that appear visually realistic yet are physically implausible, analogous to hallucinations in large language models. These hallucinations manifest as spurious fluid interfaces and reverse diffusion that violate conservation laws. We show that their origin lies in the spectral bias of AI models, which becomes dominant at high flow rates and viscosity contrasts. Guided by this insight, we introduce DeepFingers, a new framework for AI-driven fluid dynamics that enforces balanced learning across the full spectrum of spatial modes by combining the Fourier Neural Operator with a Deep Operator Network to predict the spatiotemporal evolution of viscous fingers. By conditioning on both time and viscosity contrast, DeepFingers learns mappings between successive concentration fields across regimes. The framework accurately captures tip splitting, finger merging, and channel formation while preserving global metrics of mixing. The results open a new research direction to investigate fundamental limitations in AI models of physical systems.","['physics.flu-dyn', 'cs.AI', 'cs.LG', 'nlin.PS']",http://arxiv.org/abs/2604.20372v1,https://arxiv.org/pdf/2604.20372v1,22/04/2026-09:12:23,"['Ramdhan Wibawa', 'Birendra Jha']",physics.flu-dyn
OnSiteVRU: A High-Resolution Trajectory Dataset for High-Density Vulnerable Road Users,"With the acceleration of urbanization and the growth of transportation demands, the safety of vulnerable road users (VRUs, such as pedestrians and cyclists) in mixed traffic flows has become increasingly prominent, necessitating high-precision and diverse trajectory data to support the development and optimization of autonomous driving systems. However, existing datasets fall short in capturing the diversity and dynamics of VRU behaviors, making it difficult to meet the research demands of complex traffic environments. To address this gap, this study developed the OnSiteVRU datasets, which cover a variety of scenarios, including intersections, road segments, and urban villages. These datasets provide trajectory data for motor vehicles, electric bicycles, and human-powered bicycles, totaling approximately 17,429 trajectories with a precision of 0.04 seconds. The datasets integrate both aerial-view natural driving data and onboard real-time dynamic detection data, along with environmental information such as traffic signals, obstacles, and real-time maps, enabling a comprehensive reconstruction of interaction events. The results demonstrate that VRU\_Data outperforms traditional datasets in terms of VRU density and scene coverage, offering a more comprehensive representation of VRU behavioral characteristics. This provides critical support for traffic flow modeling, trajectory prediction, and autonomous driving virtual testing. The dataset is publicly available for download at:
  https://www.kaggle.com/datasets/zcyan2/mixed-traffic-trajectory-dataset-in-from-shanghai.","['cs.CV', 'cs.RO']",http://arxiv.org/abs/2503.23365v2,https://arxiv.org/pdf/2503.23365v2,30/03/2025-08:44:55,"['Zhangcun Yan', 'Jianqing Li', 'Peng Hang', 'Jian Sun']",cs.CV
Fluctuation-driven multi-step charge density wave transition in monolayer TiSe$_2$,"The exact microscopic origin, symmetry, and thermal melting mechanism of the charge density wave (CDW) phase in TiSe$_{2}$ remain a subject of intense debate, particularly regarding the presence of chiral structural order and a multi-step phase transition. Here, we resolve the finite-temperature structural dynamics of the monolayer TiSe$_{2}$ using large-scale molecular dynamics simulations driven by an accurate, first-principles-trained machine-learning interatomic potential. We demonstrate that the CDW melting deviates from a conventional second-order phase transition, while it undergoes a two-step melting process characterised by an extended fluctuation regime between $T^{\ast}\approx200$ K and $T_{\mathrm{CDW}}\approx250$ K, with proliferation of topological defects and domain walls, and accompanied by a completely overdamped soft optical phonon. Furthermore, we reveal that anisotropic long-wavelength thermal fluctuations spontaneously stabilise an asymmetric $3Q$ chiral CDW order with $C2$ symmetry. These findings provide a unified microscopic framework for understanding complex fluctuation-driven phase transitions in 2D quantum materials, demonstrating that the intricate CDW physics of TiSe$_{2}$ can be largely captured without invoking excitonic correlations.",['cond-mat.mtrl-sci'],http://arxiv.org/abs/2604.20355v1,https://arxiv.org/pdf/2604.20355v1,22/04/2026-08:57:42,"['Luka Benić', 'Dino Novko', 'Ivor Lončarić']",cond-mat.mtrl-sci
XRF 241001A/SN 2024aiiq: A Faint Soft X-ray Transient Detected by SVOM with a Broad-Line Type Ic Supernova Revealed by JWST,"X-ray flashes (XRFs) are a type of gamma-ray bursts (GRBs) with prompt emission predominantly below 30 keV poorly detected by previous missions. The advent of the SVOM mission, with its wide-field instrument ECLAIRs, provides a new way to detect soft X-ray transients such as XRFs. We present photometric and spectroscopic observations of XRF 241001A detected by SVOM, a soft, sub-luminous, and low-energetic burst located in a poorly populated region of the Amati relation. We investigate the origin of its faint, soft high-energy emission to assess its connection to the long GRB population. We analyze the SVOM/ECLAIRs prompt emission and model its afterglow emission from X-ray to-radio. We present JWST/NIRSpec and SVOM/VT observations of the associated supernova (SN 2024aiiq), which we model with an Arnett radioactive decay component and compare its properties with previously detected GRB/SNe. XRF 241001A is located at z = 0.573 and has a prompt emission dominated by photons below 20 keV with a duration of T90 = 3.14 seconds. Its spectrum can be modeled by non-thermal or thermal models, all pointing towards a low Epeak < 10 keV and Eiso ~ 8x10^49 erg. The X-ray-to-radio afterglow modeling favors an origin from a relativistic jet viewed on-axis. In the optical, XRF 241001A exhibits an early blue emission, similar to that detected in some fast X-ray transients and inconsistent with synchrotron emission. The JWST/NIRSpec observations firmly established its collapsar origin by revealing a SN Type Ic with broad lines, comparable to SN 1998bw and SN 2025kg-like events. XRF 241001A is a soft, low-luminosity collapsar event produced by a weak relativistic jet observed on-axis, supporting the view that part of the XRF population forms the low-energy tail of the long GRB population. It demonstrates the potential of SVOM/ECLAIRs to probe the soft regime of the high-energy transient population.",['astro-ph.HE'],http://arxiv.org/abs/2604.20346v1,https://arxiv.org/pdf/2604.20346v1,22/04/2026-08:43:40,"['B. Schneider', 'M. Brunet', 'B. P. Gompertz', 'D. Turpin', 'D. B. Malesani', 'O. Godet', 'A. J. Levan', 'F. Daigne', 'N. Sarin', 'N. A. Rakotondrainibe', 'A. Martin-Carrillo', 'J. T. Palmerio', 'C. C. Thöne', 'H. L. Li', 'A. Saccardi', 'A. de Ugarte Postigo', 'S. Antier', 'V. Buat', 'D. Ďurovčíková', 'L. Izzo', 'J. K. Leung', 'G. Mo', 'Y. L. Qiu', 'S. D. Vergani', 'J. Wang', 'J. Y. Wei', 'L. P. Xin', 'R. Mochkovitch', 'B. Zhang', 'H. B. Cai', 'S. Campana', 'A. Coleiro', 'B. Cordier', ""P. D'Avanzo"", 'N. Dagoneau', ""V. D'Elia"", 'Y. W. Dong', 'D. Götz', 'S. Guillot', 'X. H. Han', 'D. H. Hartmann', 'L. Huang', 'Y. F. Huang', 'P. Jakobsson', 'A. Klotz', 'C. Lachaud', 'X. M. Lu', 'P. Maggi', 'M. De Pasquale', 'F. Piron', 'R. Salvaterra', 'S. Schanne', 'J. Sollerman', 'N. R. Tanvir', 'Z. Vidadi', 'P. Wang', 'C. Wu', 'S. L. Xiong', 'Y. Xu', 'T. Zafar', 'P. P. Zhang', 'S. N. Zhang', 'S. J. Zheng']",astro-ph.HE
POLARIS: A Sparse Radial Neutrino Telescope Design for the Pacific Ocean,"The cubic-kilometer neutrino telescopes have opened neutrino astronomy as an observational discipline. The recent detection of KM3-230213A, the highest-energy neutrino ever observed at ~220 PeV, as a near-horizontal muon track underscores that the ultra-high-energy frontier is accessed through horizontal directions where the Earth's opacity above ~100 TeV confines the observable sky to a narrow band around and above the horizon. Yet extending general-purpose detector architectures into this regime requires disproportionate increases in instrumentation, cost, and logistical complexity. A compelling alternative is to deploy specialized detectors that target this natural geometry. POLARIS (Pacific Ocean Large Area Radial Instrumented Sparse array) is a sparse planar deep-water Cherenkov array optimized for neutrino-induced muon tracks from horizontal directions in the multi-TeV to PeV regime. By rotating the conventional vertical string layout into a radial planar configuration, the detector presents maximal cross-section to horizontal tracks while naturally suppressing the down-going atmospheric background. With only 1100 optical modules, the five-arm design reaches point source and diffuse flux sensitivities at PeV energies competitive with detectors deploying several times more instrumentation. As a dedicated $ν_μ$ track detector, POLARIS provides the muon-flavor channel that tau-optimized experiments such as TAMBO and Trinity do not cover, enabling full flavor composition measurements from astrophysical sources. Using the Prometheus simulation framework, this study demonstrates that targeted sparse geometries can open new discovery space at the high-energy frontier at a fraction of the cost of general-purpose arrays.",['astro-ph.HE'],http://arxiv.org/abs/2604.12521v2,https://arxiv.org/pdf/2604.12521v2,14/04/2026-09:55:24,"['Karolin Hymon', 'Alexander Chen', 'Meng-Xue Tsai', 'Wan-Ting Hseu', 'Tzu-Hsuan Su', 'Anatoli Fedynitch']",astro-ph.HE
Column Generation for the Optimization of Switching in Repeaterless Quantum Networks,"Efficient resource allocation and optical switching promise high key rates, network adaptability, and cost reduction in repeaterless quantum communication networks. However, identifying optimal switching configurations remains a significant challenge due to the combinatorial complexity. We introduce a novel graph formulation to model the physical and logical structure of repeaterless quantum networks, enabling the systematic optimization of switching strategies. The problem is posed as a linear program and solved using a column generation approach. This method enables scalable computation despite the exponential number of possible network configurations. Our results not only provide a formal foundation but also a practical algorithm for the optimization of switching. Empirical tests confirm the solver's scalability with network size, demonstrating the framework's effectiveness and laying the groundwork for future optimization of quantum network control.","['quant-ph', 'cs.NI']",http://arxiv.org/abs/2604.20338v1,https://arxiv.org/pdf/2604.20338v1,22/04/2026-08:33:21,"['Álvaro Troyano Olivas', 'Andrés Agustí Casado', 'Hans H. Brunner', 'Chi-Hang Fred Fung', 'Momtchil Peev', 'Laura Ortiz', 'Vicente Martin']",quant-ph
Stability-Driven Motion Generation for Object-Guided Human-Human Co-Manipulation,"Co-manipulation requires multiple humans to synchronize their motions with a shared object while ensuring reasonable interactions, maintaining natural poses, and preserving stable states. However, most existing motion generation approaches are designed for single-character scenarios or fail to account for payload-induced dynamics. In this work, we propose a flow-matching framework that ensures the generated co-manipulation motions align with the intended goals while maintaining naturalness and effectiveness. Specifically, we first introduce a generative model that derives explicit manipulation strategies from the object's affordance and spatial configuration, which guide the motion flow toward successful manipulation. To improve motion quality, we then design an adversarial interaction prior that promotes natural individual poses and realistic inter-person interactions during co-manipulation. In addition, we also incorporate a stability-driven simulation into the flow matching process, which refines unstable interaction states through sampling-based optimization and directly adjusts the vector field regression to promote more effective manipulation. The experimental results demonstrate that our method achieves higher contact accuracy, lower penetration, and better distributional fidelity compared to state-of-the-art human-object interaction baselines. The code is available at https://github.com/boycehbz/StaCOM.","['cs.CV', 'cs.GR']",http://arxiv.org/abs/2604.20336v1,https://arxiv.org/pdf/2604.20336v1,22/04/2026-08:31:40,"['Jiahao Xu', 'Xiaohan Yuan', 'Xingchen Wu', 'Chongyang Xu', 'Kun Li', 'Buzhen Huang']",cs.CV
Properties and limitations of geometric tempering for gradient flow dynamics,"We consider the problem of sampling from a probability distribution $π$. It is well known that this can be written as an optimisation problem over the space of probability distributions in which we aim to minimise the Kullback--Leibler divergence from $π$.
  We consider the effect of replacing $π$ with a sequence of moving targets $(π_t)_{t\ge0}$ defined via geometric tempering on the Wasserstein and Fisher--Rao gradient flows.
  We show that convergence occurs exponentially in continuous time, providing novel bounds in both cases. We also consider popular time discretisations and explore their convergence properties.
  We show that in the Fisher--Rao case, replacing the target distribution with a geometric mixture of initial and target distribution never leads to a convergence speed up both in continuous time and in discrete time. Finally, we explore the gradient flow structure of tempered dynamics and derive novel adaptive tempering schedules.","['stat.ML', 'cs.LG', 'stat.CO', 'stat.ME']",http://arxiv.org/abs/2604.20301v1,https://arxiv.org/pdf/2604.20301v1,22/04/2026-07:59:28,"['Francesca Romana Crucinio', 'Sahani Pathiraja']",stat.ML
Metasurface-based Terahertz Three-dimensional Holography Enabled by Physics-Informed Neural Network,"Artificial intelligence has revolutionized optical device design, overcoming the efficiency bottlenecks of traditional methods. For holographic metasurfaces, conventional iterative algorithms suffer from time-consuming iterations and convergence stagnation, especially as the complexity of 3D target fields increases. While recent deep-learning-based algorithms have improved the trade-off between speed and image quality, most existing models remain constrained by predefined physical scenarios (e.g., fixed distances), limiting their adaptability in dynamic practical applications. To address these challenges, we propose a physics-informed neural network (PINN) based on local polynomial fitting and multi-plane wave propagation (LM-PINN) for the rapid design of terahertz 3D holographic metasurfaces. By leveraging a self-supervised training strategy, LM-PINN eliminates the need for labeled datasets, enabling direct end-to-end mapping from target holographic patterns to the metasurface structures. Both simulated and experimental results demonstrate that LM-PINN-designed metasurfaces offer higher imaging quality than traditional iterative algorithms. Crucially, by incorporating a distance encoding process, a single trained LM-PINN generalizes effectively across diverse physical configurations, including varying diffraction distances and distinct 2D or 3D targets, eliminating the necessity for retraining. Furthermore, the inference process of LM-PINN typically takes less than 1 second, providing a multifold speed advantage over traditional algorithms. Consequently, this strategy offers a robust and universal framework that paves the way for high-quality, real-time, and large-scale 3D holographic technologies.","['physics.optics', 'physics.class-ph']",http://arxiv.org/abs/2601.01221v3,https://arxiv.org/pdf/2601.01221v3,03/01/2026-16:02:50,"['Jingzhu Shao', 'Ping Tang', 'Borui Xu', 'Xiangyu Zhao', 'Yudong Tian', 'Yuqing Liu', 'Chongzhao Wu']",physics.optics
Engineering strong coupling in ultra-compact photonic crystal/2D material platforms,"Sub-wavelength thick photonic crystal (PhC) slabs coupled to 2D excitonic materials, such as transition metal dichalcogenides (TMDs), are a promising platform for highly tunable, room-temperature, on-chip optoelectronic devices. Unlike conventional Fabry-Perot microcavities, these compact open cavities exhibit non-trivial electric field profiles, leading to spatially distinct regions of weak and strong coupling with excitons within the PhC unit cell. Using coupled mode theory and rigorous solutions to Maxwell's equations, we investigate how the PhC geometry can be used to control these coexisting exciton/polariton contributions and tailor the resulting optical spectra. For large filling factors, i.e., small air gaps, we show that PhC polaritons can be modeled as dark waveguide modes brightened via the periodicity of the PhC slab. Furthermore, by spatially patterning the TMD monolayer based on the local field intensity, we reveal the simultaneous presence of excitons in both the weak and strong coupling regimes. Overall, this work provides fundamental insights into the strong light-matter coupling regime in structured photonic environments, offering a pathway to design and optimize metal-free, ultra-compact polaritonic devices.","['physics.optics', 'cond-mat.mes-hall']",http://arxiv.org/abs/2604.12779v2,https://arxiv.org/pdf/2604.12779v2,14/04/2026-14:17:29,"['Eleonora P. Kraus', 'Jamie M. Fitzgerald', 'Carlos Maciel-Escudero', 'Ermin Malic']",physics.optics
AstroSat UV Deep Field IV. An Extended UV disk around a massive spiral galaxy at z=0.67,"Extended ultraviolet (XUV) emission in nearby disk galaxies supports the inside-out growth scenario through low-efficiency star formation in their outer regions. However, such detections have largely been limited to the local Universe ($z \sim 0$) due to the need for deep, high-resolution UV imaging. We report the detection of a clumpy XUV disk in a massive, isolated spiral galaxy ($\log(M_*/M_\odot) \approx 11.04$) at $z=0.67$, observed with AstroSat/UVIT. The intrinsic rest frame FUV surface brightness profile, corrected for the instrument PSF, shows a more extended disk than its optical and IR counterparts. The XUV disk reaches nearly twice the optical radius and includes a large UV-bright low surface brightness (LSB) region ($S_{LSB}/S_{K80}\approx15,\ μ_{FUV}-μ_K\approx0.8$), consistent with the Type II XUV definition. Additionally, the detection of UV clumps without optical counterparts supports a Type I classification, suggesting gravitational instabilities and recent star formation. These features point to recent cold gas accretion onto the outer disk. From the asymmetric light profile, we estimate a gas accretion rate of $\sim11\ M_\odot$ yr$^{-1}$, providing evidence of active disk growth at intermediate redshift.",['astro-ph.GA'],http://arxiv.org/abs/2601.06581v2,https://arxiv.org/pdf/2601.06581v2,10/01/2026-14:38:55,"['Pushpak Pandey', 'Kanak Saha', 'Sanchayeeta Borthakur']",astro-ph.GA
Onboard Wind Estimation for Small UAVs Equipped with Low-Cost Sensors: An Aerodynamic Model-Integrated Filtering Approach,"To enable autonomous wind estimation for energy-efficient flight in small unmanned aerial vehicles (UAVs), this study proposes a method that estimates flight states and wind using only the low-cost essential onboard sensors required for autonomous flight, without relying on additional wind measurement devices. The core of the method includes an Extended Kalman Filter (EKF) integrated with the aerodynamic model and an Adaptive Moving Average Estimation (AMAE) technique, which improves the accuracy and smoothness of the wind estimation. Simulation results show that the approach efficiently estimates both steady and time-varying 3D wind vectors without requiring flow angle measurements. The impact of aerodynamic model accuracy on wind estimation errors is also analyzed to assess practical applicability. Flight tests validate the effectiveness of the method and its feasibility for real-time onboard computation. Additionally, uncertainties and error sources encountered during testing are systematically examined, providing a foundation for further refinement.",['cs.RO'],http://arxiv.org/abs/2604.20290v1,https://arxiv.org/pdf/2604.20290v1,22/04/2026-07:39:06,"['Bingchen Cheng', 'Tielin Ma', 'Jingcheng Fu', 'Lulu Tao', 'Tianhui Guo']",cs.RO
VAN-AD: Visual Masked Autoencoder with Normalizing Flow For Time Series Anomaly Detection,"Time series anomaly detection (TSAD) is essential for maintaining the reliability and security of IoT-enabled service systems. Existing methods require training one specific model for each dataset, which exhibits limited generalization capability across different target datasets, hindering anomaly detection performance in various scenarios with scarce training data. To address this limitation, foundation models have emerged as a promising direction. However, existing approaches either repurpose large language models (LLMs) or construct largescale time series datasets to develop general anomaly detection foundation models, and still face challenges caused by severe cross-modal gaps or in-domain heterogeneity. In this paper, we investigate the applicability of large-scale vision models to TSAD. Specifically, we adapt a visual Masked Autoencoder (MAE) pretrained on ImageNet to the TSAD task. However, directly transferring MAE to TSAD introduces two key challenges: overgeneralization and limited local perception. To address these challenges, we propose VAN-AD, a novel MAE-based framework for TSAD. To alleviate the over-generalization issue, we design an Adaptive Distribution Mapping Module (ADMM), which maps the reconstruction results before and after MAE into a unified statistical space to amplify discrepancies caused by abnormal patterns. To overcome the limitation of local perception, we further develop a Normalizing Flow Module (NFM), which combines MAE with normalizing flow to estimate the probability density of the current window under the global distribution. Extensive experiments on nine real-world datasets demonstrate that VAN-AD consistently outperforms existing state-of-the-art methods across multiple evaluation metrics.We make our code and datasets available at https://github.com/PenyChen/VAN-AD.","['cs.LG', 'cs.AI', 'cs.CV']",http://arxiv.org/abs/2603.26842v2,https://arxiv.org/pdf/2603.26842v2,27/03/2026-08:48:59,"['PengYu Chen', 'Shang Wan', 'Xiaohou Shi', 'Yuan Chang', 'Yan Sun', 'Sajal K. Das']",cs.LG
Electrokinetic Effects on Flow and Ion Transport in Charge-Patterned Corrugated Nanochannels,"This study explores how the distribution of surface charge along corrugated nanochannels affects flow rates, ionic currents, and charge selectivity under electric field- or pressure gradient-driven flow. We numerically solve the coupled Poisson-Nernst-Planck-Stokes equations for periodic aperture profiles and examine how the Debye screening length, the degree of symmetry between surface charge and geometry, and the magnitude of an applied driving force affect the velocity profile. We resolve two flow regimes. In Regime I, at low driving force, the flow rate is proportional to the applied field or pressure gradient but is significantly diminished relative to channels without surface charge inhomogeneity. Throughput is inhibited by a localised streaming potential that opposes the displacement of ions from the diffuse part of the electric double layer. In Regime II, at high pressure gradients, we demonstrate a transition between electrostatically and mechanically controlled flow regimes in which a marginal increase in applied pressure triggers an abrupt, orders-of-magnitude increase in mean velocity. By comparison, electroosmotically driven advection under sinusoidal wall charge produces a smooth flow transition. Exploiting the pressure-gradient-driven flow transition, we demonstrate that the phase angle between surface charge oscillations and geometric undulations exerts a controlling influence on ionic current and its selectivity. By incorporating the computed velocity and electric field profiles into a random walk particle tracking algorithm, we provide a quantitative characterization of ion transport dynamics, demonstrating the ability to selectively rectify charge flux and moderate the rate of ion dispersion.",['physics.flu-dyn'],http://arxiv.org/abs/2510.22182v2,https://arxiv.org/pdf/2510.22182v2,25/10/2025-06:31:03,"['Thomas Petersen', 'Pouya Golchin', 'Jinwoo Im', 'Felipe P. J. de Barros']",physics.flu-dyn
Physics-informed Active Polarimetric 3D Imaging for Specular Surfaces,"3D imaging of specular surfaces remains challenging in real-world scenarios, such as in-line inspection or hand-held scanning, requiring fast and accurate measurement of complex geometries. Optical metrology techniques such as deflectometry achieve high accuracy but typically rely on multi-shot acquisition, making them unsuitable for dynamic environments. Fourier-based single-shot approaches alleviate this constraint, yet their performance deteriorates when measuring surfaces with high spatial frequency structure or large curvature. Alternatively, polarimetric 3D imaging in computer vision operates in a single-shot fashion and exhibits robustness to geometric complexity. However, its accuracy is fundamentally limited by the orthographic imaging assumption. In this paper, we propose a physics-informed deep learning framework for single-shot 3D imaging of complex specular surfaces. Polarization cues provide orientation priors that assist in interpreting geometric information encoded by structured illumination. These complementary cues are processed through a dual-encoder architecture with mutual feature modulation, allowing the network to resolve their nonlinear coupling and directly infer surface normals. The proposed method achieves accurate and robust normal estimation in single-shot with fast inference, enabling practical 3D imaging of complex specular surfaces.","['cs.CV', 'physics.optics']",http://arxiv.org/abs/2602.19470v2,https://arxiv.org/pdf/2602.19470v2,23/02/2026-03:28:41,"['Jiazhang Wang', 'Hyelim Yang', 'Tianyi Wang', 'Florian Willomitzer']",cs.CV
The Quantum Kicked Rotor: A Paradigm of Quantum Chaos. Foundational aspects and new perspectives,"The kicked rotor provides a simple yet powerful model for introducing many of the central concepts of classical and quantum chaos. Despite its apparent simplicity, it exhibits rich dynamical behavior and has found applications across a wide range of fields, including atomic and optical physics, condensed matter physics, and emerging quantum technologies. This chapter begins by exploring foundational ideas using the kicked rotor as a unifying framework. We first discuss the transition from regular to chaotic motion in the classical system, and then introduce key quantum phenomena such as dynamical localization and quantum resonances. Special attention is devoted to the emergence of characteristic time scales and their role in the quantum-classical correspondence. To make these ideas more concrete, we also provide a brief overview of experimental realizations of the kicked rotor and its variants, illustrating how theoretical concepts are implemented in practice. In the second part of the chapter, we guide the reader toward more recent and advanced developments. Topics include near-resonant dynamics, topological features of kicked systems, the emergence of quantum dynamical phases inferred from classical transport properties, and extensions to non-Hermitian physics. We conclude with a discussion of open problems and future perspectives, outlining directions in which the kicked rotor continues to offer valuable insights.","['quant-ph', 'cond-mat.stat-mech', 'nlin.CD']",http://arxiv.org/abs/2604.12316v2,https://arxiv.org/pdf/2604.12316v2,14/04/2026-05:47:19,"['Giuliano Benenti', 'Giulio Casati', 'Jiangbin Gong', 'Zhixing Zou']",quant-ph
Gas temperature measurement based on contrast reversal in mid-infrared CO2 images,"We demonstrate noninvasive measurement of gas temperature based on the optical gas imaging. Gas flows containing carbon dioxide (CO2) appear as either bright or dark images, depending on the relative temperatures of the background and the gas, when using a narrowband mid-infrared camera tuned to the CO2 absorption wavelength at 4.3 micrometers. When the background temperature is varied continuously, the gas image vanishes transiently and then the contrast reverses. The specific background temperature at the point when the gas image disappears provides the gas temperature. This technique is an evolved implementation of the classical line reversal method, made possible by advanced infrared devices. We also apply this technique to two-dimensional temperature mapping and to dynamic emissions from engine exhaust and human breathing.",['physics.optics'],http://arxiv.org/abs/2603.12640v2,https://arxiv.org/pdf/2603.12640v2,13/03/2026-04:16:24,"['Hideki T. Miyazaki', 'Takeshi Kasaya', 'Masahiro Saito', 'Kazuya Kimoto', 'Yutaro Tsuiki', 'Tetsuyuki Ochiai']",physics.optics
"Localized Tornado Outbreak at the Upstream of a Tropical Easterly Wave in Camarines Norte, Philippines (13 September 2025)","(Abridge) On 13 September 2025 around 22 UTC, a localized tornado outbreak affected eastern Philippines, causing significant damage in Camarines Norte. The event developed within an atypical easterly severe weather regime characterized by warm, moist southeasterly flow and strong low-level wind shear associated with an easterly wave trough. A vorticity convergence zone along the inverted trough enhanced low-level rotation, while highly curved streamwise hodographs indicated a favorable environment for supercells and tornadogenesis. At least five vortices were identified, including three tornadic supercells. The Magang supercell was rated IF2.5 (EF3-equivalent) with $\sim$2 km damage path, while the Cahabaan and Napilihan supercells were rated IF1 (EF1-equivalent), with Cahabaan producing $\sim$3 km damage path. The remaining vortices were rated IF0 (EF0-equivalent). These tornadoes occurred simultaneously, indicating multiple discrete supercells within the same mesoscale environment and possible inflow-outflow interactions. Dual-polarization radar observations revealed Z$_\text{DR}$ and K$_\text{DP}$ columns, a debris signature in the Magang tornado, and a bounded weak echo region (BWER) in the Cahabaan supercell. This study documents the first known tornado outbreak and simultaneous tornadic supercells in the Philippines within an easterly severe weather regime.",['physics.ao-ph'],http://arxiv.org/abs/2604.20222v1,https://arxiv.org/pdf/2604.20222v1,22/04/2026-06:10:58,['Generich H. Capuli'],physics.ao-ph
Convex Duality in Perturbed Utility Route Choice,"This paper develops a highly general convex duality framework for the perturbed utility route choice (PURC) model. We show that the traveler's constrained, potentially non-smooth utility maximization problem admits a dual formulation: an unconstrained concave maximization problem with a differentiable objective. The unique optimal flow can be recovered link-by-link from any dual solution via the convex conjugates of link perturbation functions. These properties enable efficient gradient-based optimization for large-scale networks and fast computation for sensitivity analysis. Finally, the framework reveals a structural analogy between PURC and current flow in electrical circuits.",['econ.TH'],http://arxiv.org/abs/2604.20220v1,https://arxiv.org/pdf/2604.20220v1,22/04/2026-06:09:35,"['Mogens Fosgerau', 'Jesper R. -V. Sørensen']",econ.TH
Galaxy Metallicity Gradients in the Reionization Epoch from the FIRE-2 Simulations,"We employ the high-redshift suite of FIRE-2 cosmological hydrodynamic zoom-in simulations to investigate the evolution of gas-phase metallicity radial gradients in galaxies in the epoch of reionization (EoR). Our sample consists of 22 galaxies spanning the redshift range $z \sim 10-5$. We find that galaxies at $z\sim10$ exhibit a median metallicity gradient of $-0.15\,\mathrm{dex\cdot kpc^{-1}}$ with substantial scatter, which gradually flatten to $-0.1\,\mathrm{dex\cdot kpc^{-1}}$ at $z\sim6$, accompanied by a reduction in scatter. In the EoR, metallicity gradients correlate positively with stellar mass: more massive galaxies display flatter gradients with smaller scatter, broadly consistent with recent JWST observations. At fixed stellar mass, galaxies with higher star formation rates (SFRs) exhibit steeper negative gradients, while sSFR shows a strong anti-correlation with gradient slope. Because EoR galaxies in FIRE-2 generally lack significant rotational support, we adopt the ratio of peak-to-peak velocity shear to twice the velocity dispersion ($Δv/2σ$) as a proxy for the strength of gas flows. We find a strong positive correlation between metallicity gradients and $Δv/2σ$: galaxies with lower $Δv/2σ$ (i.e., weaker gas flows) tend to exhibit steeper negative gradients. Furthermore, galaxies with steeper gradients display higher central SFR surface densities, suggesting localized star formation with inefficient interstellar medium mixing that drives inside-out chemical enrichment in galaxy evolution in the early Universe.",['astro-ph.GA'],http://arxiv.org/abs/2510.08997v2,https://arxiv.org/pdf/2510.08997v2,10/10/2025-04:44:42,"['Xunda Sun', 'Xin Wang', 'Fangzhou Jiang', 'Houjun Mo', 'Luis C. Ho', 'Qianqiao Zhou', 'Xiangcheng Ma', 'Hu Zhan', 'Andrew Wetzel', 'Russell L. Graf', 'Philip F. Hopkins', 'Dusan Keres', 'Jonathan Stern']",astro-ph.GA
Incoherent light delivers skyrmionic topological resilience and transitions,"Optical skyrmions has recently unlocked topological quasiparticle textures of light, rising in prominence for next-generation ultra-robust information processing. However, to date, their study hasbeen mainly confined to coherent laser fields. Here we extend skyrmions to much general light sources of partially coherent, stochastic optical fields. We define stochastic optical skyrmions and uncover a hidden regime where spatial coherence acts as a primary determinant of topological stability. While environmental randomness typically degrades fully coherent states, we demonstrate that engineered partial coherence provides a self-healing mechanism that preserves topology under extreme turbulence. Moreover, we show that the coherence structure can be actively tailored to trigger on-demand topological phase transitions, such as skyrmion-to-skyrmionium conversion and skyrmion lattice splitting. These findings redefine the boundaries of topological photonics, paving the way for resilient and high-fidelity information platforms that remain operational in general, non-ideal, real-world environments.",['physics.optics'],http://arxiv.org/abs/2604.20207v1,https://arxiv.org/pdf/2604.20207v1,22/04/2026-05:42:40,"['Yonglei Liu', 'Shiqi Chen', 'Zhenyu Guo', 'Kaiqi Zhu', 'Yahong Chen', 'Yangjian Cai', 'Yijie Shen', 'Fei Wang']",physics.optics
CCOpt: an Open-Source Solver for Large-Scale Mathematical Programs with Complementarity Constraints,"This paper presents the Julia package CCOpt, built on top of the interior-point solver MadNLP. CCOpt implements a suite of algorithms for Mathematical Programs with Complementarity Constraints (MPCCs). The solver additionally comes with interfaces for use in Matlab, Python, and C++. MPCCs have recently gained renewed attention in engineering optimization, as complementarity provides a powerful modeling tool for nonsmooth functions and logical conditions. These problems are inherently challenging since their nonlinear programming reformulations violate classical regularity conditions at all feasible points, complicating both theoretical analysis and numerical treatment. Consequently, specialized algorithms are required to handle this degeneracy, and several approaches have been proposed. We implement a toolbox of methods, including relaxation and penalty approaches, as well as a crossover to recently proposed active-set methods. Our solver is based on nonlinear interior-point algorithms that couple the relaxation or penalty parameter with the barrier parameter, yielding substantial speedups compared to standard implementations. Both monotone and nonmonotone strategies for updating this joint parameter update are proposed and investigated. In addition, we propose regularization techniques that improve the conditioning of the KKT system for small relaxation parameters, enhancing robustness and computational efficiency. The implementation is validated on the classical MacMPEC benchmark, large-scale problems in security-constrained optimal power flow, optimal control of nonsmooth systems, as well as on quadratic programs with complementarity constraints arising in model predictive control. This benchmarking reveals an algorithmically driven improvement of often an entire order of magnitude over other methods, including commercial solvers.",['math.OC'],http://arxiv.org/abs/2604.18726v2,https://arxiv.org/pdf/2604.18726v2,20/04/2026-18:23:22,"['Anton Pozharskiy', 'François Pacaud', 'Moritz Diehl', 'Armin Nurkanović']",math.OC
Sensitivity analysis of the perturbed utility stochastic traffic equilibrium,"This paper develops a sensitivity analysis framework for the perturbed utility route choice (PURC) model and the accompanying stochastic traffic equilibrium model. We derive analytical sensitivity expressions for the Jacobian of the individual optimal PURC flow and equilibrium link flows with respect to link cost parameters under general assumptions. This allows us to determine the marginal change in link flows following a marginal change in link costs across the network. We show how to implement these results while exploiting the sparsity generated by the PURC model. Numerical examples illustrate the use of our method for estimating equilibrium link flows after link cost shifts, identifying critical design parameters, and quantifying uncertainty in performance predictions. Finally, we demonstrate the method in a large-scale example. The findings have implications for network design, pricing strategies, and policy analysis in transportation planning and economics, providing a bridge between theoretical models and real-world applications.","['econ.EM', 'cs.GT', 'math.OC']",http://arxiv.org/abs/2409.08347v5,https://arxiv.org/pdf/2409.08347v5,12/09/2024-18:19:02,"['Mogens Fosgerau', 'Nikolaj Nielsen', 'Mads Paulsen', 'Thomas Kjær Rasmussen', 'Rui Yao']",econ.EM
Light-Induced Topological Phase Transitions and Anomalous Thermal Transport in d-Wave Altermagnets,"We study intrinsic thermal transport and Floquet-engineered topology in a two-dimensional d wave altermagnetic topological insulator powered by linearly polarized light. We analyze the anomalous Hall, Nernst, and thermal Hall conductivities, as well as their spin-resolved equivalents, and develop closed-form formulas for the Berry curvature using an analytically calculated high-frequency effective Hamiltonian. We demonstrate that linearly polarized light, in contrast to conventional antiferromagnets, breaks the symmetry connecting spin sectors in altermagnets, allowing a series of spin-selective topological phase transitions from a quantum spin Hall state to a spin-polarized Chern insulator and finally to a trivial phase. The Nernst response shows substantial thermal activation and significant sensitivity to the gap size in the Chern domain, but both the electrical and thermal Hall responses become quantized and meet the anomalous Wiedemann Franz law. Every anomalous transport coefficient exhibits a distinctive d wave dependence on the polarization angle, reversing sign under orthogonal rotation and vanishing at symmetry-restoring directions. Our findings show a path to all-optical regulation of topological and caloritronic responses beyond traditional magnetic systems and establish thermal transport as a sensitive probe of altermagnetic order.",['cond-mat.mes-hall'],http://arxiv.org/abs/2604.20164v1,https://arxiv.org/pdf/2604.20164v1,22/04/2026-04:10:29,"['Ayesha Maryam', 'Muzamil Shah', 'Kashif Sabeeh', 'Reza Asgari']",cond-mat.mes-hall
Sampling-Aware Quantization for Diffusion Models,"Diffusion models have recently emerged as the dominant approach in visual generation tasks. However, the lengthy denoising chains and the computationally intensive noise estimation networks hinder their applicability in low-latency and resource-limited environments. Previous research has endeavored to address these limitations in a decoupled manner, utilizing either advanced samplers or efficient model quantization techniques. In this study, we uncover that quantization-induced noise disrupts directional estimation at each sampling step, further distorting the precise directional estimations of higher-order samplers when solving the sampling equations through discretized numerical methods, thereby altering the optimal sampling trajectory. To attain dual acceleration with high fidelity, we propose a sampling-aware quantization strategy, wherein a Mixed-Order Trajectory Alignment technique is devised to impose a more stringent constraint on the error bounds at each sampling step, facilitating a more linear probability flow. Extensive experiments on sparse-step fast sampling across multiple datasets demonstrate that our approach preserves the rapid convergence characteristics of high-speed samplers while maintaining superior generation quality. Code is publicly available at: https://github.com/TaylorJocelyn/Sampling-aware-Quantization.",['cs.CV'],http://arxiv.org/abs/2505.02242v2,https://arxiv.org/pdf/2505.02242v2,04/05/2025-20:50:44,"['Qian Zeng', 'Jie Song', 'Yuanyu Wan', 'Huiqiong Wang', 'Mingli Song']",cs.CV
NaCl-Assisted Growth of Ferroelectric SnSe Nanosheets with Spin Glass-like Behavior,"Two-dimensional (2D) SnSe is an emerging 2D material exhibiting intriguing properties such as ferroelectricity and nonlinear optical response. Here, high-quality single-crystalline SnSe nanosheets were synthesized via NaCl-assisted chemical vapor deposition (CVD) method. The addition of NaCl was found to significantly increase the surface coverage of the nanosheets with less influence on their lateral size. The crystalline structure and composition of as-grown nanosheets were charactered by XRD, Raman spectroscopy, and XPS. Ferroelectric domains in SnSe nanosheets are directly visualized by piezoresponse force microscopy (PFM). The magnetic hysteresis loops of SnSe nanosheets are achieved at 2 K, which indicated their weak ferromagnetism. A spin glass-like behavior was observed below 115K, which is attributed to the presence of SnSe2 impurity. This work further establishes a controllable synthesis route for SnSe nanosheets, thereby paving the way for subsequent investigation of their ferroelectric properties.","['cond-mat.mtrl-sci', 'cond-mat.mes-hall']",http://arxiv.org/abs/2604.10067v2,https://arxiv.org/pdf/2604.10067v2,11/04/2026-07:08:58,"['Huiwen Xu', 'Hanxiang Wu', 'Chang Li', 'Fei Pang']",cond-mat.mtrl-sci
Impact of nuclear deformation on particle production in $Ne+Ne$ collisions at \texorpdfstring{\five}{sqrt(sNN)=5.36 TeV} from AMPT-SM,"We present a systematic study of particle production in $Ne+Ne$ collisions at $\sqrt{s_{\mathrm{NN}}} = 5.36$ TeV using the A Multi-Phase Transport (AMPT) model with string melting (SM) configuration. The analysis compares spherical and deformed configurations of ${}^{20}\mathrm{Ne}$ to investigate the influence of initial-state nuclear deformation on bulk observables. Charged-particle pseudorapidity ($\langle dN_{\mathrm{ch}}/dη\rangle$) densities, identified particle yields ($dN/dy$), transverse momentum ($p_T$) spectra, mean transverse momentum ($\langle p_{\mathrm{T}} \rangle$), and $p_{\mathrm{T}}$-differential particle ratios ($K/π$ and $p/π$) are studied as functions of multiplicity and centrality. The results show that all observables exhibit the expected dependence on event activity, including smooth multiplicity scaling, mass ordering in $\langle p_{\mathrm{T}} \rangle$, and characteristic features associated with radial flow and quark coalescence. Differences between the two configurations on bulk observables remain small across all observables, typically at the level of a 2\%--6\% percent, with slightly enhanced sensitivity observed in peripheral collisions. These findings suggest that, within the AMPT-SM framework, the collective dynamics and hadrochemical composition are primarily governed by the overall system density and interaction dynamics, while the influence of initial-state deformation is subleading. This study provides a baseline for understanding deformation effects in light-ion collision systems and highlights the limited sensitivity of bulk observables to initial nuclear geometry in transport-based approaches.","['hep-ph', 'nucl-th']",http://arxiv.org/abs/2604.20152v1,https://arxiv.org/pdf/2604.20152v1,22/04/2026-03:32:40,"['M. U. Ashraf', 'A. M. Khan', 'M. Shahid', 'Faraz Mohd Mehdi']",hep-ph
Hadamard-Based Recursive Aperture Decoded Ultrasound Imaging (READI) With Estimated Motion-Compensated Compounding (EMC2) Using Top-Orthogonal to Bottom Electrode (TOBE) Arrays,"Hadamard matrix-based aperture encoding is a method for producing synthetic aperture datasets with high Signal-to-Noise Ratios. Recently, the pulse inversion capabilities of bias-sensitive Top-Orthogonal to Bottom Electrode (TOBE) arrays have driven the development of multiple Hadamard-based sequences. These sequences produce high-quality static images but are sensitive to motion. This work introduces Recursive Aperture Decoded Imaging (READI) and Estimated Motion-Compensated Compounding (EMC2), which look to reduce this sensitivity. READI is a novel decoding and beamforming technique for Hadamard aperture-encoded sequences that produces multiple low-resolution images from subsets of the full sequence. These READI images are less affected by motion and sum to form the complete high-resolution image. EMC2 describes the process of comparing these low-resolution images to estimate the underlying motion, then warping them to align before compounding. This produces a high-resolution image that is resiliant to motion. READI with EMC2 applied to the TOBE-based Fast Orthogonal Row-Column Electronic Scanning (FORCES) sequence. It is shown to fully restore images corrupted by probe motion and to recover tissue speckle and boundaries in images of a beating heart phantom. READI low-resolution images by themselves are demonstrated to be a marked improvement over a sparse Hadamard scheme with the same transmit count, and are able to recover blood speckle at a flow rate of 42 cm/s.",['eess.IV'],http://arxiv.org/abs/2509.08781v3,https://arxiv.org/pdf/2509.08781v3,10/09/2025-17:08:50,"['Tyler Keith Henry', 'Darren Dahunsi', 'Randy Palamar', 'Negar Majidi', 'Ying Wan', 'Mohammad Rahim Sobhani', 'Afshin Kashani Ilkhechi', 'Roger Zemp']",eess.IV
The thermodynamic efficiency of coupled chaotic dissipative structures,"Dissipative structures are open dynamical systems that sustain coherent macroscopic organization by continuously exchanging energy and matter with their environment and generating entropy. A recent thermodynamic analysis of the paradigmatic Malkus--Lorenz waterwheel interpreted the Lorenz system as an engine, deriving an exact formula for its thermodynamic efficiency, and showing that efficiency tends to increase as the system is driven far from equilibrium while displaying sharp drops near the Hopf subcritical bifurcation to chaos. Here, we extend that single-engine framework to coupled dissipative structures. We introduce two canonical couplings -- master-slave coupling (series) and symmetric diffusive coupling (parallel) -- and prove two fundamental association laws allowing us to reduce the composite systems to an equivalent engine with a specified efficiency. We then apply these abstract results to coupled Lorenz waterwheels, deriving efficiency formulas consistent with the underlying power balance. We perform numerical simulations confirming that (a) series coupling induces an increase in thermodynamic efficiency, (b) parallel coupling averages the efficiency of engines and increases total energy flow, (c) synchronization is typically neutral or beneficial for efficiency except in narrow parameter regions, and (d) coupling modifies the curvature of entropy-generation trends. Our theorems suggest a mathematically rigorous and transparent route to define and compute thermodynamic efficiency for generalized flow networks, with potential application to complex systems energetics.","['nlin.CD', 'nlin.AO']",http://arxiv.org/abs/2604.16549v2,https://arxiv.org/pdf/2604.16549v2,17/04/2026-06:42:44,"['Álvaro G. López', 'Inés P. Mariño', 'Alfonso Delgado-Bonal']",nlin.CD
HiPO: Hierarchical Preference Optimization for Adaptive Reasoning in LLMs,"Direct Preference Optimization (DPO) is an effective framework for aligning large language models with human preferences, but it struggles with complex reasoning tasks. DPO optimizes for the likelihood of generating preferred over dispreferred responses in their entirety and lacks the granularity to provide feedback on subsections of many-step solutions typical of reasoning tasks. Existing methods excel at either stable preference learning (e.g., DPO variants like KTO and RSO) or structured reasoning (e.g., ReMA's multi-agent RL framework, Tree of Thoughts), but fail to merge these complementary strengths. We propose HiPO (Hierarchical Preference Optimization), an extension of DPO that separates responses into reasoning segments (query clarification and context, reasoning steps, and answer) and computes loss as a weighted sum of the DPO loss for each segment. Our approach enables segment-specific training while maintaining DPO's computational efficiency and training stability. We demonstrate that for multiple 7B LLMs fine-tuned using HiPO and DPO on the Math Stack Exchange preference dataset, the models trained with HiPO outperform the others on a variety of common math benchmarks and achieve greater organization, logical flow, and consistency as measured by GPT-4.1.","['cs.AI', 'cs.LG']",http://arxiv.org/abs/2604.20140v1,https://arxiv.org/pdf/2604.20140v1,22/04/2026-03:08:30,"['Darsh Kachroo', 'Adriana Caraeni', 'Arjun Prasaath Anbazhagan', 'Brennan Lagasse', 'Kevin Zhu']",cs.AI
Semi-Supervised Flow Matching for Mosaiced and Panchromatic Fusion Imaging,"Fusing a low resolution (LR) mosaiced hyperspectral image (HSI) with a high resolution (HR) panchromatic (PAN) image offers a promising avenue for video-rate HR-HSI imaging via single-shot acquisition, yet its severely ill-posed nature remains a significant challenge. In this work, we propose a novel semi-supervised flow matching framework for mosaiced and PAN image fusion. Unlike previous diffusion-based approaches constrained by specific protocols or handcrafted assumptions, our method seamlessly integrates an unsupervised scheme with flow matching, resulting in a generalizable and efficient generative framework. Specifically, our method follows a two-stage training pipeline. First, we pretrain an unsupervised prior network to produce an initial pseudo HR-HSI. Building on this, we then train a conditional flow matching model to generate the target HR-HSI, introducing a random voting mechanism that iteratively refines the initial HR-HSI estimate, enabling robust and effective fusion. During inference, we employ a conflict-free gradient guidance strategy that ensures spectrally and spatially consistent HR-HSI reconstruction. Experiments on multiple benchmark datasets demonstrate that our method achieves superior quantitative and qualitative performance by a significant margin compared to representative baselines. Beyond mosaiced and PAN fusion, our approach provides a flexible generative framework that can be readily extended to other image fusion tasks and integrated with unsupervised or blind image restoration algorithms.",['cs.CV'],http://arxiv.org/abs/2604.20128v1,https://arxiv.org/pdf/2604.20128v1,22/04/2026-02:48:48,"['Peiming Luo', 'Nan Wang', 'Litong Liu', 'Jiahan Huang', 'Chenxu Wu', 'Renwei Dian', 'Junming Hou']",cs.CV
Numerical Studies of Accretion Flows onto a Neutron Star Engulfed in a Massive Star,"Massive stars commonly form binaries that can evolve into compact systems via common envelope evolution (CEE), a critical but poorly understood phase -- especially when the companion is a neutron star. Understanding the drag force exerted on a neutron star during CEE is a key to the quantitative evaluation of orbital decay, merger timescale, and compactness of the resultant binary. In this paper, we conduct general-relativistic hydrodynamical simulations under a novel strategy of multi-layer domain-decomposition to treat the vast disparity of $10^4$--$10^7$ between the neutron star radius and the accretion radius. Our 10-model survey spans diverse physical conditions that the neutron star encounters in the envelope of a massive star. We find that nested bow shocks with alternating orientations commonly form. This configuration is qualitatively different from those in the conventional picture and results in an enhancement of the drag force by one to two orders of magnitude from what the Bondi--Hoyle--Lyttleton formula predicts. Moreover, the direction of the net force can reverse depending on the envelope conditions, contrary to the standard picture in which the drag always decelerates the companion. These results will serve as a basis for improvements of the drag force prescription in CEE modeling, and have implications for binary evolution theory.","['astro-ph.HE', 'astro-ph.SR']",http://arxiv.org/abs/2604.19236v2,https://arxiv.org/pdf/2604.19236v2,21/04/2026-08:40:45,"['Daiyu Sakurai', 'Ryuichiro Akaho', 'Shoichi Yamada']",astro-ph.HE
Tailored Speckle Illumination Microscopy with Enhanced Sectioning and Image Quality,"Optical speckle patterns have been widely used for illumination in computational imaging, optical sectioning microscopy, and super-resolution imaging. However, commonly used speckles satisfy Rayleigh statistics, which are not ideal for diverse imaging applications. Here we tailor three-dimensional speckle intensity statistics for dynamic speckle illumination microscopy based on linear fluorescence. Optical sectioning is enhanced by axially varying speckle contrast, and image reconstruction noise is minimized with in-focus speckles of binary intensities. The customized speckle statistics are shown to tolerate sample-induced aberration and scattering. We apply tailored speckle illumination to mouse brain vascular imaging and demonstrate much improved image quality than optical-sectioning structured illumination. These results establish customization of speckle intensity statistics as a promising strategy for robust, high-throughput fluorescence imaging in thick, scattering biological specimens.",['physics.optics'],http://arxiv.org/abs/2604.20112v1,https://arxiv.org/pdf/2604.20112v1,22/04/2026-02:16:49,"['SeungYun Han', 'KyeoReh Lee', 'Young Seo Kim', 'Chuan Li', 'Nicholas Bender', 'Kabish Wisal', 'Taeyun Ku', 'Jerome Mertz', 'Hui Cao']",physics.optics
Universality cost of non-Gaussian enhancement in continuous-variable quantum teleportation: A fidelity--deviation trade-off,"Continuous-variable (CV) quantum teleportation is usually benchmarked by average fidelity, but when the teleportation is repeatedly used within optical networks or measurement-based architectures, uniformity across the input ensemble becomes equally important. We analyze this issue using two complementary figures of merit: the average fidelity and the fidelity deviation, which quantifies the input dependence of the single-shot teleportation fidelity. We prove that any deterministic unity-gain teleportation channel that is displacement covariant has vanishing fidelity deviation for coherent-state benchmarking, irrespective of whether the shared entangled resource is Gaussian or non-Gaussian. Nonzero deviation therefore diagnoses covariance breaking rather than non-Gaussianity. We then show that when a protocol raises the average fidelity through input-selective conditioning, the deviation generically increases in tandem, giving a quantitative universality cost. As a concrete example, we study teleportation enhanced by the so-called measurement-based noiseless linear amplification, where a heralded filter acts on the Bell-measurement record. The resulting trade-off among average fidelity, fidelity deviation, and success probability shows that stronger filtering can improve the conditional fidelity only by concentrating the successful events in favored regions of phase space, thereby suppressing the success probability and reducing input uniformity. Our results provide an operational framework for distinguishing genuine channel improvement from selectivity-driven post-selected advantage and suggest that the probabilistic CV teleportation should be assessed with average quality, universality, and heralding rate treated on an equal footing.",['quant-ph'],http://arxiv.org/abs/2604.20103v1,https://arxiv.org/pdf/2604.20103v1,22/04/2026-01:55:15,"['Kyoungho Cho', 'Bongjune Kim', 'Jeongho Bang']",quant-ph
Gyrokinetic simulations on zonal flow-turbulence spreading coupling,"Zonal flows and turbulence spreading play important roles in magnetic fusion plasma confinement, yet their coupling mechanisms remain elusive. Using global nonlinear gyrokinetic simulations, we show that turbulence spreading transports zonal flow radially, extending into the linearly stable regions after local nonlinear saturation of turbulence. Theoretical understanding has been gained by analyzing the simulation results in the context of a momentum theorem in toroidal plasmas [T.S. Hahm \textit{et al.}, Phys. Plasmas \textbf{31}, 032310 (2024)] which is an extension of the Charney-Drazin non-acceleration theorem [J.G. Charney and P.G. Drazin, J. Geophys. Res. \textbf{66}, 83 (1961)]. It indicates a direct relation between turbulence-driven enstrophy transport and perpendicular momentum generation.",['physics.plasm-ph'],http://arxiv.org/abs/2604.20101v1,https://arxiv.org/pdf/2604.20101v1,22/04/2026-01:52:41,"['Min Ki Jung', 'Sumin Yi', 'Taik Soo Hahm', 'Yong-Su Na']",physics.plasm-ph
Generation and Enhancement of Persistent Nanoscale Magnetization in All-Dielectric Metasurfaces by Optically Injected and Localized Free Carriers,"Time-varying dielectric metasurfaces that support sharp optical resonances with nontrivial electromagnetic field distributions constitute a unique platform for realizing temporal interfaces for metasurface-guided waves (MGWs). Rapidly changing metasurface resonance enables frequency conversion and temporal scattering of a concurrently propagating MGW. Using analytical methods and electromagnetic simulations, free carriers are generated locally to create frequency-shifted infrared MGWs. Such time interfaces can be utilized to generate large, highly localized quasistatic magnetic fields within the metasurfaces. The resulting nanoscale magnetization, supported by the residual circulating currents, persists for several optical cycles after the departure of the time-scattered MGWs. During the rectification process, the initial electromagnetic energy of the injected MGWs is partitioned between the temporally scattered MGWs, the residual motion of the free carriers, and a quasistatic magnetic field.","['physics.optics', 'physics.app-ph', 'physics.plasm-ph']",http://arxiv.org/abs/2601.11003v3,https://arxiv.org/pdf/2601.11003v3,16/01/2026-05:35:11,"['Shivaksh Rawat', 'Samyobrata Mukherjee', 'Gennady Shvets']",physics.optics
Detections of nearly bias-free core shifts with 5-30 $μ$as precisions at 8-43 GHz in BL Lacertae,"When a radio jet is partially optically thick in the launching region, its apparent compact core may display frequency-dependent positional shifts. High-precision astrometric measurements of core shifts enable astronomers to pinpoint the jet's origin and place tight constraints on the magnetic field. BL Lacertae, the archetypal BL Lac object, hosts a highly variable and well-collimated jet. To independently constrain its innermost core shifts, we conducted very long baseline interferometric (VLBI) observations at 8.4, 12.4, 15.2, 23.6, and 43.2 GHz. By exploiting a nearby (13.3 arcmin) steep-spectrum calibrator (NVSS J220340+420839) through inverse phase-referencing VLBI astrometry, we detect nearly unbiased two-dimensional core shift measurements with state-of-the-art precisions of 5-30 $μ$as, which are significant at $>3σ$ confidence. The core shift between 8.4 and 43.2 GHz reaches 250 $μ$as. The apparent core shifts scale with frequency as $ν^{-1/k_r}$, implying the existence of an optically thick region in the upstream of jet. The derived core-shift index, $k_r\!=\!1.18^{+0.59}_{-0.34}$, is consistent, within uncertainties, with the canonical $k_r\!=\!1$ expected under energy equipartition between the jet particle and magnetic field energy densities, while allowing for modest deviations given that BL Lacertae was captured in a flaring state.","['astro-ph.HE', 'astro-ph.GA']",http://arxiv.org/abs/2604.20095v1,https://arxiv.org/pdf/2604.20095v1,22/04/2026-01:27:34,"['Niu Liu', 'Jun Yang', 'Xiaopeng Cheng', 'Ai-Ling Zeng', 'Wen Chen', 'Xiao-Long Yang', 'Xiaoyu Hong', 'Xia-Xuan Zhang', 'Jia-Cheng Liu', 'Zi Zhu']",astro-ph.HE
Cold molecular gas distribution and kinematics in the low-metallicity dusty starburst of Mrk 996 resolved with ALMA,"Detecting cold molecular gas in metal-poor starbursts remains a major challenge. Low carbon and oxygen abundances hinder CO formation, while low dust content reduces shielding against UV photodissociation. Consequently, CO, the main tracer of molecular gas, becomes faint or undetectable. We study the spatial distribution and kinematics of cold molecular gas in Mrk 996, a nearby low-mass Wolf-Rayet galaxy hosting a dense, low-metallicity (about 1/5 solar) and nitrogen-enriched nuclear starburst with complex ionized gas kinematics. Using ALMA observations of CO(1-0) and CO(2-1), we map the morphology and kinematics of the molecular gas and compare them with optical and UV data, tracing the ionized gas and young stellar populations. We detect compact CO clouds within 800 pc of the starburst, spatially offset from the nuclear super star cluster (SSC) and the most highly ionized regions. The CO lines are narrow and supersonic, exhibiting velocity gradients with a mild global blueshift, indicating dynamically perturbed gas without evidence for fast outflows, in contrast with the highly ionized phase. The global CO(2-1)/CO(1-0) ratio is low (R21 ~ 0.3), consistent with subthermal excitation. The millimeter continuum peaks at the SSC, while CO emission is displaced toward obscured regions, suggesting it traces dense shielded clumps. ALMA recovers about half of the single-dish flux, indicating the presence of extended, low-surface-brightness molecular gas. Using a metallicity-dependent CO-to-H2 conversion factor, we infer a molecular gas mass of a few 10^7 solar masses. The molecular gas is only weakly coupled to the stellar feedback that dominates the ionized phase. Our results support a multiphase scenario in which dense molecular clumps survive in shielded regions, while CO is photodissociated in their envelopes, leaving a significant CO-dark H2 component (Abridged).","['astro-ph.GA', 'astro-ph.CO']",http://arxiv.org/abs/2604.20080v1,https://arxiv.org/pdf/2604.20080v1,22/04/2026-00:54:21,"['R. Slater', 'R. Amorín', 'J. A. Fernández-Ontiveros', 'F. J. Sáez-Ruiz', 'M. S. Oey', 'B. L. James', 'M. Mingozzi', 'M. Llerena', 'M. G. del Valle-Espinosa', 'K. Harrington', 'N. Kumari', 'R. Sánchez-Janssen', 'J. M. Vílchez']",astro-ph.GA
SN 2007it on the RISE -- a radio detection of an interacting supernova 18 years post-explosion,"We report the first detection of radio emission from the Type II supernova SN 2007it, located at a distance of 12.2 Mpc in NGC 5530. The observations were obtained with the Australian Telescope Compact Array (ATCA) more than 18 yr after the explosion as part of the Rebrightening in Interacting Supernova Emission (RISE) program, which monitors nearby core-collapse supernovae for late-time interaction with dense circumstellar material. SN 2007it was detected on 2026 April 8 (08:00-12:00 UTC) at 5.5 GHz with a flux density of $3.30 \pm 0.13$ mJy and at 9.0 GHz with $3.54 \pm 0.24$ mJy. Its non-detection in publicly available 0.88 GHz ASKAP data from 2026 January 11 suggests either rapidly rising emission or significant internal absorption at lower frequencies. We assess the prospects for detection at other wavelengths and encourage coordinated follow-up observations across the radio, optical, X-ray, and $γ$-ray band",['astro-ph.HE'],http://arxiv.org/abs/2604.20076v1,https://arxiv.org/pdf/2604.20076v1,22/04/2026-00:48:33,"['F. Acero', 'R. Z. E. Alsaberi', 'M. Arias', 'J. Borowska-Naguszewska', 'R. Brose', 'C. Burger-Scheidlin', 'P. G. Edwards', 'Q. Feng', 'M. D. Filipovic', 'T. Laskar', 'S. Lazarevic', 'J. Mackey', 'A. Nucara', 'K. Rose', 'S. Ryder', 'F. Schüssler', 'A. Simongini', 'Z. J. Smeaton', 'I. Sushch', 'S. Zhu']",astro-ph.HE
Unraveling Chemical Enrichment in Extreme Emission-Line Galaxies: A Multi-Element Bayesian View of Bursty Star Formation and Galaxy Evolution in DESI,"Extreme emission-line galaxies (EELGs) probe chemical enrichment in low-mass, bursty systems where star formation, feedback, and gas accretion are poorly constrained. Using DESI DR1, we select 23 nearby EELGs with detections of 19 ionic species (S/N $\geq$ 4), stellar masses $ M_* \geq 10^7 M_{\odot}$, and extreme H$α$ and [O III] 5007 equivalent widths (EW $\geq$ 500 Angstrom). We infer non-parametric star-formation histories and fit a Bayesian single-zone chemical-evolution model to O, N, Ne, S, and Ar, allowing time-dependent star-formation efficiency, outflow mass loading, and evolving inflow metallicity. We find short depletion timescales and large mass-loading factors, indicating rapid gas cycling in a burst-driven, non-equilibrium regime, with depletion times below Kennicutt-Schmidt expectations. Star-formation efficiency and outflows are well constrained, while inflow metallicity is weaker due to degeneracies with metal production. Abundance ratios isolate physical drivers: star-formation efficiency sets evolutionary tracks, outflows regulate metal retention and X/O normalization, and inflow metallicity sets baseline enrichment. N/O strongly constrains burst timing and gas flows, Ne/O remains nearly invariant, and S/O and Ar/O show intermediate sensitivity. These results demonstrate that multi-element abundances provide a direct probe of baryon-cycle processes in extreme low-mass starbursts.","['astro-ph.GA', 'astro-ph.CO', 'astro-ph.SR', 'hep-ph']",http://arxiv.org/abs/2604.20060v1,https://arxiv.org/pdf/2604.20060v1,21/04/2026-23:42:10,"['Razieh Emami', 'James A. A. Trussler', 'Tiger Yu-Yang Hsiao', 'Kaley Brauer', 'Lars Hernquist', 'Randall Smith', 'Douglas Finkbeiner', 'Fengwu Sun', 'Rebecca Davies', 'James F. Steiner', 'Mark Vogelsberger', 'Tobias Looser', 'Grant Tremblay', 'Letizia Bugiani']",astro-ph.GA
Annealed Langevin Monte Carlo for Flow ODE Sampling,"We propose Annealed Langevin Monte Carlo for Flow ODE Sampling (ALMC-ODE), a method for generating samples from unnormalized target distributions, with a particular emphasis on multimodal densities that are challenging for standard Markov chain Monte Carlo methods. ALMC-ODE is based on a probability-flow ordinary differential equation (ODE) derived from stochastic interpolants, which continuously transports a standard Gaussian reference distribution at $t = 0$ to the target distribution $ρ$ at $t = 1$. The key innovation lies in an annealed Langevin Markov chain that evolves through a sequence of intermediate distributions bridging the reference and the target. The resulting importance-weighted particles, reweighted via a Jarzynski-based scheme, yield a low-variance estimator of the velocity field governing the ODE. On the theoretical side, we establish a Jarzynski-type reweighting identity for general time-inhomogeneous transition kernels, characterize the optimal backward kernel that minimizes the variance of the importance weights, and prove an $\mathcal{O}(1/n)$ mean squared error bound for the resulting velocity-field estimator. Numerical experiments on challenging benchmarks, including Gaussian mixture models and a 64-dimensional Allen--Cahn field system, demonstrate that ALMC-ODE significantly outperforms both direct Monte Carlo ODE approaches and Hamiltonian Monte Carlo when applied to highly multimodal target distributions.",['stat.CO'],http://arxiv.org/abs/2604.20052v1,https://arxiv.org/pdf/2604.20052v1,21/04/2026-23:25:55,['Hanwen Huang'],stat.CO
Normalizing Flows with Iterative Denoising,"Normalizing Flows (NFs) are a classical family of likelihood-based methods that have received revived attention. Recent efforts such as TARFlow have shown that
  NFs are capable of achieving promising performance on image modeling tasks, making them viable alternatives to other methods such as diffusion models.
  In this work, we further advance the state of Normalizing Flow generative models by introducing iterative TARFlow (iTARFlow). Unlike diffusion models, iTARFlow maintains a fully end-to-end, likelihood-based objective during training. During sampling, it performs autoregressive generation followed by an iterative denoising procedure inspired by diffusion-style methods. Through extensive experiments, we show that iTARFlow achieves competitive performance across ImageNet resolutions of 64, 128, and 256 pixels, demonstrating its potential as a strong generative model and advancing the frontier of Normalizing Flows. In addition, we analyze the characteristic artifacts produced by iTARFlow, offering insights that may shed light on future improvements. Code is available at https://github.com/apple/ml-itarflow.","['cs.CV', 'cs.AI']",http://arxiv.org/abs/2604.20041v1,https://arxiv.org/pdf/2604.20041v1,21/04/2026-22:52:26,"['Tianrong Chen', 'Jiatao Gu', 'David Berthelot', 'Joshua Susskind', 'Shuangfei Zhai']",cs.CV
Wave-Appropriate Reconstruction of Compressible Multiphase and Multicomponent Flows: Fully Conservative and Semi-Conservative Eigenstructures,"Compressible multiphase and multicomponent solvers require accurate interface representation without spurious pressure oscillations. At material interfaces, pressure and velocity are continuous while density and the equation of state exhibit abrupt discontinuities. Standard approaches reconstruct primitive or characteristic variables to capture these properties, but do not clarify the failure mechanisms of conservative reconstruction or fully leverage the wave-decoupling advantages of characteristic decomposition. This work derives the complete eigenstructure of the Allaire five-equation model for two variable sets. In the fully conservative~(FC) formulation, $\mathbf{U} = [α_1ρ_1,\,α_2ρ_2,\,ρu,\,ρv,\,ρE,\,α_1]^T$, eigenvectors contain a thermodynamic jump term~$Ψ$ that enforces $dp=0$ and $du=0$ at material contacts by compensating for compressibility mismatches. In the semi-conservative~(SC) formulation, $\mathbf{V} = [α_1ρ_1,\,α_2ρ_2,\,ρu,\,ρv,\,p,\,α_1]^T$, the volume-fraction eigenvector carries a structural zero in the pressure slot, enforcing equilibrium without thermodynamic correction. Explicit left and right eigenvectors are derived for one- and two-dimensional stiffened-gas flows. Both formulations satisfy Abgrall's equilibrium condition when reconstruction is performed in characteristic space; reconstruction in physical space yields $\mathcal{O}(1)$ pressure and velocity errors at interfaces regardless of the variable set. The eigenvector structure further reveals that the shear wave is decoupled from all thermodynamic and interface fields in both formulations, extending this result from single-species to compressible multiphase flows including gas-liquid configurations. One- and two-dimensional gas-gas and gas-liquid test cases confirm oscillation-free, accurate results.",['physics.flu-dyn'],http://arxiv.org/abs/2604.20036v1,https://arxiv.org/pdf/2604.20036v1,21/04/2026-22:40:31,['Amareshwara Sainadh Chamarthi'],physics.flu-dyn
